<CADRosterView><LoadFor><service>F</service><districtid>M562</districtid><shiftid>1</shiftid><startdatetime>05072024 0630</startdatetime><enddatetime>05082024 0630</enddatetime><date>05072024</date></LoadFor><Table><apparatusid>M562</apparatusid><startdatetime>05072024 0630</startdatetime><enddatetime>05072024 1830</enddatetime><personnelid>DA3951</personnelid><radioid /><vehicleid /></Table><Table><apparatusid>M562</apparatusid><startdatetime>05072024 0630</startdatetime><enddatetime>05072024 1830</enddatetime><personnelid>KL2003</personnelid><radioid /><vehicleid /></Table><Table><apparatusid>M562</apparatusid><startdatetime>05072024 1830</startdatetime><enddatetime>05082024 0630</enddatetime><personnelid>ME2207</personnelid><radioid /><vehicleid /></Table><Table><apparatusid>M562</apparatusid><startdatetime>05072024 1830</startdatetime><enddatetime>05082024 0630</enddatetime><personnelid>TA4873</personnelid><radioid /><vehicleid /></Table></CADRosterView>