<CADRosterView><LoadFor><service>F</service><districtid>E12</districtid><shiftid>1</shiftid><startdatetime>05072024 0800</startdatetime><enddatetime>05082024 0800</enddatetime><date>05072024</date></LoadFor><Table><apparatusid>E12</apparatusid><startdatetime>05072024 0800</startdatetime><enddatetime>05082024 0800</enddatetime><personnelid>CO7709</personnelid><radioid /><vehicleid /></Table><Table><apparatusid>E12</apparatusid><startdatetime>05072024 0800</startdatetime><enddatetime>05082024 0800</enddatetime><personnelid>WO5306</personnelid><radioid /><vehicleid /></Table><Table><apparatusid>E12</apparatusid><startdatetime>05072024 0800</startdatetime><enddatetime>05082024 0800</enddatetime><personnelid>LA1555</personnelid><radioid /><vehicleid /></Table><Table><apparatusid>E12</apparatusid><startdatetime>05072024 0800</startdatetime><enddatetime>05082024 0800</enddatetime><personnelid>RI1639</personnelid><radioid /><vehicleid /></Table></CADRosterView>