<CADRosterView><LoadFor><service>P</service><districtid>SOUT</districtid><shiftid>6</shiftid><startdatetime>05082024 0100</startdatetime><enddatetime>05092024 0700</enddatetime><date>05082024</date></LoadFor><Table><apparatusid>3B80</apparatusid><startdatetime>05082024 0600</startdatetime><enddatetime>05082024 1200</enddatetime><personnelid>A20301</personnelid><radioid /><vehicleid /></Table><Table><apparatusid>3B81</apparatusid><startdatetime>05082024 0600</startdatetime><enddatetime>05082024 1200</enddatetime><personnelid>A24596</personnelid><radioid /><vehicleid /></Table><Table><apparatusid>3B82</apparatusid><startdatetime>05082024 0800</startdatetime><enddatetime>05082024 1400</enddatetime><personnelid>A11423</personnelid><radioid /><vehicleid /></Table><Table><apparatusid>3B84</apparatusid><startdatetime>05082024 0900</startdatetime><enddatetime>05082024 1500</enddatetime><personnelid>A10959</personnelid><radioid /><vehicleid /></Table><Table><apparatusid>3B85</apparatusid><startdatetime>05082024 1300</startdatetime><enddatetime>05082024 1500</enddatetime><personnelid>A08317</personnelid><radioid /><vehicleid /></Table><Table><apparatusid>3B86</apparatusid><startdatetime>05082024 1500</startdatetime><enddatetime>05082024 2100</enddatetime><personnelid>A24816</personnelid><radioid /><vehicleid /></Table><Table><apparatusid>3B87</apparatusid><startdatetime>05082024 1600</startdatetime><enddatetime>05082024 2200</enddatetime><personnelid>A03640</personnelid><radioid /><vehicleid /></Table><Table><apparatusid>3B84</apparatusid><startdatetime>05082024 1500</startdatetime><enddatetime>05092024 0100</enddatetime><personnelid>A10959</personnelid><radioid>6001475</radioid><vehicleid /></Table><Table><apparatusid>3B85</apparatusid><startdatetime>05082024 1500</startdatetime><enddatetime>05092024 0100</enddatetime><personnelid>A08317</personnelid><radioid>6001487</radioid><vehicleid /></Table><Table><apparatusid>3B88</apparatusid><startdatetime>05082024 2000</startdatetime><enddatetime>05082024 2100</enddatetime><personnelid>A10200</personnelid><radioid /><vehicleid /></Table><Table><apparatusid>3B88</apparatusid><startdatetime>05082024 2100</startdatetime><enddatetime>05092024 0400</enddatetime><personnelid>A10200</personnelid><radioid /><vehicleid /></Table><Table><apparatusid>3B88</apparatusid><startdatetime>05082024 2100</startdatetime><enddatetime>05092024 0400</enddatetime><personnelid>A04937</personnelid><radioid>6001425</radioid><vehicleid /></Table><Table><apparatusid>3B88</apparatusid><startdatetime>05082024 0400</startdatetime><enddatetime>05082024 0700</enddatetime><personnelid>A04937</personnelid><radioid>6001425</radioid><vehicleid /></Table><Table><apparatusid>3B89</apparatusid><startdatetime>05082024 2100</startdatetime><enddatetime>05092024 0700</enddatetime><personnelid>A23066</personnelid><radioid /><vehicleid /></Table><Table><apparatusid>3B85</apparatusid><startdatetime>05082024 0100</startdatetime><enddatetime>05082024 0300</enddatetime><personnelid>A08317</personnelid><radioid /><vehicleid /></Table></CADRosterView>