<CADRosterView><LoadFor><service>P</service><districtid>HOMI</districtid><shiftid>5</shiftid><startdatetime>05072024 0700</startdatetime><enddatetime>05072024 1800</enddatetime><date>05072024</date></LoadFor><Table><apparatusid>5H11</apparatusid><startdatetime>05072024 0800</startdatetime><enddatetime>05072024 1800</enddatetime><personnelid>A07692</personnelid><radioid>6001873</radioid><vehicleid /></Table><Table><apparatusid>5H19</apparatusid><startdatetime>05072024 0700</startdatetime><enddatetime>05072024 1500</enddatetime><personnelid>A09466</personnelid><radioid>6000423</radioid><vehicleid /></Table><Table><apparatusid>5H2</apparatusid><startdatetime>05072024 0700</startdatetime><enddatetime>05072024 1500</enddatetime><personnelid>A10098</personnelid><radioid>6000657</radioid><vehicleid /></Table><Table><apparatusid>5H5</apparatusid><startdatetime>05072024 0800</startdatetime><enddatetime>05072024 1800</enddatetime><personnelid>A20724</personnelid><radioid>6000884</radioid><vehicleid /></Table></CADRosterView>