<CADRosterView><LoadFor><service>F</service><districtid>E07</districtid><shiftid>1</shiftid><startdatetime>05082024 0800</startdatetime><enddatetime>05092024 0800</enddatetime><date>05082024</date></LoadFor><Table><apparatusid>E07</apparatusid><startdatetime>05082024 0800</startdatetime><enddatetime>05092024 0800</enddatetime><personnelid>BO1829</personnelid><radioid /><vehicleid /></Table><Table><apparatusid>E07</apparatusid><startdatetime>05082024 0800</startdatetime><enddatetime>05092024 0800</enddatetime><personnelid>BI1404</personnelid><radioid /><vehicleid /></Table><Table><apparatusid>E07</apparatusid><startdatetime>05082024 0800</startdatetime><enddatetime>05092024 0800</enddatetime><personnelid>RH3837</personnelid><radioid /><vehicleid /></Table><Table><apparatusid>E07</apparatusid><startdatetime>05082024 0800</startdatetime><enddatetime>05092024 0800</enddatetime><personnelid>DE2302</personnelid><radioid /><vehicleid /></Table><Table><apparatusid>E07</apparatusid><startdatetime>05082024 0800</startdatetime><enddatetime>05092024 0800</enddatetime><personnelid>JO1365</personnelid><radioid /><vehicleid /></Table></CADRosterView>