<CADRosterView><LoadFor><service>F</service><districtid>E31</districtid><shiftid>1</shiftid><startdatetime>05082024 0800</startdatetime><enddatetime>05092024 0800</enddatetime><date>05082024</date></LoadFor><Table><apparatusid>E31</apparatusid><startdatetime>05082024 0800</startdatetime><enddatetime>05092024 0800</enddatetime><personnelid>WH8588</personnelid><radioid /><vehicleid /></Table><Table><apparatusid>E31</apparatusid><startdatetime>05082024 0800</startdatetime><enddatetime>05092024 0800</enddatetime><personnelid>CA3746</personnelid><radioid /><vehicleid /></Table><Table><apparatusid>E31</apparatusid><startdatetime>05082024 0800</startdatetime><enddatetime>05092024 0800</enddatetime><personnelid>MO4159</personnelid><radioid /><vehicleid /></Table><Table><apparatusid>E31</apparatusid><startdatetime>05082024 0800</startdatetime><enddatetime>05092024 0800</enddatetime><personnelid>PA1981</personnelid><radioid /><vehicleid /></Table></CADRosterView>