<CADRosterView><LoadFor><service>P</service><districtid>RICH</districtid><shiftid>2</shiftid><startdatetime>05072024 0500</startdatetime><enddatetime>05072024 1600</enddatetime><date>05072024</date></LoadFor><Table><apparatusid>3G</apparatusid><startdatetime>05072024 0600</startdatetime><enddatetime>05072024 1600</enddatetime><personnelid>A09483</personnelid><radioid>6000727</radioid><vehicleid>BW044</vehicleid></Table><Table><apparatusid>3G10</apparatusid><startdatetime>05072024 1100</startdatetime><enddatetime>05072024 1500</enddatetime><personnelid>A20775</personnelid><radioid /><vehicleid /></Table><Table><apparatusid>3G102</apparatusid><startdatetime>05072024 0600</startdatetime><enddatetime>05072024 1600</enddatetime><personnelid>A08201</personnelid><radioid>6001321</radioid><vehicleid>B1120</vehicleid></Table><Table><apparatusid>3G115</apparatusid><startdatetime>05072024 0600</startdatetime><enddatetime>05072024 1600</enddatetime><personnelid>A07053</personnelid><radioid>6001810</radioid><vehicleid>E319</vehicleid></Table><Table><apparatusid>3G12A</apparatusid><startdatetime>05072024 0600</startdatetime><enddatetime>05072024 1600</enddatetime><personnelid>A21415</personnelid><radioid>6000221</radioid><vehicleid>BW244</vehicleid></Table><Table><apparatusid>3G12A</apparatusid><startdatetime>05072024 0600</startdatetime><enddatetime>05072024 1600</enddatetime><personnelid>A21112</personnelid><radioid>6000160</radioid><vehicleid>BW244</vehicleid></Table><Table><apparatusid>3G12A</apparatusid><startdatetime>05072024 0600</startdatetime><enddatetime>05072024 1600</enddatetime><personnelid>A21397</personnelid><radioid>6000085</radioid><vehicleid>BW244</vehicleid></Table><Table><apparatusid>3G13A</apparatusid><startdatetime>05072024 0600</startdatetime><enddatetime>05072024 1600</enddatetime><personnelid>A20710</personnelid><radioid>6001325</radioid><vehicleid>BW267</vehicleid></Table><Table><apparatusid>3G13A</apparatusid><startdatetime>05072024 0600</startdatetime><enddatetime>05072024 1600</enddatetime><personnelid>A20708</personnelid><radioid>52513</radioid><vehicleid>BW267</vehicleid></Table><Table><apparatusid>3G14A</apparatusid><startdatetime>05072024 0600</startdatetime><enddatetime>05072024 1600</enddatetime><personnelid>A20691</personnelid><radioid /><vehicleid /></Table><Table><apparatusid>3G14A</apparatusid><startdatetime>05072024 0600</startdatetime><enddatetime>05072024 1600</enddatetime><personnelid>A06692</personnelid><radioid /><vehicleid /></Table><Table><apparatusid>3G1A</apparatusid><startdatetime>05072024 0600</startdatetime><enddatetime>05072024 1600</enddatetime><personnelid>A10332</personnelid><radioid>6001138</radioid><vehicleid>BW151</vehicleid></Table><Table><apparatusid>3G201</apparatusid><startdatetime>05072024 0500</startdatetime><enddatetime>05072024 1500</enddatetime><personnelid>A08074</personnelid><radioid /><vehicleid>BW138</vehicleid></Table><Table><apparatusid>3G21</apparatusid><startdatetime>05072024 0600</startdatetime><enddatetime>05072024 1600</enddatetime><personnelid>A06932</personnelid><radioid>6001301</radioid><vehicleid /></Table><Table><apparatusid>3G23</apparatusid><startdatetime>05072024 0600</startdatetime><enddatetime>05072024 1600</enddatetime><personnelid>A10610</personnelid><radioid>6001309</radioid><vehicleid>C308</vehicleid></Table><Table><apparatusid>3G5A</apparatusid><startdatetime>05072024 0600</startdatetime><enddatetime>05072024 1600</enddatetime><personnelid>A09739</personnelid><radioid>6001256</radioid><vehicleid>BW227</vehicleid></Table><Table><apparatusid>3G68</apparatusid><startdatetime>05072024 0500</startdatetime><enddatetime>05072024 1500</enddatetime><personnelid>A22417</personnelid><radioid>6000978</radioid><vehicleid>K108</vehicleid></Table><Table><apparatusid>3G68</apparatusid><startdatetime>05072024 0500</startdatetime><enddatetime>05072024 1500</enddatetime><personnelid>A22388</personnelid><radioid>6001639</radioid><vehicleid>K108</vehicleid></Table><Table><apparatusid>3GSD</apparatusid><startdatetime>05072024 0600</startdatetime><enddatetime>05072024 1600</enddatetime><personnelid>A10950</personnelid><radioid /><vehicleid /></Table></CADRosterView>