<CADRosterView><LoadFor><service>P</service><districtid>CENT</districtid><shiftid>5</shiftid><startdatetime>05072024 0700</startdatetime><enddatetime>05082024 0630</enddatetime><date>05072024</date></LoadFor><Table><apparatusid>3A14D</apparatusid><startdatetime>05072024 0700</startdatetime><enddatetime>05072024 1700</enddatetime><personnelid>A21115</personnelid><radioid>52395</radioid><vehicleid /></Table><Table><apparatusid>3A14D</apparatusid><startdatetime>05072024 0700</startdatetime><enddatetime>05072024 1700</enddatetime><personnelid>A22423</personnelid><radioid>52044</radioid><vehicleid /></Table><Table><apparatusid>3A250</apparatusid><startdatetime>05072024 1100</startdatetime><enddatetime>05072024 2100</enddatetime><personnelid>A06386</personnelid><radioid>6001176</radioid><vehicleid /></Table><Table><apparatusid>3A195</apparatusid><startdatetime>05072024 1930</startdatetime><enddatetime>05082024 0630</enddatetime><personnelid>A09534</personnelid><radioid /><vehicleid /></Table></CADRosterView>