<CADRosterView><LoadFor><service>F</service><districtid>M593</districtid><shiftid>1</shiftid><startdatetime>05072024 0400</startdatetime><enddatetime>05072024 1600</enddatetime><date>05072024</date></LoadFor><Table><apparatusid>M593</apparatusid><startdatetime>05072024 0400</startdatetime><enddatetime>05072024 1600</enddatetime><personnelid>HE5385</personnelid><radioid /><vehicleid /></Table><Table><apparatusid>M593</apparatusid><startdatetime>05072024 0400</startdatetime><enddatetime>05072024 1600</enddatetime><personnelid>RE3490</personnelid><radioid /><vehicleid /></Table></CADRosterView>