<CADRosterView><LoadFor><service>P</service><districtid>PARK</districtid><shiftid>2</shiftid><startdatetime>05082024 0530</startdatetime><enddatetime>05082024 1600</enddatetime><date>05082024</date></LoadFor><Table><apparatusid>3F104</apparatusid><startdatetime>05082024 0530</startdatetime><enddatetime>05082024 1530</enddatetime><personnelid>A10683</personnelid><radioid>6001275</radioid><vehicleid>B1011</vehicleid></Table><Table><apparatusid>3F107</apparatusid><startdatetime>05082024 0530</startdatetime><enddatetime>05082024 1530</enddatetime><personnelid>A08863</personnelid><radioid>6001129</radioid><vehicleid>B274</vehicleid></Table><Table><apparatusid>3F112</apparatusid><startdatetime>05082024 0530</startdatetime><enddatetime>05082024 1530</enddatetime><personnelid>A20721</personnelid><radioid>6001771</radioid><vehicleid>B1100</vehicleid></Table><Table><apparatusid>3F12A</apparatusid><startdatetime>05082024 0600</startdatetime><enddatetime>05082024 1600</enddatetime><personnelid>A21169</personnelid><radioid>6001118</radioid><vehicleid>B1293</vehicleid></Table><Table><apparatusid>3F14A</apparatusid><startdatetime>05082024 0600</startdatetime><enddatetime>05082024 1600</enddatetime><personnelid>A10735</personnelid><radioid>6000707</radioid><vehicleid>B009</vehicleid></Table><Table><apparatusid>3F14A</apparatusid><startdatetime>05082024 0600</startdatetime><enddatetime>05082024 1600</enddatetime><personnelid>A10620</personnelid><radioid>6001003</radioid><vehicleid>B009</vehicleid></Table><Table><apparatusid>3F201</apparatusid><startdatetime>05082024 0530</startdatetime><enddatetime>05082024 1530</enddatetime><personnelid>A04665</personnelid><radioid>6001527</radioid><vehicleid>BW047</vehicleid></Table><Table><apparatusid>3F300</apparatusid><startdatetime>05082024 0800</startdatetime><enddatetime>05082024 1600</enddatetime><personnelid>A06681</personnelid><radioid>13016</radioid><vehicleid>B1011</vehicleid></Table><Table><apparatusid>3F70</apparatusid><startdatetime>05082024 0600</startdatetime><enddatetime>05082024 1600</enddatetime><personnelid>A01596</personnelid><radioid>6001117</radioid><vehicleid /></Table></CADRosterView>