<CADRosterView><LoadFor><service>P</service><districtid>TARA</districtid><shiftid>3</shiftid><startdatetime>05092024 1500</startdatetime><enddatetime>05102024 0700</enddatetime><date>05092024</date></LoadFor><Table><apparatusid>3I101</apparatusid><startdatetime>05092024 1500</startdatetime><enddatetime>05102024 0100</enddatetime><personnelid>A10965</personnelid><radioid>6002278</radioid><vehicleid>BW161</vehicleid></Table><Table><apparatusid>3I106</apparatusid><startdatetime>05092024 1500</startdatetime><enddatetime>05102024 0100</enddatetime><personnelid>A10106</personnelid><radioid>6001172</radioid><vehicleid>BW136</vehicleid></Table><Table><apparatusid>3I108</apparatusid><startdatetime>05092024 2100</startdatetime><enddatetime>05102024 0700</enddatetime><personnelid>A21690</personnelid><radioid>6002483</radioid><vehicleid>BW161</vehicleid></Table><Table><apparatusid>3I113</apparatusid><startdatetime>05092024 2100</startdatetime><enddatetime>05102024 0700</enddatetime><personnelid>A11068</personnelid><radioid>6138112</radioid><vehicleid>BW134</vehicleid></Table><Table><apparatusid>3I11E</apparatusid><startdatetime>05092024 2100</startdatetime><enddatetime>05102024 0700</enddatetime><personnelid>A22710</personnelid><radioid>6001600</radioid><vehicleid /></Table><Table><apparatusid>3I11E</apparatusid><startdatetime>05092024 2100</startdatetime><enddatetime>05102024 0700</enddatetime><personnelid>A10045</personnelid><radioid>6000341</radioid><vehicleid /></Table><Table><apparatusid>3I13D</apparatusid><startdatetime>05092024 1500</startdatetime><enddatetime>05102024 0100</enddatetime><personnelid>A22072</personnelid><radioid>6002122</radioid><vehicleid>B1268</vehicleid></Table><Table><apparatusid>3I13E</apparatusid><startdatetime>05092024 2100</startdatetime><enddatetime>05102024 0700</enddatetime><personnelid>A22448</personnelid><radioid>6002345</radioid><vehicleid>B022</vehicleid></Table><Table><apparatusid>3I13E</apparatusid><startdatetime>05092024 2100</startdatetime><enddatetime>05102024 0700</enddatetime><personnelid>A10764</personnelid><radioid>6000370</radioid><vehicleid>B022</vehicleid></Table><Table><apparatusid>3I16D</apparatusid><startdatetime>05092024 1500</startdatetime><enddatetime>05102024 0100</enddatetime><personnelid>A25300</personnelid><radioid>6001759</radioid><vehicleid>BW079</vehicleid></Table><Table><apparatusid>3I16D</apparatusid><startdatetime>05092024 1500</startdatetime><enddatetime>05102024 0100</enddatetime><personnelid>A24389</personnelid><radioid>6000472</radioid><vehicleid>BW079</vehicleid></Table><Table><apparatusid>3I16E</apparatusid><startdatetime>05092024 2100</startdatetime><enddatetime>05102024 0700</enddatetime><personnelid>A24582</personnelid><radioid>6001350</radioid><vehicleid>B006</vehicleid></Table><Table><apparatusid>3I2D</apparatusid><startdatetime>05092024 1500</startdatetime><enddatetime>05102024 0100</enddatetime><personnelid>A23044</personnelid><radioid>6002077</radioid><vehicleid /></Table><Table><apparatusid>3I2E</apparatusid><startdatetime>05092024 2100</startdatetime><enddatetime>05102024 0700</enddatetime><personnelid>A23169</personnelid><radioid>6000863</radioid><vehicleid /></Table><Table><apparatusid>3I4E</apparatusid><startdatetime>05092024 2100</startdatetime><enddatetime>05102024 0700</enddatetime><personnelid>A22511</personnelid><radioid>52443</radioid><vehicleid /></Table><Table><apparatusid>3I5E</apparatusid><startdatetime>05092024 2100</startdatetime><enddatetime>05102024 0700</enddatetime><personnelid>A24596</personnelid><radioid>600839</radioid><vehicleid /></Table></CADRosterView>