<CADRosterView><LoadFor><service>P</service><districtid>FOB</districtid><shiftid>5</shiftid><startdatetime>05092024 0700</startdatetime><enddatetime>05092024 1700</enddatetime><date>05092024</date></LoadFor><Table><apparatusid>3X52A</apparatusid><startdatetime>05092024 0700</startdatetime><enddatetime>05092024 1700</enddatetime><personnelid>A22300</personnelid><radioid /><vehicleid /></Table><Table><apparatusid>3X52G</apparatusid><startdatetime>05092024 0700</startdatetime><enddatetime>05092024 1700</enddatetime><personnelid>A24731</personnelid><radioid /><vehicleid /></Table></CADRosterView>