<CADRosterView><LoadFor><service>P</service><districtid>INGL</districtid><shiftid>2</shiftid><startdatetime>05092024 0500</startdatetime><enddatetime>05092024 2200</enddatetime><date>05092024</date></LoadFor><Table><apparatusid>3H</apparatusid><startdatetime>05092024 0600</startdatetime><enddatetime>05092024 1600</enddatetime><personnelid>A20965</personnelid><radioid>6000802</radioid><vehicleid /></Table><Table><apparatusid>3H</apparatusid><startdatetime>05092024 0600</startdatetime><enddatetime>05092024 1600</enddatetime><personnelid>A20955</personnelid><radioid>6000767</radioid><vehicleid /></Table><Table><apparatusid>3H</apparatusid><startdatetime>05092024 0600</startdatetime><enddatetime>05092024 1600</enddatetime><personnelid>A20836</personnelid><radioid>6000860</radioid><vehicleid /></Table><Table><apparatusid>3H</apparatusid><startdatetime>05092024 0600</startdatetime><enddatetime>05092024 1600</enddatetime><personnelid>A21557</personnelid><radioid>6000203</radioid><vehicleid /></Table><Table><apparatusid>3H110</apparatusid><startdatetime>05092024 0530</startdatetime><enddatetime>05092024 1530</enddatetime><personnelid>A09160</personnelid><radioid>6000807</radioid><vehicleid /></Table><Table><apparatusid>3H118</apparatusid><startdatetime>05092024 0530</startdatetime><enddatetime>05092024 1530</enddatetime><personnelid>A09475</personnelid><radioid>52191</radioid><vehicleid>BW158</vehicleid></Table><Table><apparatusid>3H12A</apparatusid><startdatetime>05092024 0800</startdatetime><enddatetime>05092024 1800</enddatetime><personnelid>A10467</personnelid><radioid>6000772</radioid><vehicleid /></Table><Table><apparatusid>3H16A</apparatusid><startdatetime>05092024 0500</startdatetime><enddatetime>05092024 1500</enddatetime><personnelid>A09859</personnelid><radioid>6001095</radioid><vehicleid /></Table><Table><apparatusid>3H16A</apparatusid><startdatetime>05092024 0500</startdatetime><enddatetime>05092024 1500</enddatetime><personnelid>A20952</personnelid><radioid>6000477</radioid><vehicleid /></Table><Table><apparatusid>3H201</apparatusid><startdatetime>05092024 0530</startdatetime><enddatetime>05092024 1530</enddatetime><personnelid>A10755</personnelid><radioid>51484</radioid><vehicleid>BW070</vehicleid></Table><Table><apparatusid>3H21</apparatusid><startdatetime>05092024 0600</startdatetime><enddatetime>05092024 1600</enddatetime><personnelid>A04864</personnelid><radioid>6000869</radioid><vehicleid /></Table><Table><apparatusid>3H25</apparatusid><startdatetime>05092024 0900</startdatetime><enddatetime>05092024 1900</enddatetime><personnelid>A22251</personnelid><radioid>6000782</radioid><vehicleid /></Table><Table><apparatusid>3H26</apparatusid><startdatetime>05092024 1200</startdatetime><enddatetime>05092024 2200</enddatetime><personnelid>A21277</personnelid><radioid>6001965</radioid><vehicleid /></Table><Table><apparatusid>3H26</apparatusid><startdatetime>05092024 1200</startdatetime><enddatetime>05092024 2200</enddatetime><personnelid>A21781</personnelid><radioid>6000297</radioid><vehicleid /></Table><Table><apparatusid>3H300</apparatusid><startdatetime>05092024 0900</startdatetime><enddatetime>05092024 1700</enddatetime><personnelid>A08666</personnelid><radioid>6000307</radioid><vehicleid>C1152</vehicleid></Table></CADRosterView>