<CADRosterView><LoadFor><service>P</service><districtid>PROF</districtid><shiftid>2</shiftid><startdatetime>05082024 0600</startdatetime><enddatetime>05082024 1900</enddatetime><date>05082024</date></LoadFor><Table><apparatusid>1J101</apparatusid><startdatetime>05082024 0600</startdatetime><enddatetime>05082024 1600</enddatetime><personnelid>A10206</personnelid><radioid>6000531</radioid><vehicleid /></Table><Table><apparatusid>1J103</apparatusid><startdatetime>05082024 0600</startdatetime><enddatetime>05082024 1600</enddatetime><personnelid>A10478</personnelid><radioid>6000316</radioid><vehicleid /></Table><Table><apparatusid>1J202</apparatusid><startdatetime>05082024 0900</startdatetime><enddatetime>05082024 1900</enddatetime><personnelid>A08359</personnelid><radioid>52367</radioid><vehicleid /></Table></CADRosterView>