<CADRosterView><LoadFor><service>P</service><districtid>AFOB</districtid><shiftid>3</shiftid><startdatetime>05092024 1200</startdatetime><enddatetime>05102024 0630</enddatetime><date>05092024</date></LoadFor><Table><apparatusid>6T97</apparatusid><startdatetime>05092024 1200</startdatetime><enddatetime>05092024 2200</enddatetime><personnelid>A04680</personnelid><radioid>6138353</radioid><vehicleid /></Table><Table><apparatusid>6B103</apparatusid><startdatetime>05092024 2030</startdatetime><enddatetime>05102024 0630</enddatetime><personnelid>A08664</personnelid><radioid>6138187</radioid><vehicleid /></Table><Table><apparatusid>6B110</apparatusid><startdatetime>05092024 1430</startdatetime><enddatetime>05102024 0030</enddatetime><personnelid>A05000</personnelid><radioid>6138183</radioid><vehicleid /></Table><Table><apparatusid>6B112</apparatusid><startdatetime>05092024 1430</startdatetime><enddatetime>05102024 0030</enddatetime><personnelid>A09723</personnelid><radioid>6138361</radioid><vehicleid /></Table><Table><apparatusid>6B117</apparatusid><startdatetime>05092024 2030</startdatetime><enddatetime>05102024 0630</enddatetime><personnelid>A00908</personnelid><radioid>6138227</radioid><vehicleid /></Table><Table><apparatusid>6B204</apparatusid><startdatetime>05092024 1430</startdatetime><enddatetime>05102024 0030</enddatetime><personnelid>A06148</personnelid><radioid>6000267</radioid><vehicleid /></Table><Table><apparatusid>6T72</apparatusid><startdatetime>05092024 1500</startdatetime><enddatetime>05102024 0100</enddatetime><personnelid>A05070</personnelid><radioid>6138369</radioid><vehicleid /></Table><Table><apparatusid>6T93</apparatusid><startdatetime>05092024 1500</startdatetime><enddatetime>05102024 0100</enddatetime><personnelid>A05365</personnelid><radioid>6138327</radioid><vehicleid /></Table><Table><apparatusid>6T94</apparatusid><startdatetime>05092024 1500</startdatetime><enddatetime>05102024 0100</enddatetime><personnelid>A05857</personnelid><radioid /><vehicleid /></Table></CADRosterView>