<CADRosterView><LoadFor><service>P</service><districtid>ACAD</districtid><shiftid>2</shiftid><startdatetime>05092024 0500</startdatetime><enddatetime>05092024 1900</enddatetime><date>05092024</date></LoadFor><Table><apparatusid>2T1</apparatusid><startdatetime>05092024 0500</startdatetime><enddatetime>05092024 1500</enddatetime><personnelid>A21422</personnelid><radioid>6000165</radioid><vehicleid /></Table><Table><apparatusid>2T100</apparatusid><startdatetime>05092024 0500</startdatetime><enddatetime>05092024 1500</enddatetime><personnelid>A06017</personnelid><radioid>6000570</radioid><vehicleid>C292</vehicleid></Table><Table><apparatusid>2T101</apparatusid><startdatetime>05092024 0600</startdatetime><enddatetime>05092024 1600</enddatetime><personnelid>A07422</personnelid><radioid>6001154</radioid><vehicleid>C292</vehicleid></Table><Table><apparatusid>2T107</apparatusid><startdatetime>05092024 0600</startdatetime><enddatetime>05092024 1600</enddatetime><personnelid>A10881</personnelid><radioid>51911</radioid><vehicleid>V541</vehicleid></Table><Table><apparatusid>2T109</apparatusid><startdatetime>05092024 0500</startdatetime><enddatetime>05092024 1500</enddatetime><personnelid>A04664</personnelid><radioid>6000273</radioid><vehicleid>C292</vehicleid></Table><Table><apparatusid>2T11</apparatusid><startdatetime>05092024 0700</startdatetime><enddatetime>05092024 1700</enddatetime><personnelid>A23042</personnelid><radioid>6002085</radioid><vehicleid /></Table><Table><apparatusid>2T111</apparatusid><startdatetime>05092024 0600</startdatetime><enddatetime>05092024 1400</enddatetime><personnelid>A08066</personnelid><radioid>6001887</radioid><vehicleid /></Table><Table><apparatusid>2T118</apparatusid><startdatetime>05092024 0700</startdatetime><enddatetime>05092024 1700</enddatetime><personnelid>A20086</personnelid><radioid>6002444</radioid><vehicleid /></Table><Table><apparatusid>2T12</apparatusid><startdatetime>05092024 0700</startdatetime><enddatetime>05092024 1700</enddatetime><personnelid>A21276</personnelid><radioid>6001428</radioid><vehicleid /></Table><Table><apparatusid>2T15</apparatusid><startdatetime>05092024 0500</startdatetime><enddatetime>05092024 1500</enddatetime><personnelid>A09979</personnelid><radioid>6000327</radioid><vehicleid /></Table><Table><apparatusid>2T2</apparatusid><startdatetime>05092024 0600</startdatetime><enddatetime>05092024 1600</enddatetime><personnelid>A20837</personnelid><radioid>6000211</radioid><vehicleid /></Table><Table><apparatusid>2T201</apparatusid><startdatetime>05092024 0530</startdatetime><enddatetime>05092024 1530</enddatetime><personnelid>A07633</personnelid><radioid>6001150</radioid><vehicleid>C050</vehicleid></Table><Table><apparatusid>2T204</apparatusid><startdatetime>05092024 0600</startdatetime><enddatetime>05092024 1600</enddatetime><personnelid>A05452</personnelid><radioid>6000240</radioid><vehicleid>C292</vehicleid></Table><Table><apparatusid>2T23</apparatusid><startdatetime>05092024 0600</startdatetime><enddatetime>05092024 1600</enddatetime><personnelid>A04911</personnelid><radioid>6001738</radioid><vehicleid /></Table><Table><apparatusid>2T29</apparatusid><startdatetime>05092024 0600</startdatetime><enddatetime>05092024 1600</enddatetime><personnelid>A10369</personnelid><radioid>6002504</radioid><vehicleid /></Table><Table><apparatusid>2T40</apparatusid><startdatetime>05092024 0700</startdatetime><enddatetime>05092024 1700</enddatetime><personnelid>A09972</personnelid><radioid>6001670</radioid><vehicleid /></Table><Table><apparatusid>2T50</apparatusid><startdatetime>05092024 0600</startdatetime><enddatetime>05092024 1600</enddatetime><personnelid>A20312</personnelid><radioid>6001755</radioid><vehicleid /></Table><Table><apparatusid>2T51</apparatusid><startdatetime>05092024 0500</startdatetime><enddatetime>05092024 1500</enddatetime><personnelid>A21108</personnelid><radioid>6000836</radioid><vehicleid /></Table><Table><apparatusid>2T52</apparatusid><startdatetime>05092024 0500</startdatetime><enddatetime>05092024 1500</enddatetime><personnelid>A08847</personnelid><radioid>6001747</radioid><vehicleid /></Table><Table><apparatusid>2T53</apparatusid><startdatetime>05092024 0900</startdatetime><enddatetime>05092024 1900</enddatetime><personnelid>A08209</personnelid><radioid>6001746</radioid><vehicleid /></Table><Table><apparatusid>2T54</apparatusid><startdatetime>05092024 0500</startdatetime><enddatetime>05092024 1500</enddatetime><personnelid>A20841</personnelid><radioid>6000577</radioid><vehicleid /></Table><Table><apparatusid>2T56</apparatusid><startdatetime>05092024 0900</startdatetime><enddatetime>05092024 1900</enddatetime><personnelid>A09624</personnelid><radioid>6001850</radioid><vehicleid /></Table></CADRosterView>