<CADRosterView><LoadFor><service>F</service><districtid>E21</districtid><shiftid>1</shiftid><startdatetime>05082024 0800</startdatetime><enddatetime>05092024 0800</enddatetime><date>05082024</date></LoadFor><Table><apparatusid>E21</apparatusid><startdatetime>05082024 0800</startdatetime><enddatetime>05092024 0800</enddatetime><personnelid>BE3109</personnelid><radioid /><vehicleid /></Table><Table><apparatusid>E21</apparatusid><startdatetime>05082024 0800</startdatetime><enddatetime>05092024 0800</enddatetime><personnelid>PR1413</personnelid><radioid /><vehicleid /></Table><Table><apparatusid>E21</apparatusid><startdatetime>05082024 0800</startdatetime><enddatetime>05092024 0800</enddatetime><personnelid>SA3531</personnelid><radioid /><vehicleid /></Table><Table><apparatusid>E21</apparatusid><startdatetime>05082024 0800</startdatetime><enddatetime>05092024 0800</enddatetime><personnelid>CA1684</personnelid><radioid /><vehicleid /></Table><Table><apparatusid>E21</apparatusid><startdatetime>05082024 0800</startdatetime><enddatetime>05092024 0800</enddatetime><personnelid>MU2715</personnelid><radioid /><vehicleid /></Table></CADRosterView>