<CADRosterView><LoadFor><service>F</service><districtid>T48</districtid><shiftid>1</shiftid><startdatetime>05072024 0800</startdatetime><enddatetime>05082024 0800</enddatetime><date>05072024</date></LoadFor><Table><apparatusid>T48</apparatusid><startdatetime>05072024 0800</startdatetime><enddatetime>05082024 0800</enddatetime><personnelid>BA1054</personnelid><radioid /><vehicleid /></Table><Table><apparatusid>T48</apparatusid><startdatetime>05072024 0800</startdatetime><enddatetime>05082024 0800</enddatetime><personnelid>CA6282</personnelid><radioid /><vehicleid /></Table><Table><apparatusid>T48</apparatusid><startdatetime>05072024 0800</startdatetime><enddatetime>05082024 0800</enddatetime><personnelid>NU2694</personnelid><radioid /><vehicleid /></Table></CADRosterView>