<CADRosterView><LoadFor><service>P</service><districtid>AFOB</districtid><shiftid>2</shiftid><startdatetime>05072024 0600</startdatetime><enddatetime>05072024 1900</enddatetime><date>05072024</date></LoadFor><Table><apparatusid>6T108</apparatusid><startdatetime>05072024 0900</startdatetime><enddatetime>05072024 1900</enddatetime><personnelid>A06060</personnelid><radioid>6138328</radioid><vehicleid /></Table><Table><apparatusid>6T90</apparatusid><startdatetime>05072024 0600</startdatetime><enddatetime>05072024 1600</enddatetime><personnelid>A06629</personnelid><radioid>6138383</radioid><vehicleid /></Table><Table><apparatusid>6T92</apparatusid><startdatetime>05072024 0600</startdatetime><enddatetime>05072024 1600</enddatetime><personnelid>A06697</personnelid><radioid>1167</radioid><vehicleid /></Table></CADRosterView>