<CADRosterView><LoadFor><service>P</service><districtid>CENT</districtid><shiftid>1</shiftid><startdatetime>05072024 1400</startdatetime><enddatetime>05082024 2200</enddatetime><date>05082024</date></LoadFor><Table><apparatusid>3A138</apparatusid><startdatetime>05082024 1200</startdatetime><enddatetime>05082024 2200</enddatetime><personnelid>A10874</personnelid><radioid>53027</radioid><vehicleid /></Table><Table><apparatusid>3A36</apparatusid><startdatetime>05072024 1400</startdatetime><enddatetime>05082024 0000</enddatetime><personnelid>A05863</personnelid><radioid>13315</radioid><vehicleid /></Table><Table><apparatusid>3A37</apparatusid><startdatetime>05072024 1400</startdatetime><enddatetime>05082024 0000</enddatetime><personnelid>A11157</personnelid><radioid>51822</radioid><vehicleid /></Table><Table><apparatusid>3A39</apparatusid><startdatetime>05072024 1400</startdatetime><enddatetime>05082024 0000</enddatetime><personnelid>A21813</personnelid><radioid>51887</radioid><vehicleid /></Table></CADRosterView>