<CADRosterView><LoadFor><service>F</service><districtid>M558</districtid><shiftid>1</shiftid><startdatetime>05072024 0630</startdatetime><enddatetime>05072024 1830</enddatetime><date>05072024</date></LoadFor><Table><apparatusid>M558</apparatusid><startdatetime>05072024 0630</startdatetime><enddatetime>05072024 1830</enddatetime><personnelid>LE3544</personnelid><radioid /><vehicleid /></Table><Table><apparatusid>M558</apparatusid><startdatetime>05072024 0630</startdatetime><enddatetime>05072024 1830</enddatetime><personnelid>SO2574</personnelid><radioid /><vehicleid /></Table></CADRosterView>