<CADRosterView><LoadFor><service>F</service><districtid>E09</districtid><shiftid>1</shiftid><startdatetime>05072024 0800</startdatetime><enddatetime>05082024 0800</enddatetime><date>05072024</date></LoadFor><Table><apparatusid>E09</apparatusid><startdatetime>05072024 0800</startdatetime><enddatetime>05082024 0800</enddatetime><personnelid>BU2659</personnelid><radioid /><vehicleid /></Table><Table><apparatusid>E09</apparatusid><startdatetime>05072024 0800</startdatetime><enddatetime>05082024 0800</enddatetime><personnelid>CR4282</personnelid><radioid /><vehicleid /></Table><Table><apparatusid>E09</apparatusid><startdatetime>05072024 0800</startdatetime><enddatetime>05082024 0800</enddatetime><personnelid>KO2554</personnelid><radioid /><vehicleid /></Table><Table><apparatusid>E09</apparatusid><startdatetime>05072024 0800</startdatetime><enddatetime>05082024 0800</enddatetime><personnelid>CA3429</personnelid><radioid /><vehicleid /></Table><Table><apparatusid>E09</apparatusid><startdatetime>05072024 0800</startdatetime><enddatetime>05082024 0800</enddatetime><personnelid>MU1941</personnelid><radioid /><vehicleid /></Table><Table><apparatusid>E09</apparatusid><startdatetime>05072024 0800</startdatetime><enddatetime>05082024 0800</enddatetime><personnelid>UN4531</personnelid><radioid /><vehicleid /></Table></CADRosterView>