<CADRosterView><LoadFor><service>P</service><districtid>MTA</districtid><shiftid>2</shiftid><startdatetime>05092024 0600</startdatetime><enddatetime>05092024 1600</enddatetime><date>05092024</date></LoadFor><Table><apparatusid>4B101</apparatusid><startdatetime>05092024 0600</startdatetime><enddatetime>05092024 1600</enddatetime><personnelid>A04569</personnelid><radioid>6001684</radioid><vehicleid>A386</vehicleid></Table><Table><apparatusid>4B1F</apparatusid><startdatetime>05092024 0600</startdatetime><enddatetime>05092024 1600</enddatetime><personnelid>A20972</personnelid><radioid>6000334</radioid><vehicleid /></Table><Table><apparatusid>4B300</apparatusid><startdatetime>05092024 0800</startdatetime><enddatetime>05092024 1600</enddatetime><personnelid>A07432</personnelid><radioid>6002151</radioid><vehicleid>A366</vehicleid></Table><Table><apparatusid>4C100</apparatusid><startdatetime>05092024 0600</startdatetime><enddatetime>05092024 1600</enddatetime><personnelid>A07041</personnelid><radioid /><vehicleid /></Table></CADRosterView>