<CADRosterView><LoadFor><service>P</service><districtid>HSU</districtid><shiftid>2</shiftid><startdatetime>05072024 0700</startdatetime><enddatetime>05072024 1900</enddatetime><date>05072024</date></LoadFor><Table><apparatusid>4X101</apparatusid><startdatetime>05072024 0900</startdatetime><enddatetime>05072024 1900</enddatetime><personnelid>A10104</personnelid><radioid>6001995</radioid><vehicleid>C1121</vehicleid></Table><Table><apparatusid>4X201</apparatusid><startdatetime>05072024 0700</startdatetime><enddatetime>05072024 1700</enddatetime><personnelid>A09468</personnelid><radioid>6001447</radioid><vehicleid>C1049</vehicleid></Table><Table><apparatusid>4X300</apparatusid><startdatetime>05072024 0800</startdatetime><enddatetime>05072024 1600</enddatetime><personnelid>A05058</personnelid><radioid>6000964</radioid><vehicleid>C1135</vehicleid></Table></CADRosterView>