<CADRosterView><LoadFor><service>P</service><districtid>GENE</districtid><shiftid>2</shiftid><startdatetime>05072024 0600</startdatetime><enddatetime>05072024 2000</enddatetime><date>05072024</date></LoadFor><Table><apparatusid>5G1</apparatusid><startdatetime>05072024 0600</startdatetime><enddatetime>05072024 1600</enddatetime><personnelid>A09293</personnelid><radioid>6000953</radioid><vehicleid /></Table><Table><apparatusid>5G10</apparatusid><startdatetime>05072024 0600</startdatetime><enddatetime>05072024 1600</enddatetime><personnelid>A20977</personnelid><radioid>6001770</radioid><vehicleid /></Table><Table><apparatusid>5G100</apparatusid><startdatetime>05072024 0600</startdatetime><enddatetime>05072024 1600</enddatetime><personnelid>A20083</personnelid><radioid>6001461</radioid><vehicleid /></Table><Table><apparatusid>5G101</apparatusid><startdatetime>05072024 0600</startdatetime><enddatetime>05072024 1600</enddatetime><personnelid>A21089</personnelid><radioid>6001508</radioid><vehicleid /></Table><Table><apparatusid>5G105</apparatusid><startdatetime>05072024 0600</startdatetime><enddatetime>05072024 1600</enddatetime><personnelid>A10105</personnelid><radioid>6000827</radioid><vehicleid /></Table><Table><apparatusid>5G106</apparatusid><startdatetime>05072024 0600</startdatetime><enddatetime>05072024 1600</enddatetime><personnelid>A07641</personnelid><radioid>6000944</radioid><vehicleid /></Table><Table><apparatusid>5G108</apparatusid><startdatetime>05072024 0900</startdatetime><enddatetime>05072024 1900</enddatetime><personnelid>A21386</personnelid><radioid>51856</radioid><vehicleid /></Table><Table><apparatusid>5G109</apparatusid><startdatetime>05072024 0600</startdatetime><enddatetime>05072024 1600</enddatetime><personnelid>A09710</personnelid><radioid>6002460</radioid><vehicleid /></Table><Table><apparatusid>5G111</apparatusid><startdatetime>05072024 0600</startdatetime><enddatetime>05072024 1600</enddatetime><personnelid>A20851</personnelid><radioid>6000967</radioid><vehicleid /></Table><Table><apparatusid>5G112</apparatusid><startdatetime>05072024 0600</startdatetime><enddatetime>05072024 1600</enddatetime><personnelid>A20805</personnelid><radioid>6002447</radioid><vehicleid /></Table><Table><apparatusid>5G116</apparatusid><startdatetime>05072024 0600</startdatetime><enddatetime>05072024 1600</enddatetime><personnelid>A21558</personnelid><radioid>6001158</radioid><vehicleid /></Table><Table><apparatusid>5G117</apparatusid><startdatetime>05072024 1000</startdatetime><enddatetime>05072024 2000</enddatetime><personnelid>A20703</personnelid><radioid>6000929</radioid><vehicleid /></Table><Table><apparatusid>5G118</apparatusid><startdatetime>05072024 0900</startdatetime><enddatetime>05072024 1900</enddatetime><personnelid>A09999</personnelid><radioid>51305</radioid><vehicleid /></Table><Table><apparatusid>5G119</apparatusid><startdatetime>05072024 0600</startdatetime><enddatetime>05072024 1600</enddatetime><personnelid>A11416</personnelid><radioid>6000545</radioid><vehicleid /></Table><Table><apparatusid>5G201</apparatusid><startdatetime>05072024 0600</startdatetime><enddatetime>05072024 1400</enddatetime><personnelid>A09465</personnelid><radioid>52633</radioid><vehicleid /></Table></CADRosterView>