<CADRosterView><LoadFor><service>F</service><districtid>E33</districtid><shiftid>1</shiftid><startdatetime>05082024 0800</startdatetime><enddatetime>05092024 0800</enddatetime><date>05082024</date></LoadFor><Table><apparatusid>E33</apparatusid><startdatetime>05082024 0800</startdatetime><enddatetime>05082024 2000</enddatetime><personnelid>HO7057</personnelid><radioid /><vehicleid /></Table><Table><apparatusid>E33</apparatusid><startdatetime>05082024 0800</startdatetime><enddatetime>05082024 2000</enddatetime><personnelid>SO1453</personnelid><radioid /><vehicleid /></Table><Table><apparatusid>E33</apparatusid><startdatetime>05082024 0800</startdatetime><enddatetime>05082024 2000</enddatetime><personnelid>WI1133</personnelid><radioid /><vehicleid /></Table><Table><apparatusid>E33</apparatusid><startdatetime>05082024 0800</startdatetime><enddatetime>05082024 2000</enddatetime><personnelid>LA2811</personnelid><radioid /><vehicleid /></Table><Table><apparatusid>E33</apparatusid><startdatetime>05082024 0800</startdatetime><enddatetime>05082024 2000</enddatetime><personnelid>ST2750</personnelid><radioid /><vehicleid /></Table><Table><apparatusid>E33</apparatusid><startdatetime>05082024 2000</startdatetime><enddatetime>05092024 0800</enddatetime><personnelid>HU1656</personnelid><radioid /><vehicleid /></Table><Table><apparatusid>E33</apparatusid><startdatetime>05082024 2000</startdatetime><enddatetime>05092024 0800</enddatetime><personnelid>SO1453</personnelid><radioid /><vehicleid /></Table><Table><apparatusid>E33</apparatusid><startdatetime>05082024 2000</startdatetime><enddatetime>05092024 0800</enddatetime><personnelid>WI1133</personnelid><radioid /><vehicleid /></Table><Table><apparatusid>E33</apparatusid><startdatetime>05082024 2000</startdatetime><enddatetime>05092024 0800</enddatetime><personnelid>LA2811</personnelid><radioid /><vehicleid /></Table><Table><apparatusid>E33</apparatusid><startdatetime>05082024 2000</startdatetime><enddatetime>05092024 0800</enddatetime><personnelid>ST2750</personnelid><radioid /><vehicleid /></Table></CADRosterView>