<CADRosterView><LoadFor><service>P</service><districtid>ROBB</districtid><shiftid>2</shiftid><startdatetime>05092024 0400</startdatetime><enddatetime>05092024 2200</enddatetime><date>05092024</date></LoadFor><Table><apparatusid>5J102</apparatusid><startdatetime>05092024 0600</startdatetime><enddatetime>05092024 1600</enddatetime><personnelid>A04661</personnelid><radioid>6000109</radioid><vehicleid /></Table><Table><apparatusid>5J103</apparatusid><startdatetime>05092024 0600</startdatetime><enddatetime>05092024 1600</enddatetime><personnelid>A10109</personnelid><radioid>6002485</radioid><vehicleid /></Table><Table><apparatusid>5J104</apparatusid><startdatetime>05092024 0600</startdatetime><enddatetime>05092024 1600</enddatetime><personnelid>A10368</personnelid><radioid>6000029</radioid><vehicleid /></Table><Table><apparatusid>5J105</apparatusid><startdatetime>05092024 0800</startdatetime><enddatetime>05092024 1800</enddatetime><personnelid>A06586</personnelid><radioid>6000691</radioid><vehicleid /></Table><Table><apparatusid>5J106</apparatusid><startdatetime>05092024 0900</startdatetime><enddatetime>05092024 1900</enddatetime><personnelid>A09708</personnelid><radioid>6000459</radioid><vehicleid /></Table><Table><apparatusid>5J108</apparatusid><startdatetime>05092024 0600</startdatetime><enddatetime>05092024 1600</enddatetime><personnelid>A10956</personnelid><radioid>6000024</radioid><vehicleid /></Table><Table><apparatusid>5J110</apparatusid><startdatetime>05092024 0600</startdatetime><enddatetime>05092024 1600</enddatetime><personnelid>A10329</personnelid><radioid>6002187</radioid><vehicleid /></Table><Table><apparatusid>5J112</apparatusid><startdatetime>05092024 0400</startdatetime><enddatetime>05092024 1400</enddatetime><personnelid>A10870</personnelid><radioid>6000834</radioid><vehicleid /></Table><Table><apparatusid>5J116</apparatusid><startdatetime>05092024 1200</startdatetime><enddatetime>05092024 2200</enddatetime><personnelid>A20726</personnelid><radioid>6001013</radioid><vehicleid /></Table><Table><apparatusid>5J117</apparatusid><startdatetime>05092024 1100</startdatetime><enddatetime>05092024 2100</enddatetime><personnelid>A20692</personnelid><radioid>6000110</radioid><vehicleid /></Table><Table><apparatusid>5J200</apparatusid><startdatetime>05092024 0800</startdatetime><enddatetime>05092024 1600</enddatetime><personnelid>A04933</personnelid><radioid>6002176</radioid><vehicleid /></Table><Table><apparatusid>5J52</apparatusid><startdatetime>05092024 0800</startdatetime><enddatetime>05092024 1800</enddatetime><personnelid>A20697</personnelid><radioid>6000935</radioid><vehicleid>C556</vehicleid></Table></CADRosterView>