<CADRosterView><LoadFor><service>F</service><districtid>D2</districtid><shiftid>1</shiftid><startdatetime>05082024 0800</startdatetime><enddatetime>05092024 0800</enddatetime><date>05082024</date></LoadFor><Table><apparatusid>D2</apparatusid><startdatetime>05082024 0800</startdatetime><enddatetime>05092024 0800</enddatetime><personnelid>ST0429</personnelid><radioid /><vehicleid /></Table><Table><apparatusid>D2</apparatusid><startdatetime>05082024 0800</startdatetime><enddatetime>05092024 0800</enddatetime><personnelid>SA4105</personnelid><radioid /><vehicleid /></Table></CADRosterView>