<CADRosterView><LoadFor><service>P</service><districtid>SOUT</districtid><shiftid>6</shiftid><startdatetime>05092024 1500</startdatetime><enddatetime>05102024 0700</enddatetime><date>05092024</date></LoadFor><Table><apparatusid>3B85</apparatusid><startdatetime>05092024 1500</startdatetime><enddatetime>05102024 0100</enddatetime><personnelid>A08317</personnelid><radioid>6001487</radioid><vehicleid /></Table><Table><apparatusid>3B88</apparatusid><startdatetime>05092024 2100</startdatetime><enddatetime>05102024 0700</enddatetime><personnelid>A04937</personnelid><radioid>6001425</radioid><vehicleid /></Table></CADRosterView>