<CADRosterView><LoadFor><service>F</service><districtid>T13</districtid><shiftid>1</shiftid><startdatetime>05072024 0800</startdatetime><enddatetime>05082024 0800</enddatetime><date>05072024</date></LoadFor><Table><apparatusid>T13</apparatusid><startdatetime>05072024 0800</startdatetime><enddatetime>05082024 0800</enddatetime><personnelid>MC1398</personnelid><radioid /><vehicleid /></Table><Table><apparatusid>T13</apparatusid><startdatetime>05072024 0800</startdatetime><enddatetime>05082024 0800</enddatetime><personnelid>AR3396</personnelid><radioid /><vehicleid /></Table><Table><apparatusid>T13</apparatusid><startdatetime>05072024 0800</startdatetime><enddatetime>05082024 0800</enddatetime><personnelid>DU2026</personnelid><radioid /><vehicleid /></Table><Table><apparatusid>T13</apparatusid><startdatetime>05072024 0800</startdatetime><enddatetime>05082024 0800</enddatetime><personnelid>RE1607</personnelid><radioid /><vehicleid /></Table><Table><apparatusid>T13</apparatusid><startdatetime>05072024 0800</startdatetime><enddatetime>05082024 0800</enddatetime><personnelid>NG2127</personnelid><radioid /><vehicleid /></Table></CADRosterView>