<CADRosterView><LoadFor><service>P</service><districtid>NORT</districtid><shiftid>2</shiftid><startdatetime>05072024 0400</startdatetime><enddatetime>05072024 2100</enddatetime><date>05072024</date></LoadFor><Table><apparatusid>3E00B</apparatusid><startdatetime>05072024 0700</startdatetime><enddatetime>05072024 1500</enddatetime><personnelid>A23968</personnelid><radioid /><vehicleid /></Table><Table><apparatusid>3E101</apparatusid><startdatetime>05072024 0600</startdatetime><enddatetime>05072024 1600</enddatetime><personnelid>A04643</personnelid><radioid>6000933</radioid><vehicleid>BW117</vehicleid></Table><Table><apparatusid>3E107</apparatusid><startdatetime>05072024 0600</startdatetime><enddatetime>05072024 1600</enddatetime><personnelid>A05053</personnelid><radioid>6001000</radioid><vehicleid /></Table><Table><apparatusid>3E119</apparatusid><startdatetime>05072024 0530</startdatetime><enddatetime>05072024 1530</enddatetime><personnelid>A07848</personnelid><radioid /><vehicleid /></Table><Table><apparatusid>3E11A</apparatusid><startdatetime>05072024 0600</startdatetime><enddatetime>05072024 1600</enddatetime><personnelid>A09150</personnelid><radioid>6000923</radioid><vehicleid>B1281</vehicleid></Table><Table><apparatusid>3E11A</apparatusid><startdatetime>05072024 0600</startdatetime><enddatetime>05072024 1600</enddatetime><personnelid>A10751</personnelid><radioid>52190</radioid><vehicleid>B1281</vehicleid></Table><Table><apparatusid>3E120</apparatusid><startdatetime>05072024 0600</startdatetime><enddatetime>05072024 1600</enddatetime><personnelid>A10348</personnelid><radioid>6000975</radioid><vehicleid /></Table><Table><apparatusid>3E12A</apparatusid><startdatetime>05072024 0600</startdatetime><enddatetime>05072024 1600</enddatetime><personnelid>A20966</personnelid><radioid>6001503</radioid><vehicleid /></Table><Table><apparatusid>3E12A</apparatusid><startdatetime>05072024 0600</startdatetime><enddatetime>05072024 1600</enddatetime><personnelid>A10619</personnelid><radioid /><vehicleid /></Table><Table><apparatusid>3E13A</apparatusid><startdatetime>05072024 0600</startdatetime><enddatetime>05072024 1600</enddatetime><personnelid>A20996</personnelid><radioid>6000546</radioid><vehicleid /></Table><Table><apparatusid>3E13A</apparatusid><startdatetime>05072024 0600</startdatetime><enddatetime>05072024 1600</enddatetime><personnelid>A09619</personnelid><radioid>6000958</radioid><vehicleid /></Table><Table><apparatusid>3E14A</apparatusid><startdatetime>05072024 0600</startdatetime><enddatetime>05072024 1600</enddatetime><personnelid>A09452</personnelid><radioid>6000907</radioid><vehicleid /></Table><Table><apparatusid>3E14A</apparatusid><startdatetime>05072024 0600</startdatetime><enddatetime>05072024 1600</enddatetime><personnelid>A20698</personnelid><radioid>6002459</radioid><vehicleid /></Table><Table><apparatusid>3E15A</apparatusid><startdatetime>05072024 0600</startdatetime><enddatetime>05072024 1600</enddatetime><personnelid>A20719</personnelid><radioid>6000569</radioid><vehicleid /></Table><Table><apparatusid>3E15A</apparatusid><startdatetime>05072024 0600</startdatetime><enddatetime>05072024 1600</enddatetime><personnelid>A20877</personnelid><radioid>6000339</radioid><vehicleid /></Table><Table><apparatusid>3E16A</apparatusid><startdatetime>05072024 0400</startdatetime><enddatetime>05072024 1400</enddatetime><personnelid>A09292</personnelid><radioid>6001160</radioid><vehicleid /></Table><Table><apparatusid>3E16A</apparatusid><startdatetime>05072024 0400</startdatetime><enddatetime>05072024 1400</enddatetime><personnelid>A20687</personnelid><radioid>6000295</radioid><vehicleid /></Table><Table><apparatusid>3E16C</apparatusid><startdatetime>05072024 1000</startdatetime><enddatetime>05072024 1100</enddatetime><personnelid>A10750</personnelid><radioid>6002493</radioid><vehicleid /></Table><Table><apparatusid>3E16C</apparatusid><startdatetime>05072024 1100</startdatetime><enddatetime>05072024 2000</enddatetime><personnelid>A10750</personnelid><radioid>6002493</radioid><vehicleid /></Table><Table><apparatusid>3E16C</apparatusid><startdatetime>05072024 1100</startdatetime><enddatetime>05072024 2000</enddatetime><personnelid>A21150</personnelid><radioid>6002443</radioid><vehicleid /></Table><Table><apparatusid>3E16C</apparatusid><startdatetime>05072024 2000</startdatetime><enddatetime>05072024 2100</enddatetime><personnelid>A21150</personnelid><radioid>6002443</radioid><vehicleid /></Table><Table><apparatusid>3E202</apparatusid><startdatetime>05072024 0530</startdatetime><enddatetime>05072024 1530</enddatetime><personnelid>A05444</personnelid><radioid /><vehicleid /></Table><Table><apparatusid>3E21</apparatusid><startdatetime>05072024 0700</startdatetime><enddatetime>05072024 1700</enddatetime><personnelid>A21418</personnelid><radioid>6000914</radioid><vehicleid /></Table><Table><apparatusid>3E22</apparatusid><startdatetime>05072024 0700</startdatetime><enddatetime>05072024 1700</enddatetime><personnelid>A04994</personnelid><radioid>6001028</radioid><vehicleid /></Table><Table><apparatusid>3E23</apparatusid><startdatetime>05072024 0600</startdatetime><enddatetime>05072024 1600</enddatetime><personnelid>A21560</personnelid><radioid>6000931</radioid><vehicleid /></Table><Table><apparatusid>3E25</apparatusid><startdatetime>05072024 0600</startdatetime><enddatetime>05072024 1600</enddatetime><personnelid>A21441</personnelid><radioid>6001979</radioid><vehicleid>C008</vehicleid></Table><Table><apparatusid>3E300</apparatusid><startdatetime>05072024 0800</startdatetime><enddatetime>05072024 1600</enddatetime><personnelid>A04962</personnelid><radioid>6000715</radioid><vehicleid>B034</vehicleid></Table><Table><apparatusid>3E50B</apparatusid><startdatetime>05072024 0700</startdatetime><enddatetime>05072024 1700</enddatetime><personnelid>A08825</personnelid><radioid>6001790</radioid><vehicleid /></Table></CADRosterView>