<CADRosterView><LoadFor><service>F</service><districtid>T04</districtid><shiftid>1</shiftid><startdatetime>05072024 0800</startdatetime><enddatetime>05082024 0800</enddatetime><date>05072024</date></LoadFor><Table><apparatusid>T04</apparatusid><startdatetime>05072024 0800</startdatetime><enddatetime>05082024 0800</enddatetime><personnelid>MU3162</personnelid><radioid /><vehicleid /></Table><Table><apparatusid>T04</apparatusid><startdatetime>05072024 0800</startdatetime><enddatetime>05082024 0800</enddatetime><personnelid>SU1574</personnelid><radioid /><vehicleid /></Table><Table><apparatusid>T04</apparatusid><startdatetime>05072024 0800</startdatetime><enddatetime>05082024 0800</enddatetime><personnelid>CR1831</personnelid><radioid /><vehicleid /></Table><Table><apparatusid>T04</apparatusid><startdatetime>05072024 0800</startdatetime><enddatetime>05082024 0800</enddatetime><personnelid>TH1808</personnelid><radioid /><vehicleid /></Table></CADRosterView>