<CADRosterView><LoadFor><service>P</service><districtid>POTR</districtid><shiftid>2</shiftid><startdatetime>05092024 0500</startdatetime><enddatetime>05092024 2100</enddatetime><date>05092024</date></LoadFor><Table><apparatusid>3C00B</apparatusid><startdatetime>05092024 0530</startdatetime><enddatetime>05092024 1530</enddatetime><personnelid>A24425</personnelid><radioid /><vehicleid /></Table><Table><apparatusid>3C102</apparatusid><startdatetime>05092024 0530</startdatetime><enddatetime>05092024 1530</enddatetime><personnelid>A06675</personnelid><radioid>51334</radioid><vehicleid>BW087</vehicleid></Table><Table><apparatusid>3C116</apparatusid><startdatetime>05092024 0530</startdatetime><enddatetime>05092024 1530</enddatetime><personnelid>A06163</personnelid><radioid>6001248</radioid><vehicleid>BW137</vehicleid></Table><Table><apparatusid>3C11A</apparatusid><startdatetime>05092024 0600</startdatetime><enddatetime>05092024 1600</enddatetime><personnelid>A22882</personnelid><radioid>6002066</radioid><vehicleid>B1159</vehicleid></Table><Table><apparatusid>3C11A</apparatusid><startdatetime>05092024 0600</startdatetime><enddatetime>05092024 1600</enddatetime><personnelid>A11177</personnelid><radioid>6002504</radioid><vehicleid>B1159</vehicleid></Table><Table><apparatusid>3C12A</apparatusid><startdatetime>05092024 0600</startdatetime><enddatetime>05092024 1600</enddatetime><personnelid>A24905</personnelid><radioid>6002547</radioid><vehicleid /></Table><Table><apparatusid>3C12A</apparatusid><startdatetime>05092024 0600</startdatetime><enddatetime>05092024 1600</enddatetime><personnelid>A22877</personnelid><radioid>6002333</radioid><vehicleid /></Table><Table><apparatusid>3C13A</apparatusid><startdatetime>05092024 0600</startdatetime><enddatetime>05092024 1600</enddatetime><personnelid>A24234</personnelid><radioid>6000733</radioid><vehicleid /></Table><Table><apparatusid>3C13A</apparatusid><startdatetime>05092024 0600</startdatetime><enddatetime>05092024 1600</enddatetime><personnelid>A24313</personnelid><radioid>6002282</radioid><vehicleid /></Table><Table><apparatusid>3C13C</apparatusid><startdatetime>05092024 1100</startdatetime><enddatetime>05092024 2100</enddatetime><personnelid>A21268</personnelid><radioid>6001140</radioid><vehicleid /></Table><Table><apparatusid>3C204</apparatusid><startdatetime>05092024 0530</startdatetime><enddatetime>05092024 1530</enddatetime><personnelid>A06677</personnelid><radioid>6001872</radioid><vehicleid>B1251</vehicleid></Table><Table><apparatusid>3C23</apparatusid><startdatetime>05092024 0600</startdatetime><enddatetime>05092024 1600</enddatetime><personnelid>A06698</personnelid><radioid>6001215</radioid><vehicleid>BW252</vehicleid></Table><Table><apparatusid>3C24</apparatusid><startdatetime>05092024 0500</startdatetime><enddatetime>05092024 1500</enddatetime><personnelid>A08059</personnelid><radioid>6001237</radioid><vehicleid>C149</vehicleid></Table><Table><apparatusid>3C25</apparatusid><startdatetime>05092024 0600</startdatetime><enddatetime>05092024 1600</enddatetime><personnelid>A08301</personnelid><radioid>52348</radioid><vehicleid /></Table><Table><apparatusid>3C300</apparatusid><startdatetime>05092024 0900</startdatetime><enddatetime>05092024 1700</enddatetime><personnelid>A06385</personnelid><radioid>6001418</radioid><vehicleid /></Table><Table><apparatusid>3C44C</apparatusid><startdatetime>05092024 0800</startdatetime><enddatetime>05092024 1800</enddatetime><personnelid>A23075</personnelid><radioid>6002104</radioid><vehicleid /></Table><Table><apparatusid>3C4A</apparatusid><startdatetime>05092024 0600</startdatetime><enddatetime>05092024 1600</enddatetime><personnelid>A24817</personnelid><radioid /><vehicleid /></Table><Table><apparatusid>3C67</apparatusid><startdatetime>05092024 0600</startdatetime><enddatetime>05092024 1600</enddatetime><personnelid>A21949</personnelid><radioid>6000309</radioid><vehicleid /></Table><Table><apparatusid>3C67</apparatusid><startdatetime>05092024 0600</startdatetime><enddatetime>05092024 1600</enddatetime><personnelid>A21802</personnelid><radioid>6001284</radioid><vehicleid /></Table></CADRosterView>