<CADRosterView><LoadFor><service>F</service><districtid>T05</districtid><shiftid>1</shiftid><startdatetime>05072024 0800</startdatetime><enddatetime>05082024 0800</enddatetime><date>05072024</date></LoadFor><Table><apparatusid>T05</apparatusid><startdatetime>05072024 0800</startdatetime><enddatetime>05082024 0800</enddatetime><personnelid>FO3293</personnelid><radioid /><vehicleid /></Table><Table><apparatusid>T05</apparatusid><startdatetime>05072024 0800</startdatetime><enddatetime>05082024 0800</enddatetime><personnelid>BO6347</personnelid><radioid /><vehicleid /></Table><Table><apparatusid>T05</apparatusid><startdatetime>05072024 0800</startdatetime><enddatetime>05082024 0800</enddatetime><personnelid>NA5651</personnelid><radioid /><vehicleid /></Table><Table><apparatusid>T05</apparatusid><startdatetime>05072024 0800</startdatetime><enddatetime>05082024 0800</enddatetime><personnelid>KE1837</personnelid><radioid /><vehicleid /></Table><Table><apparatusid>T05</apparatusid><startdatetime>05072024 0800</startdatetime><enddatetime>05082024 0800</enddatetime><personnelid>GA0299</personnelid><radioid /><vehicleid /></Table><Table><apparatusid>T05</apparatusid><startdatetime>05072024 0800</startdatetime><enddatetime>05082024 0800</enddatetime><personnelid>MU1846</personnelid><radioid /><vehicleid /></Table></CADRosterView>