<CADRosterView><LoadFor><service>F</service><districtid>E37</districtid><shiftid>1</shiftid><startdatetime>05082024 0800</startdatetime><enddatetime>05092024 0800</enddatetime><date>05082024</date></LoadFor><Table><apparatusid>E37</apparatusid><startdatetime>05082024 0800</startdatetime><enddatetime>05092024 0800</enddatetime><personnelid>BI1512</personnelid><radioid /><vehicleid /></Table><Table><apparatusid>E37</apparatusid><startdatetime>05082024 0800</startdatetime><enddatetime>05092024 0800</enddatetime><personnelid>KE4150</personnelid><radioid /><vehicleid /></Table><Table><apparatusid>E37</apparatusid><startdatetime>05082024 0800</startdatetime><enddatetime>05092024 0800</enddatetime><personnelid>RI1071</personnelid><radioid /><vehicleid /></Table><Table><apparatusid>E37</apparatusid><startdatetime>05082024 0800</startdatetime><enddatetime>05092024 0800</enddatetime><personnelid>VE1040</personnelid><radioid /><vehicleid /></Table><Table><apparatusid>E37</apparatusid><startdatetime>05082024 0800</startdatetime><enddatetime>05092024 0800</enddatetime><personnelid>GR1425</personnelid><radioid /><vehicleid /></Table></CADRosterView>