<CADRosterView><LoadFor><service>F</service><districtid>E24</districtid><shiftid>1</shiftid><startdatetime>05072024 0800</startdatetime><enddatetime>05082024 0800</enddatetime><date>05072024</date></LoadFor><Table><apparatusid>E24</apparatusid><startdatetime>05072024 0800</startdatetime><enddatetime>05082024 0800</enddatetime><personnelid>CA2195</personnelid><radioid /><vehicleid /></Table><Table><apparatusid>E24</apparatusid><startdatetime>05072024 0800</startdatetime><enddatetime>05082024 0800</enddatetime><personnelid>DI2053</personnelid><radioid /><vehicleid /></Table><Table><apparatusid>E24</apparatusid><startdatetime>05072024 0800</startdatetime><enddatetime>05082024 0800</enddatetime><personnelid>GR1425</personnelid><radioid /><vehicleid /></Table><Table><apparatusid>E24</apparatusid><startdatetime>05072024 0800</startdatetime><enddatetime>05082024 0800</enddatetime><personnelid>JO4306</personnelid><radioid /><vehicleid /></Table><Table><apparatusid>E24</apparatusid><startdatetime>05072024 0800</startdatetime><enddatetime>05082024 0800</enddatetime><personnelid>RO1109</personnelid><radioid /><vehicleid /></Table><Table><apparatusid>E24</apparatusid><startdatetime>05072024 0800</startdatetime><enddatetime>05082024 0800</enddatetime><personnelid>AN1369</personnelid><radioid /><vehicleid /></Table></CADRosterView>