<CADRosterView><LoadFor><service>F</service><districtid>AM10</districtid><shiftid>1</shiftid><startdatetime>05072024 0500</startdatetime><enddatetime>05072024 2100</enddatetime><date>05072024</date></LoadFor><Table><apparatusid>AM102</apparatusid><startdatetime>05072024 0500</startdatetime><enddatetime>05072024 1700</enddatetime><personnelid>MX0353</personnelid><radioid /><vehicleid>A06600</vehicleid></Table><Table><apparatusid>AM102</apparatusid><startdatetime>05072024 0500</startdatetime><enddatetime>05072024 1700</enddatetime><personnelid>MX0802</personnelid><radioid /><vehicleid>A06600</vehicleid></Table><Table><apparatusid>AM106</apparatusid><startdatetime>05072024 0600</startdatetime><enddatetime>05072024 1800</enddatetime><personnelid>MX0747</personnelid><radioid /><vehicleid>A24947</vehicleid></Table><Table><apparatusid>AM106</apparatusid><startdatetime>05072024 0600</startdatetime><enddatetime>05072024 1800</enddatetime><personnelid>MX1869</personnelid><radioid /><vehicleid>A24947</vehicleid></Table><Table><apparatusid>AM108</apparatusid><startdatetime>05072024 0900</startdatetime><enddatetime>05072024 2100</enddatetime><personnelid>MX0731</personnelid><radioid /><vehicleid>A21378</vehicleid></Table><Table><apparatusid>AM108</apparatusid><startdatetime>05072024 0900</startdatetime><enddatetime>05072024 2100</enddatetime><personnelid>MX1981</personnelid><radioid /><vehicleid>A21378</vehicleid></Table></CADRosterView>