<CADRosterView><LoadFor><service>P</service><districtid>TEND</districtid><shiftid>6</shiftid><startdatetime>05072024 0600</startdatetime><enddatetime>05072024 2000</enddatetime><date>05072024</date></LoadFor><Table><apparatusid>3J100</apparatusid><startdatetime>05072024 1000</startdatetime><enddatetime>05072024 2000</enddatetime><personnelid>A11171</personnelid><radioid>6001489</radioid><vehicleid>B033</vehicleid></Table><Table><apparatusid>3J27</apparatusid><startdatetime>05072024 1000</startdatetime><enddatetime>05072024 2000</enddatetime><personnelid>A09733</personnelid><radioid>6000193</radioid><vehicleid /></Table><Table><apparatusid>3J90A</apparatusid><startdatetime>05072024 0600</startdatetime><enddatetime>05072024 1000</enddatetime><personnelid>A22299</personnelid><radioid /><vehicleid /></Table><Table><apparatusid>3J93C</apparatusid><startdatetime>05072024 1000</startdatetime><enddatetime>05072024 2000</enddatetime><personnelid>A24206</personnelid><radioid>6002362</radioid><vehicleid /></Table><Table><apparatusid>3J94C</apparatusid><startdatetime>05072024 1000</startdatetime><enddatetime>05072024 2000</enddatetime><personnelid>A22299</personnelid><radioid>6000308</radioid><vehicleid /></Table><Table><apparatusid>3J94C</apparatusid><startdatetime>05072024 1000</startdatetime><enddatetime>05072024 2000</enddatetime><personnelid>A21793</personnelid><radioid>6001782</radioid><vehicleid /></Table><Table><apparatusid>3J98C</apparatusid><startdatetime>05072024 1000</startdatetime><enddatetime>05072024 2000</enddatetime><personnelid>A21156</personnelid><radioid>6000123</radioid><vehicleid /></Table><Table><apparatusid>3J98C</apparatusid><startdatetime>05072024 1000</startdatetime><enddatetime>05072024 2000</enddatetime><personnelid>A21717</personnelid><radioid>6000855</radioid><vehicleid /></Table></CADRosterView>