<CADRosterView><LoadFor><service>F</service><districtid>E44</districtid><shiftid>1</shiftid><startdatetime>05072024 0800</startdatetime><enddatetime>05082024 0800</enddatetime><date>05072024</date></LoadFor><Table><apparatusid>E44</apparatusid><startdatetime>05072024 0800</startdatetime><enddatetime>05082024 0800</enddatetime><personnelid>WA1444</personnelid><radioid /><vehicleid /></Table><Table><apparatusid>E44</apparatusid><startdatetime>05072024 0800</startdatetime><enddatetime>05082024 0800</enddatetime><personnelid>LO2043</personnelid><radioid /><vehicleid /></Table><Table><apparatusid>E44</apparatusid><startdatetime>05072024 0800</startdatetime><enddatetime>05082024 0800</enddatetime><personnelid>MC1376</personnelid><radioid /><vehicleid /></Table><Table><apparatusid>E44</apparatusid><startdatetime>05072024 0800</startdatetime><enddatetime>05082024 0800</enddatetime><personnelid>SH3212</personnelid><radioid /><vehicleid /></Table><Table><apparatusid>E44</apparatusid><startdatetime>05072024 0800</startdatetime><enddatetime>05082024 0800</enddatetime><personnelid>TR2099</personnelid><radioid /><vehicleid /></Table></CADRosterView>