<CADRosterView><LoadFor><service>F</service><districtid>E11</districtid><shiftid>1</shiftid><startdatetime>05072024 0800</startdatetime><enddatetime>05082024 0800</enddatetime><date>05072024</date></LoadFor><Table><apparatusid>E11</apparatusid><startdatetime>05072024 0800</startdatetime><enddatetime>05082024 0800</enddatetime><personnelid>BA1485</personnelid><radioid /><vehicleid /></Table><Table><apparatusid>E11</apparatusid><startdatetime>05072024 0800</startdatetime><enddatetime>05082024 0800</enddatetime><personnelid>HE1797</personnelid><radioid /><vehicleid /></Table><Table><apparatusid>E11</apparatusid><startdatetime>05072024 0800</startdatetime><enddatetime>05082024 0800</enddatetime><personnelid>TR1823</personnelid><radioid /><vehicleid /></Table><Table><apparatusid>E11</apparatusid><startdatetime>05072024 0800</startdatetime><enddatetime>05082024 0800</enddatetime><personnelid>DU1575</personnelid><radioid /><vehicleid /></Table></CADRosterView>