<CADRosterView><LoadFor><service>P</service><districtid>CGIC</districtid><shiftid>2</shiftid><startdatetime>05072024 0600</startdatetime><enddatetime>05072024 2100</enddatetime><date>05072024</date></LoadFor><Table><apparatusid>5C10</apparatusid><startdatetime>05072024 1100</startdatetime><enddatetime>05072024 2100</enddatetime><personnelid>A09627</personnelid><radioid>6001198</radioid><vehicleid /></Table><Table><apparatusid>5C100</apparatusid><startdatetime>05072024 1100</startdatetime><enddatetime>05072024 2100</enddatetime><personnelid>A10944</personnelid><radioid>6000028</radioid><vehicleid /></Table><Table><apparatusid>5C104</apparatusid><startdatetime>05072024 1100</startdatetime><enddatetime>05072024 2100</enddatetime><personnelid>A10749</personnelid><radioid>6000064</radioid><vehicleid /></Table><Table><apparatusid>5C11</apparatusid><startdatetime>05072024 1100</startdatetime><enddatetime>05072024 2100</enddatetime><personnelid>A21956</personnelid><radioid>6000508</radioid><vehicleid /></Table><Table><apparatusid>5C110</apparatusid><startdatetime>05072024 0600</startdatetime><enddatetime>05072024 1600</enddatetime><personnelid>A07043</personnelid><radioid>6001173</radioid><vehicleid /></Table><Table><apparatusid>5C14</apparatusid><startdatetime>05072024 1100</startdatetime><enddatetime>05072024 2100</enddatetime><personnelid>A20978</personnelid><radioid>6000888</radioid><vehicleid /></Table><Table><apparatusid>5C2</apparatusid><startdatetime>05072024 1100</startdatetime><enddatetime>05072024 2100</enddatetime><personnelid>A09702</personnelid><radioid>6000756</radioid><vehicleid /></Table><Table><apparatusid>5C200</apparatusid><startdatetime>05072024 0800</startdatetime><enddatetime>05072024 1600</enddatetime><personnelid>A04572</personnelid><radioid>13349</radioid><vehicleid /></Table></CADRosterView>