<CADRosterView><LoadFor><service>F</service><districtid>E01</districtid><shiftid>1</shiftid><startdatetime>05082024 0800</startdatetime><enddatetime>05092024 0800</enddatetime><date>05082024</date></LoadFor><Table><apparatusid>E01</apparatusid><startdatetime>05082024 0800</startdatetime><enddatetime>05092024 0800</enddatetime><personnelid>MC4392</personnelid><radioid /><vehicleid /></Table><Table><apparatusid>E01</apparatusid><startdatetime>05082024 0800</startdatetime><enddatetime>05092024 0800</enddatetime><personnelid>DU3091</personnelid><radioid /><vehicleid /></Table><Table><apparatusid>E01</apparatusid><startdatetime>05082024 0800</startdatetime><enddatetime>05092024 0800</enddatetime><personnelid>RA2634</personnelid><radioid /><vehicleid /></Table><Table><apparatusid>E01</apparatusid><startdatetime>05082024 0800</startdatetime><enddatetime>05092024 0800</enddatetime><personnelid>MO3110</personnelid><radioid /><vehicleid /></Table></CADRosterView>