<CADRosterView><LoadFor><service>F</service><districtid>E02</districtid><shiftid>1</shiftid><startdatetime>05072024 0800</startdatetime><enddatetime>05082024 0800</enddatetime><date>05072024</date></LoadFor><Table><apparatusid>E02</apparatusid><startdatetime>05072024 0800</startdatetime><enddatetime>05082024 0800</enddatetime><personnelid>PA3546</personnelid><radioid /><vehicleid /></Table><Table><apparatusid>E02</apparatusid><startdatetime>05072024 0800</startdatetime><enddatetime>05082024 0800</enddatetime><personnelid>ZE2176</personnelid><radioid /><vehicleid /></Table><Table><apparatusid>E02</apparatusid><startdatetime>05072024 0800</startdatetime><enddatetime>05082024 0800</enddatetime><personnelid>MC7991</personnelid><radioid /><vehicleid /></Table><Table><apparatusid>E02</apparatusid><startdatetime>05072024 0800</startdatetime><enddatetime>05082024 0800</enddatetime><personnelid>MO2124</personnelid><radioid /><vehicleid /></Table></CADRosterView>