<CADRosterView><LoadFor><service>F</service><districtid>M596</districtid><shiftid>1</shiftid><startdatetime>05072024 0500</startdatetime><enddatetime>05072024 1500</enddatetime><date>05072024</date></LoadFor><Table><apparatusid>M596</apparatusid><startdatetime>05072024 0500</startdatetime><enddatetime>05072024 1500</enddatetime><personnelid>BO3081</personnelid><radioid /><vehicleid /></Table><Table><apparatusid>M596</apparatusid><startdatetime>05072024 0500</startdatetime><enddatetime>05072024 1500</enddatetime><personnelid>MC2365</personnelid><radioid /><vehicleid /></Table></CADRosterView>