<CADRosterView><LoadFor><service>F</service><districtid>E29</districtid><shiftid>1</shiftid><startdatetime>05072024 0800</startdatetime><enddatetime>05082024 0800</enddatetime><date>05072024</date></LoadFor><Table><apparatusid>E29</apparatusid><startdatetime>05072024 0800</startdatetime><enddatetime>05082024 0800</enddatetime><personnelid>HI1543</personnelid><radioid /><vehicleid /></Table><Table><apparatusid>E29</apparatusid><startdatetime>05072024 0800</startdatetime><enddatetime>05082024 0800</enddatetime><personnelid>TO3771</personnelid><radioid /><vehicleid /></Table><Table><apparatusid>E29</apparatusid><startdatetime>05072024 0800</startdatetime><enddatetime>05082024 0800</enddatetime><personnelid>MC8444</personnelid><radioid /><vehicleid /></Table><Table><apparatusid>E29</apparatusid><startdatetime>05072024 0800</startdatetime><enddatetime>05082024 0800</enddatetime><personnelid>HA3615</personnelid><radioid /><vehicleid /></Table></CADRosterView>