<CADRosterView><LoadFor><service>F</service><districtid>M554</districtid><shiftid>1</shiftid><startdatetime>05072024 0600</startdatetime><enddatetime>05082024 0600</enddatetime><date>05072024</date></LoadFor><Table><apparatusid>M554</apparatusid><startdatetime>05072024 0600</startdatetime><enddatetime>05072024 1800</enddatetime><personnelid>CH3399</personnelid><radioid /><vehicleid /></Table><Table><apparatusid>M554</apparatusid><startdatetime>05072024 0600</startdatetime><enddatetime>05072024 1800</enddatetime><personnelid>JO4543</personnelid><radioid /><vehicleid /></Table><Table><apparatusid>M554</apparatusid><startdatetime>05072024 1800</startdatetime><enddatetime>05082024 0600</enddatetime><personnelid>RO1106</personnelid><radioid /><vehicleid /></Table></CADRosterView>