<CADRosterView><LoadFor><service>F</service><districtid>KM11</districtid><shiftid>1</shiftid><startdatetime>05072024 0630</startdatetime><enddatetime>05082024 0630</enddatetime><date>05072024</date></LoadFor><Table><apparatusid>KM110</apparatusid><startdatetime>05072024 0630</startdatetime><enddatetime>05072024 1830</enddatetime><personnelid>MX0789</personnelid><radioid /><vehicleid>K00010</vehicleid></Table><Table><apparatusid>KM110</apparatusid><startdatetime>05072024 0630</startdatetime><enddatetime>05072024 1830</enddatetime><personnelid>MX1960</personnelid><radioid /><vehicleid>K00010</vehicleid></Table><Table><apparatusid>KM113</apparatusid><startdatetime>05072024 1830</startdatetime><enddatetime>05082024 0630</enddatetime><personnelid>MX0832</personnelid><radioid /><vehicleid>K00013</vehicleid></Table><Table><apparatusid>KM113</apparatusid><startdatetime>05072024 1830</startdatetime><enddatetime>05082024 0630</enddatetime><personnelid>MX1919</personnelid><radioid /><vehicleid>K00013</vehicleid></Table><Table><apparatusid>KM115</apparatusid><startdatetime>05072024 0630</startdatetime><enddatetime>05072024 1830</enddatetime><personnelid>MX0508</personnelid><radioid /><vehicleid>K00015</vehicleid></Table><Table><apparatusid>KM115</apparatusid><startdatetime>05072024 0630</startdatetime><enddatetime>05072024 1830</enddatetime><personnelid>MX0836</personnelid><radioid /><vehicleid>K00015</vehicleid></Table></CADRosterView>