<CADRosterView><LoadFor><service>F</service><districtid>E15</districtid><shiftid>1</shiftid><startdatetime>05072024 0800</startdatetime><enddatetime>05082024 0800</enddatetime><date>05072024</date></LoadFor><Table><apparatusid>E15</apparatusid><startdatetime>05072024 0800</startdatetime><enddatetime>05082024 0800</enddatetime><personnelid>BL8082</personnelid><radioid /><vehicleid /></Table><Table><apparatusid>E15</apparatusid><startdatetime>05072024 0800</startdatetime><enddatetime>05082024 0800</enddatetime><personnelid>DU2621</personnelid><radioid /><vehicleid /></Table><Table><apparatusid>E15</apparatusid><startdatetime>05072024 0800</startdatetime><enddatetime>05082024 0800</enddatetime><personnelid>GA8370</personnelid><radioid /><vehicleid /></Table><Table><apparatusid>E15</apparatusid><startdatetime>05072024 0800</startdatetime><enddatetime>05082024 0800</enddatetime><personnelid>CA1684</personnelid><radioid /><vehicleid /></Table><Table><apparatusid>E15</apparatusid><startdatetime>05072024 0800</startdatetime><enddatetime>05082024 0800</enddatetime><personnelid>BU7021</personnelid><radioid /><vehicleid /></Table></CADRosterView>