<CADRosterView><LoadFor><service>P</service><districtid>HSU</districtid><shiftid>1</shiftid><startdatetime>05082024 0600</startdatetime><enddatetime>05082024 1800</enddatetime><date>05082024</date></LoadFor><Table><apparatusid>4X108</apparatusid><startdatetime>05082024 0800</startdatetime><enddatetime>05082024 1800</enddatetime><personnelid>A06011</personnelid><radioid>6002008</radioid><vehicleid>BOAT1</vehicleid></Table><Table><apparatusid>4X58</apparatusid><startdatetime>05082024 0600</startdatetime><enddatetime>05082024 0800</enddatetime><personnelid>A23442</personnelid><radioid>6002252</radioid><vehicleid>BW144</vehicleid></Table><Table><apparatusid>4X58</apparatusid><startdatetime>05082024 0800</startdatetime><enddatetime>05082024 1600</enddatetime><personnelid>A23442</personnelid><radioid>6002252</radioid><vehicleid>BW144</vehicleid></Table><Table><apparatusid>4X58</apparatusid><startdatetime>05082024 0800</startdatetime><enddatetime>05082024 1600</enddatetime><personnelid>A21706</personnelid><radioid>6000355</radioid><vehicleid>BW144</vehicleid></Table><Table><apparatusid>4X58</apparatusid><startdatetime>05082024 1600</startdatetime><enddatetime>05082024 1800</enddatetime><personnelid>A21706</personnelid><radioid>6000355</radioid><vehicleid>BW144</vehicleid></Table><Table><apparatusid>4X59</apparatusid><startdatetime>05082024 0600</startdatetime><enddatetime>05082024 1600</enddatetime><personnelid>A23416</personnelid><radioid>53426</radioid><vehicleid /></Table><Table><apparatusid>4X8A</apparatusid><startdatetime>05082024 0600</startdatetime><enddatetime>05082024 1600</enddatetime><personnelid>A08086</personnelid><radioid /><vehicleid>BOAT1</vehicleid></Table><Table><apparatusid>4X9A</apparatusid><startdatetime>05082024 0600</startdatetime><enddatetime>05082024 1600</enddatetime><personnelid>A08312</personnelid><radioid>6002015</radioid><vehicleid>BOAT1</vehicleid></Table><Table><apparatusid>4X9B</apparatusid><startdatetime>05082024 0600</startdatetime><enddatetime>05082024 1600</enddatetime><personnelid>A10503</personnelid><radioid>6002007</radioid><vehicleid>BOAT1</vehicleid></Table></CADRosterView>