<CADRosterView><LoadFor><service>P</service><districtid>AFOB</districtid><shiftid>2</shiftid><startdatetime>05082024 0600</startdatetime><enddatetime>05082024 2000</enddatetime><date>05082024</date></LoadFor><Table><apparatusid>6T106</apparatusid><startdatetime>05082024 1000</startdatetime><enddatetime>05082024 2000</enddatetime><personnelid>A09299</personnelid><radioid>6138318</radioid><vehicleid /></Table><Table><apparatusid>6T108</apparatusid><startdatetime>05082024 0900</startdatetime><enddatetime>05082024 1900</enddatetime><personnelid>A06060</personnelid><radioid>6138328</radioid><vehicleid /></Table><Table><apparatusid>6T71</apparatusid><startdatetime>05082024 0600</startdatetime><enddatetime>05082024 1600</enddatetime><personnelid>A06503</personnelid><radioid>6001334</radioid><vehicleid /></Table><Table><apparatusid>6T90</apparatusid><startdatetime>05082024 0600</startdatetime><enddatetime>05082024 1600</enddatetime><personnelid>A06629</personnelid><radioid>6138383</radioid><vehicleid /></Table><Table><apparatusid>6T91</apparatusid><startdatetime>05082024 0600</startdatetime><enddatetime>05082024 1600</enddatetime><personnelid>A04941</personnelid><radioid>6138371</radioid><vehicleid /></Table><Table><apparatusid>6T92</apparatusid><startdatetime>05082024 0600</startdatetime><enddatetime>05082024 1600</enddatetime><personnelid>A06697</personnelid><radioid>1167</radioid><vehicleid /></Table><Table><apparatusid>6T99</apparatusid><startdatetime>05082024 1500</startdatetime><enddatetime>05082024 1600</enddatetime><personnelid>A04980</personnelid><radioid /><vehicleid /></Table></CADRosterView>