<CADRosterView><LoadFor><service>P</service><districtid>INGL</districtid><shiftid>3</shiftid><startdatetime>05092024 1500</startdatetime><enddatetime>05102024 0700</enddatetime><date>05092024</date></LoadFor><Table><apparatusid>3H101</apparatusid><startdatetime>05092024 2030</startdatetime><enddatetime>05102024 0630</enddatetime><personnelid>A22496</personnelid><radioid>6001246</radioid><vehicleid>BW130</vehicleid></Table><Table><apparatusid>3H109</apparatusid><startdatetime>05092024 1500</startdatetime><enddatetime>05102024 0100</enddatetime><personnelid>A02198</personnelid><radioid>6000314</radioid><vehicleid>BW186</vehicleid></Table><Table><apparatusid>3H112</apparatusid><startdatetime>05092024 2030</startdatetime><enddatetime>05102024 0630</enddatetime><personnelid>A21094</personnelid><radioid>52330</radioid><vehicleid>BW226</vehicleid></Table><Table><apparatusid>3H113</apparatusid><startdatetime>05092024 2030</startdatetime><enddatetime>05102024 0630</enddatetime><personnelid>A09165</personnelid><radioid>6002232</radioid><vehicleid /></Table><Table><apparatusid>3H11E</apparatusid><startdatetime>05092024 2100</startdatetime><enddatetime>05102024 0700</enddatetime><personnelid>A22151</personnelid><radioid>52795</radioid><vehicleid /></Table><Table><apparatusid>3H11E</apparatusid><startdatetime>05092024 2100</startdatetime><enddatetime>05102024 0700</enddatetime><personnelid>A25093</personnelid><radioid>6001559</radioid><vehicleid /></Table><Table><apparatusid>3H13D</apparatusid><startdatetime>05092024 1500</startdatetime><enddatetime>05102024 0100</enddatetime><personnelid>A23881</personnelid><radioid>6002316</radioid><vehicleid /></Table><Table><apparatusid>3H13D</apparatusid><startdatetime>05092024 1500</startdatetime><enddatetime>05102024 0100</enddatetime><personnelid>A22570</personnelid><radioid>6000644</radioid><vehicleid /></Table><Table><apparatusid>3H13D</apparatusid><startdatetime>05092024 1500</startdatetime><enddatetime>05102024 0100</enddatetime><personnelid>A22534</personnelid><radioid>52921</radioid><vehicleid /></Table><Table><apparatusid>3H13E</apparatusid><startdatetime>05092024 2100</startdatetime><enddatetime>05102024 0700</enddatetime><personnelid>A24915</personnelid><radioid>6000778</radioid><vehicleid /></Table><Table><apparatusid>3H15D</apparatusid><startdatetime>05092024 1500</startdatetime><enddatetime>05102024 0100</enddatetime><personnelid>A23094</personnelid><radioid>53292</radioid><vehicleid /></Table><Table><apparatusid>3H15D</apparatusid><startdatetime>05092024 1500</startdatetime><enddatetime>05102024 0100</enddatetime><personnelid>A25437</personnelid><radioid>6001532</radioid><vehicleid /></Table><Table><apparatusid>3H15E</apparatusid><startdatetime>05092024 2100</startdatetime><enddatetime>05102024 0700</enddatetime><personnelid>A24557</personnelid><radioid>6002138</radioid><vehicleid /></Table><Table><apparatusid>3H15E</apparatusid><startdatetime>05092024 2100</startdatetime><enddatetime>05102024 0700</enddatetime><personnelid>A24900</personnelid><radioid /><vehicleid /></Table><Table><apparatusid>3H15E</apparatusid><startdatetime>05092024 2100</startdatetime><enddatetime>05102024 0700</enddatetime><personnelid>A24584</personnelid><radioid /><vehicleid /></Table><Table><apparatusid>3H16D</apparatusid><startdatetime>05092024 1500</startdatetime><enddatetime>05102024 0100</enddatetime><personnelid>A23594</personnelid><radioid>6002289</radioid><vehicleid /></Table><Table><apparatusid>3H16D</apparatusid><startdatetime>05092024 1500</startdatetime><enddatetime>05102024 0100</enddatetime><personnelid>A21878</personnelid><radioid>6001598</radioid><vehicleid /></Table><Table><apparatusid>3H16E</apparatusid><startdatetime>05092024 2100</startdatetime><enddatetime>05102024 0700</enddatetime><personnelid>A24157</personnelid><radioid>6002054</radioid><vehicleid /></Table><Table><apparatusid>3H16E</apparatusid><startdatetime>05092024 2100</startdatetime><enddatetime>05102024 0700</enddatetime><personnelid>A24141</personnelid><radioid>6000305</radioid><vehicleid /></Table><Table><apparatusid>3H2E</apparatusid><startdatetime>05092024 2100</startdatetime><enddatetime>05102024 0700</enddatetime><personnelid>A07044</personnelid><radioid>6000805</radioid><vehicleid /></Table></CADRosterView>