<CADRosterView><LoadFor><service>F</service><districtid>E25</districtid><shiftid>1</shiftid><startdatetime>05072024 0800</startdatetime><enddatetime>05082024 0800</enddatetime><date>05072024</date></LoadFor><Table><apparatusid>E25</apparatusid><startdatetime>05072024 0800</startdatetime><enddatetime>05082024 0800</enddatetime><personnelid>HE2150</personnelid><radioid /><vehicleid /></Table><Table><apparatusid>E25</apparatusid><startdatetime>05072024 0800</startdatetime><enddatetime>05082024 0800</enddatetime><personnelid>LU3155</personnelid><radioid /><vehicleid /></Table></CADRosterView>