<CADRosterView><LoadFor><service>P</service><districtid>CSI</districtid><shiftid>1</shiftid><startdatetime>05072024 1400</startdatetime><enddatetime>05082024 0000</enddatetime><date>05082024</date></LoadFor><Table><apparatusid>5L10</apparatusid><startdatetime>05072024 1400</startdatetime><enddatetime>05082024 0000</enddatetime><personnelid>A21166</personnelid><radioid>6001110</radioid><vehicleid /></Table><Table><apparatusid>5L105</apparatusid><startdatetime>05072024 1400</startdatetime><enddatetime>05082024 0000</enddatetime><personnelid>A08688</personnelid><radioid>6001838</radioid><vehicleid /></Table><Table><apparatusid>5L20</apparatusid><startdatetime>05072024 1400</startdatetime><enddatetime>05082024 0000</enddatetime><personnelid>A22139</personnelid><radioid>52173</radioid><vehicleid /></Table><Table><apparatusid>5L21</apparatusid><startdatetime>05072024 1400</startdatetime><enddatetime>05082024 0000</enddatetime><personnelid>A08681</personnelid><radioid>6001813</radioid><vehicleid /></Table></CADRosterView>