<CADRosterView><LoadFor><service>F</service><districtid>E01</districtid><shiftid>1</shiftid><startdatetime>05072024 0800</startdatetime><enddatetime>05082024 0800</enddatetime><date>05072024</date></LoadFor><Table><apparatusid>E01</apparatusid><startdatetime>05072024 0800</startdatetime><enddatetime>05082024 0800</enddatetime><personnelid>PI2055</personnelid><radioid /><vehicleid /></Table><Table><apparatusid>E01</apparatusid><startdatetime>05072024 0800</startdatetime><enddatetime>05082024 0800</enddatetime><personnelid>PA2797</personnelid><radioid /><vehicleid /></Table><Table><apparatusid>E01</apparatusid><startdatetime>05072024 0800</startdatetime><enddatetime>05082024 0800</enddatetime><personnelid>GL3600</personnelid><radioid /><vehicleid /></Table><Table><apparatusid>E01</apparatusid><startdatetime>05072024 0800</startdatetime><enddatetime>05082024 0800</enddatetime><personnelid>CA7490</personnelid><radioid /><vehicleid /></Table><Table><apparatusid>E01</apparatusid><startdatetime>05072024 0800</startdatetime><enddatetime>05082024 0800</enddatetime><personnelid>DI2984</personnelid><radioid /><vehicleid /></Table></CADRosterView>