<CADRosterView><LoadFor><service>P</service><districtid>MISS</districtid><shiftid>3</shiftid><startdatetime>05072024 1430</startdatetime><enddatetime>05082024 0700</enddatetime><date>05072024</date></LoadFor><Table><apparatusid>3D100</apparatusid><startdatetime>05072024 2100</startdatetime><enddatetime>05082024 0700</enddatetime><personnelid>A10605</personnelid><radioid>6001414</radioid><vehicleid>BW266</vehicleid></Table><Table><apparatusid>3D101</apparatusid><startdatetime>05072024 1500</startdatetime><enddatetime>05082024 0100</enddatetime><personnelid>A09612</personnelid><radioid>6002105</radioid><vehicleid>BW164</vehicleid></Table><Table><apparatusid>3D11E</apparatusid><startdatetime>05072024 2100</startdatetime><enddatetime>05082024 0700</enddatetime><personnelid>A25182</personnelid><radioid>6000108</radioid><vehicleid /></Table><Table><apparatusid>3D11E</apparatusid><startdatetime>05072024 2100</startdatetime><enddatetime>05082024 0700</enddatetime><personnelid>A24646</personnelid><radioid>6001629</radioid><vehicleid /></Table><Table><apparatusid>3D12E</apparatusid><startdatetime>05072024 2100</startdatetime><enddatetime>05082024 0700</enddatetime><personnelid>A21709</personnelid><radioid>6001666</radioid><vehicleid /></Table><Table><apparatusid>3D12E</apparatusid><startdatetime>05072024 2100</startdatetime><enddatetime>05082024 0700</enddatetime><personnelid>A09743</personnelid><radioid>6000579</radioid><vehicleid /></Table><Table><apparatusid>3D13D</apparatusid><startdatetime>05072024 1500</startdatetime><enddatetime>05082024 0100</enddatetime><personnelid>A21374</personnelid><radioid>6000502</radioid><vehicleid /></Table><Table><apparatusid>3D13D</apparatusid><startdatetime>05072024 1500</startdatetime><enddatetime>05082024 0100</enddatetime><personnelid>A21372</personnelid><radioid>51691</radioid><vehicleid /></Table><Table><apparatusid>3D14D</apparatusid><startdatetime>05072024 1500</startdatetime><enddatetime>05082024 0100</enddatetime><personnelid>A24811</personnelid><radioid>6001242</radioid><vehicleid /></Table><Table><apparatusid>3D14D</apparatusid><startdatetime>05072024 1500</startdatetime><enddatetime>05082024 0100</enddatetime><personnelid>A23720</personnelid><radioid>6000637</radioid><vehicleid /></Table><Table><apparatusid>3D14E</apparatusid><startdatetime>05072024 2100</startdatetime><enddatetime>05082024 0700</enddatetime><personnelid>A23612</personnelid><radioid>6001234</radioid><vehicleid /></Table><Table><apparatusid>3D14E</apparatusid><startdatetime>05072024 2100</startdatetime><enddatetime>05082024 0700</enddatetime><personnelid>A24202</personnelid><radioid>6002365</radioid><vehicleid /></Table><Table><apparatusid>3D15D</apparatusid><startdatetime>05072024 1500</startdatetime><enddatetime>05082024 0100</enddatetime><personnelid>A21941</personnelid><radioid>6001098</radioid><vehicleid /></Table><Table><apparatusid>3D15D</apparatusid><startdatetime>05072024 1500</startdatetime><enddatetime>05082024 0100</enddatetime><personnelid>A22537</personnelid><radioid>6001230</radioid><vehicleid /></Table><Table><apparatusid>3D16D</apparatusid><startdatetime>05072024 1500</startdatetime><enddatetime>05082024 0100</enddatetime><personnelid>A22848</personnelid><radioid>6002051</radioid><vehicleid /></Table><Table><apparatusid>3D16D</apparatusid><startdatetime>05072024 1500</startdatetime><enddatetime>05082024 0100</enddatetime><personnelid>A23718</personnelid><radioid>6002273</radioid><vehicleid /></Table><Table><apparatusid>3D16E</apparatusid><startdatetime>05072024 2100</startdatetime><enddatetime>05082024 0700</enddatetime><personnelid>A24825</personnelid><radioid /><vehicleid /></Table><Table><apparatusid>3D200</apparatusid><startdatetime>05072024 1430</startdatetime><enddatetime>05082024 0030</enddatetime><personnelid>A04981</personnelid><radioid>6000549</radioid><vehicleid /></Table><Table><apparatusid>3D202</apparatusid><startdatetime>05072024 1430</startdatetime><enddatetime>05082024 0030</enddatetime><personnelid>A09170</personnelid><radioid>6000821</radioid><vehicleid>BW142</vehicleid></Table><Table><apparatusid>3D2D</apparatusid><startdatetime>05072024 1500</startdatetime><enddatetime>05082024 0100</enddatetime><personnelid>A00929</personnelid><radioid>1040</radioid><vehicleid /></Table></CADRosterView>