<CADRosterView><LoadFor><service>P</service><districtid>SOUT</districtid><shiftid>6</shiftid><startdatetime>05072024 0600</startdatetime><enddatetime>05082024 0700</enddatetime><date>05072024</date></LoadFor><Table><apparatusid>3B80</apparatusid><startdatetime>05072024 0600</startdatetime><enddatetime>05072024 1600</enddatetime><personnelid>A10959</personnelid><radioid>6001475</radioid><vehicleid /></Table><Table><apparatusid>3B81</apparatusid><startdatetime>05072024 0600</startdatetime><enddatetime>05072024 1600</enddatetime><personnelid>A20301</personnelid><radioid /><vehicleid /></Table><Table><apparatusid>3B82</apparatusid><startdatetime>05072024 0600</startdatetime><enddatetime>05072024 1600</enddatetime><personnelid>A04555</personnelid><radioid /><vehicleid /></Table><Table><apparatusid>3B83</apparatusid><startdatetime>05072024 0600</startdatetime><enddatetime>05072024 1600</enddatetime><personnelid>A11162</personnelid><radioid /><vehicleid /></Table><Table><apparatusid>3B85</apparatusid><startdatetime>05072024 1500</startdatetime><enddatetime>05082024 0100</enddatetime><personnelid>A08317</personnelid><radioid>6001487</radioid><vehicleid /></Table><Table><apparatusid>3B86</apparatusid><startdatetime>05072024 1500</startdatetime><enddatetime>05082024 0100</enddatetime><personnelid>A23075</personnelid><radioid /><vehicleid /></Table><Table><apparatusid>3B87</apparatusid><startdatetime>05072024 1500</startdatetime><enddatetime>05082024 0700</enddatetime><personnelid>A07630</personnelid><radioid /><vehicleid /></Table><Table><apparatusid>3B88</apparatusid><startdatetime>05072024 2100</startdatetime><enddatetime>05072024 2300</enddatetime><personnelid>A04937</personnelid><radioid>6001425</radioid><vehicleid /></Table><Table><apparatusid>3B88</apparatusid><startdatetime>05072024 2300</startdatetime><enddatetime>05082024 0700</enddatetime><personnelid>A04937</personnelid><radioid>6001425</radioid><vehicleid /></Table><Table><apparatusid>3B88</apparatusid><startdatetime>05072024 2300</startdatetime><enddatetime>05082024 0700</enddatetime><personnelid>A08063</personnelid><radioid /><vehicleid /></Table></CADRosterView>