<CADRosterView><LoadFor><service>P</service><districtid>MISS</districtid><shiftid>2</shiftid><startdatetime>05092024 0530</startdatetime><enddatetime>05092024 2100</enddatetime><date>05092024</date></LoadFor><Table><apparatusid>3D112</apparatusid><startdatetime>05092024 0530</startdatetime><enddatetime>05092024 1530</enddatetime><personnelid>A10338</personnelid><radioid>6000934</radioid><vehicleid>BW266</vehicleid></Table><Table><apparatusid>3D115</apparatusid><startdatetime>05092024 0530</startdatetime><enddatetime>05092024 1530</enddatetime><personnelid>A22411</personnelid><radioid>6001647</radioid><vehicleid /></Table><Table><apparatusid>3D120</apparatusid><startdatetime>05092024 0700</startdatetime><enddatetime>05092024 1700</enddatetime><personnelid>A07028</personnelid><radioid>6000457</radioid><vehicleid /></Table><Table><apparatusid>3D201</apparatusid><startdatetime>05092024 0530</startdatetime><enddatetime>05092024 1530</enddatetime><personnelid>A09864</personnelid><radioid /><vehicleid /></Table><Table><apparatusid>3D23</apparatusid><startdatetime>05092024 0700</startdatetime><enddatetime>05092024 1700</enddatetime><personnelid>A23041</personnelid><radioid>6002076</radioid><vehicleid /></Table><Table><apparatusid>3D24</apparatusid><startdatetime>05092024 0800</startdatetime><enddatetime>05092024 1800</enddatetime><personnelid>A07423</personnelid><radioid>6000539</radioid><vehicleid /></Table><Table><apparatusid>3D26</apparatusid><startdatetime>05092024 0700</startdatetime><enddatetime>05092024 1700</enddatetime><personnelid>A05072</personnelid><radioid>6000540</radioid><vehicleid /></Table><Table><apparatusid>3D300</apparatusid><startdatetime>05092024 0800</startdatetime><enddatetime>05092024 1600</enddatetime><personnelid>A09296</personnelid><radioid>6000383</radioid><vehicleid>C1130</vehicleid></Table><Table><apparatusid>3D41A</apparatusid><startdatetime>05092024 0600</startdatetime><enddatetime>05092024 1600</enddatetime><personnelid>A21938</personnelid><radioid>6000999</radioid><vehicleid /></Table><Table><apparatusid>3D55</apparatusid><startdatetime>05092024 1100</startdatetime><enddatetime>05092024 2100</enddatetime><personnelid>A22200</personnelid><radioid>6002042</radioid><vehicleid /></Table><Table><apparatusid>3DCP</apparatusid><startdatetime>05092024 0900</startdatetime><enddatetime>05092024 1700</enddatetime><personnelid>A05964</personnelid><radioid /><vehicleid /></Table></CADRosterView>