<CADRosterView><LoadFor><service>F</service><districtid>T14</districtid><shiftid>1</shiftid><startdatetime>05072024 0800</startdatetime><enddatetime>05082024 0800</enddatetime><date>05072024</date></LoadFor><Table><apparatusid>T14</apparatusid><startdatetime>05072024 0800</startdatetime><enddatetime>05082024 0800</enddatetime><personnelid>WO0816</personnelid><radioid /><vehicleid /></Table><Table><apparatusid>T14</apparatusid><startdatetime>05072024 0800</startdatetime><enddatetime>05082024 0800</enddatetime><personnelid>BO1150</personnelid><radioid /><vehicleid /></Table><Table><apparatusid>T14</apparatusid><startdatetime>05072024 0800</startdatetime><enddatetime>05082024 0800</enddatetime><personnelid>SM1439</personnelid><radioid /><vehicleid /></Table><Table><apparatusid>T14</apparatusid><startdatetime>05072024 0800</startdatetime><enddatetime>05082024 0800</enddatetime><personnelid>GU1276</personnelid><radioid /><vehicleid /></Table></CADRosterView>