<CADRosterView><LoadFor><service>P</service><districtid>INGL</districtid><shiftid>2</shiftid><startdatetime>05072024 0500</startdatetime><enddatetime>05072024 2200</enddatetime><date>05072024</date></LoadFor><Table><apparatusid>3H104</apparatusid><startdatetime>05072024 0530</startdatetime><enddatetime>05072024 1530</enddatetime><personnelid>A09623</personnelid><radioid>6000814</radioid><vehicleid>BW186</vehicleid></Table><Table><apparatusid>3H12A</apparatusid><startdatetime>05072024 0600</startdatetime><enddatetime>05072024 1600</enddatetime><personnelid>A10469</personnelid><radioid>6000779</radioid><vehicleid /></Table><Table><apparatusid>3H12A</apparatusid><startdatetime>05072024 0600</startdatetime><enddatetime>05072024 1600</enddatetime><personnelid>A09614</personnelid><radioid>6000790</radioid><vehicleid /></Table><Table><apparatusid>3H14A</apparatusid><startdatetime>05072024 0500</startdatetime><enddatetime>05072024 1500</enddatetime><personnelid>A06012</personnelid><radioid>6000840</radioid><vehicleid /></Table><Table><apparatusid>3H14A</apparatusid><startdatetime>05072024 0500</startdatetime><enddatetime>05072024 1500</enddatetime><personnelid>A08213</personnelid><radioid>6000852</radioid><vehicleid /></Table><Table><apparatusid>3H16A</apparatusid><startdatetime>05072024 0600</startdatetime><enddatetime>05072024 1600</enddatetime><personnelid>A07036</personnelid><radioid>6000771</radioid><vehicleid /></Table><Table><apparatusid>3H16A</apparatusid><startdatetime>05072024 0600</startdatetime><enddatetime>05072024 1600</enddatetime><personnelid>A10753</personnelid><radioid>6000845</radioid><vehicleid /></Table><Table><apparatusid>3H200</apparatusid><startdatetime>05072024 0530</startdatetime><enddatetime>05072024 1530</enddatetime><personnelid>A07851</personnelid><radioid>6002477</radioid><vehicleid /></Table><Table><apparatusid>3H25</apparatusid><startdatetime>05072024 0900</startdatetime><enddatetime>05072024 1900</enddatetime><personnelid>A22251</personnelid><radioid>6000782</radioid><vehicleid /></Table><Table><apparatusid>3H26</apparatusid><startdatetime>05072024 1200</startdatetime><enddatetime>05072024 2200</enddatetime><personnelid>A21277</personnelid><radioid>6001965</radioid><vehicleid /></Table><Table><apparatusid>3H300</apparatusid><startdatetime>05072024 0900</startdatetime><enddatetime>05072024 1700</enddatetime><personnelid>A08666</personnelid><radioid>6000307</radioid><vehicleid>C1152</vehicleid></Table><Table><apparatusid>3H3A</apparatusid><startdatetime>05072024 0600</startdatetime><enddatetime>05072024 1600</enddatetime><personnelid>A10430</personnelid><radioid>6000783</radioid><vehicleid /></Table></CADRosterView>