<CADRosterView><LoadFor><service>P</service><districtid>TACT</districtid><shiftid>2</shiftid><startdatetime>05082024 0700</startdatetime><enddatetime>05082024 2000</enddatetime><date>05082024</date></LoadFor><Table><apparatusid>4T11C</apparatusid><startdatetime>05082024 0700</startdatetime><enddatetime>05082024 1700</enddatetime><personnelid>A00218</personnelid><radioid>6002383</radioid><vehicleid /></Table><Table><apparatusid>4T12B</apparatusid><startdatetime>05082024 0700</startdatetime><enddatetime>05082024 1700</enddatetime><personnelid>A00193</personnelid><radioid>6002382</radioid><vehicleid /></Table><Table><apparatusid>4T204</apparatusid><startdatetime>05082024 1000</startdatetime><enddatetime>05082024 2000</enddatetime><personnelid>A09282</personnelid><radioid>6000373</radioid><vehicleid /></Table><Table><apparatusid>4T300</apparatusid><startdatetime>05082024 0800</startdatetime><enddatetime>05082024 1600</enddatetime><personnelid>A06369</personnelid><radioid>52299</radioid><vehicleid>C1164</vehicleid></Table><Table><apparatusid>4T5A</apparatusid><startdatetime>05082024 1000</startdatetime><enddatetime>05082024 2000</enddatetime><personnelid>A04804</personnelid><radioid>6002434</radioid><vehicleid /></Table><Table><apparatusid>4T5B</apparatusid><startdatetime>05082024 1000</startdatetime><enddatetime>05082024 2000</enddatetime><personnelid>A05994</personnelid><radioid>6002385</radioid><vehicleid>T235</vehicleid></Table><Table><apparatusid>4T5C</apparatusid><startdatetime>05082024 1000</startdatetime><enddatetime>05082024 2000</enddatetime><personnelid>A06500</personnelid><radioid>51438</radioid><vehicleid>T235</vehicleid></Table><Table><apparatusid>4T6B</apparatusid><startdatetime>05082024 1000</startdatetime><enddatetime>05082024 2000</enddatetime><personnelid>A01806</personnelid><radioid>6002441</radioid><vehicleid>T170</vehicleid></Table><Table><apparatusid>4T6D</apparatusid><startdatetime>05082024 1000</startdatetime><enddatetime>05082024 2000</enddatetime><personnelid>A05998</personnelid><radioid>12931</radioid><vehicleid /></Table><Table><apparatusid>4T6E</apparatusid><startdatetime>05082024 1000</startdatetime><enddatetime>05082024 2000</enddatetime><personnelid>A08690</personnelid><radioid>6002429</radioid><vehicleid /></Table><Table><apparatusid>4T7A</apparatusid><startdatetime>05082024 1000</startdatetime><enddatetime>05082024 2000</enddatetime><personnelid>A06153</personnelid><radioid>6002400</radioid><vehicleid /></Table><Table><apparatusid>4T7C</apparatusid><startdatetime>05082024 1000</startdatetime><enddatetime>05082024 2000</enddatetime><personnelid>A06932</personnelid><radioid>6001301</radioid><vehicleid /></Table></CADRosterView>