<CADRosterView><LoadFor><service>P</service><districtid>TEND</districtid><shiftid>5</shiftid><startdatetime>05082024 0800</startdatetime><enddatetime>05082024 2200</enddatetime><date>05082024</date></LoadFor><Table><apparatusid>3J</apparatusid><startdatetime>05082024 1000</startdatetime><enddatetime>05082024 2000</enddatetime><personnelid>A21695</personnelid><radioid>6000613</radioid><vehicleid /></Table><Table><apparatusid>3J138</apparatusid><startdatetime>05082024 1200</startdatetime><enddatetime>05082024 2200</enddatetime><personnelid>A09609</personnelid><radioid>6000920</radioid><vehicleid /></Table><Table><apparatusid>3J204</apparatusid><startdatetime>05082024 0800</startdatetime><enddatetime>05082024 1800</enddatetime><personnelid>A07643</personnelid><radioid>6000478</radioid><vehicleid>BW149</vehicleid></Table><Table><apparatusid>3J38C</apparatusid><startdatetime>05082024 0800</startdatetime><enddatetime>05082024 1800</enddatetime><personnelid>A10858</personnelid><radioid>6001180</radioid><vehicleid /></Table></CADRosterView>