<CADRosterView><LoadFor><service>P</service><districtid>CED</districtid><shiftid>2</shiftid><startdatetime>05072024 0600</startdatetime><enddatetime>05072024 2000</enddatetime><date>05072024</date></LoadFor><Table><apparatusid>3L105</apparatusid><startdatetime>05072024 1000</startdatetime><enddatetime>05072024 2000</enddatetime><personnelid>A08068</personnelid><radioid>51626</radioid><vehicleid /></Table><Table><apparatusid>3L2</apparatusid><startdatetime>05072024 0600</startdatetime><enddatetime>05072024 1600</enddatetime><personnelid>A11402</personnelid><radioid>6001440</radioid><vehicleid /></Table><Table><apparatusid>3L200</apparatusid><startdatetime>05072024 0800</startdatetime><enddatetime>05072024 1600</enddatetime><personnelid>A04674</personnelid><radioid>6002200</radioid><vehicleid /></Table><Table><apparatusid>3L3</apparatusid><startdatetime>05072024 0600</startdatetime><enddatetime>05072024 1600</enddatetime><personnelid>A21157</personnelid><radioid>6001425</radioid><vehicleid /></Table><Table><apparatusid>AMB1</apparatusid><startdatetime>05072024 1000</startdatetime><enddatetime>05072024 2000</enddatetime><personnelid>A00380</personnelid><radioid /><vehicleid /></Table><Table><apparatusid>AMB1</apparatusid><startdatetime>05072024 1000</startdatetime><enddatetime>05072024 2000</enddatetime><personnelid>A01189</personnelid><radioid /><vehicleid /></Table><Table><apparatusid>AMB2</apparatusid><startdatetime>05072024 1000</startdatetime><enddatetime>05072024 2000</enddatetime><personnelid>A01161</personnelid><radioid /><vehicleid /></Table><Table><apparatusid>AMB2</apparatusid><startdatetime>05072024 1000</startdatetime><enddatetime>05072024 2000</enddatetime><personnelid>A00166</personnelid><radioid /><vehicleid /></Table><Table><apparatusid>AMB6</apparatusid><startdatetime>05072024 1000</startdatetime><enddatetime>05072024 2000</enddatetime><personnelid>A00476</personnelid><radioid /><vehicleid /></Table><Table><apparatusid>AMB6</apparatusid><startdatetime>05072024 1000</startdatetime><enddatetime>05072024 2000</enddatetime><personnelid>A00968</personnelid><radioid /><vehicleid /></Table></CADRosterView>