<CADRosterView><LoadFor><service>F</service><districtid>M552</districtid><shiftid>1</shiftid><startdatetime>05072024 0530</startdatetime><enddatetime>05082024 0130</enddatetime><date>05072024</date></LoadFor><Table><apparatusid>M552</apparatusid><startdatetime>05072024 0530</startdatetime><enddatetime>05072024 1530</enddatetime><personnelid>AG6376</personnelid><radioid /><vehicleid /></Table><Table><apparatusid>M552</apparatusid><startdatetime>05072024 0530</startdatetime><enddatetime>05072024 1530</enddatetime><personnelid>TR1546</personnelid><radioid /><vehicleid /></Table><Table><apparatusid>M552</apparatusid><startdatetime>05072024 1530</startdatetime><enddatetime>05082024 0130</enddatetime><personnelid>CH3659</personnelid><radioid /><vehicleid /></Table><Table><apparatusid>M552</apparatusid><startdatetime>05072024 1530</startdatetime><enddatetime>05082024 0130</enddatetime><personnelid>NG1001</personnelid><radioid /><vehicleid /></Table></CADRosterView>