<CADRosterView><LoadFor><service>F</service><districtid>M504</districtid><shiftid>1</shiftid><startdatetime>05072024 1200</startdatetime><enddatetime>05082024 0000</enddatetime><date>05072024</date></LoadFor><Table><apparatusid>M504</apparatusid><startdatetime>05072024 1200</startdatetime><enddatetime>05082024 0000</enddatetime><personnelid>DE2160</personnelid><radioid /><vehicleid /></Table><Table><apparatusid>M504</apparatusid><startdatetime>05072024 1200</startdatetime><enddatetime>05082024 0000</enddatetime><personnelid>PA1601</personnelid><radioid /><vehicleid /></Table></CADRosterView>