<CADRosterView><LoadFor><service>P</service><districtid>TACT</districtid><shiftid>2</shiftid><startdatetime>05072024 0500</startdatetime><enddatetime>05072024 2000</enddatetime><date>05072024</date></LoadFor><Table><apparatusid>4T106</apparatusid><startdatetime>05072024 1000</startdatetime><enddatetime>05072024 2000</enddatetime><personnelid>A01413</personnelid><radioid>6002419</radioid><vehicleid /></Table><Table><apparatusid>4T111</apparatusid><startdatetime>05072024 0500</startdatetime><enddatetime>05072024 1500</enddatetime><personnelid>A04696</personnelid><radioid>6002424</radioid><vehicleid /></Table><Table><apparatusid>4T11C</apparatusid><startdatetime>05072024 0700</startdatetime><enddatetime>05072024 1700</enddatetime><personnelid>A00218</personnelid><radioid>6002383</radioid><vehicleid /></Table><Table><apparatusid>4T12B</apparatusid><startdatetime>05072024 0700</startdatetime><enddatetime>05072024 1700</enddatetime><personnelid>A00193</personnelid><radioid>6002382</radioid><vehicleid /></Table><Table><apparatusid>4T300</apparatusid><startdatetime>05072024 0800</startdatetime><enddatetime>05072024 1600</enddatetime><personnelid>A06369</personnelid><radioid>52299</radioid><vehicleid>C1164</vehicleid></Table><Table><apparatusid>4T6B</apparatusid><startdatetime>05072024 1000</startdatetime><enddatetime>05072024 2000</enddatetime><personnelid>A01806</personnelid><radioid>6002441</radioid><vehicleid>T170</vehicleid></Table><Table><apparatusid>4T6C</apparatusid><startdatetime>05072024 1000</startdatetime><enddatetime>05072024 2000</enddatetime><personnelid>A04694</personnelid><radioid>6002425</radioid><vehicleid /></Table><Table><apparatusid>4T6D</apparatusid><startdatetime>05072024 1000</startdatetime><enddatetime>05072024 2000</enddatetime><personnelid>A05998</personnelid><radioid>12931</radioid><vehicleid /></Table><Table><apparatusid>4T6E</apparatusid><startdatetime>05072024 1000</startdatetime><enddatetime>05072024 2000</enddatetime><personnelid>A08690</personnelid><radioid>6002429</radioid><vehicleid /></Table></CADRosterView>