<CADRosterView><LoadFor><service>F</service><districtid>E17</districtid><shiftid>1</shiftid><startdatetime>05082024 0800</startdatetime><enddatetime>05092024 0800</enddatetime><date>05082024</date></LoadFor><Table><apparatusid>E17</apparatusid><startdatetime>05082024 0800</startdatetime><enddatetime>05092024 0800</enddatetime><personnelid>PI4254</personnelid><radioid /><vehicleid /></Table><Table><apparatusid>E17</apparatusid><startdatetime>05082024 0800</startdatetime><enddatetime>05092024 0800</enddatetime><personnelid>TS2648</personnelid><radioid /><vehicleid /></Table></CADRosterView>