<CADRosterView><LoadFor><service>P</service><districtid>POTR</districtid><shiftid>3</shiftid><startdatetime>05082024 0900</startdatetime><enddatetime>05092024 1300</enddatetime><date>05082024</date></LoadFor><Table><apparatusid>3C65</apparatusid><startdatetime>05092024 0900</startdatetime><enddatetime>05092024 1300</enddatetime><personnelid>A22414</personnelid><radioid /><vehicleid /></Table><Table><apparatusid>3C00E</apparatusid><startdatetime>05082024 1430</startdatetime><enddatetime>05092024 0030</enddatetime><personnelid>A21844</personnelid><radioid /><vehicleid /></Table><Table><apparatusid>3C103</apparatusid><startdatetime>05082024 2100</startdatetime><enddatetime>05092024 0700</enddatetime><personnelid>A21236</personnelid><radioid>6000127</radioid><vehicleid>BW234</vehicleid></Table><Table><apparatusid>3C105</apparatusid><startdatetime>05082024 1500</startdatetime><enddatetime>05092024 0100</enddatetime><personnelid>A09604</personnelid><radioid>6000470</radioid><vehicleid /></Table><Table><apparatusid>3C106</apparatusid><startdatetime>05082024 2100</startdatetime><enddatetime>05092024 0700</enddatetime><personnelid>A20848</personnelid><radioid>52267</radioid><vehicleid /></Table><Table><apparatusid>3C108</apparatusid><startdatetime>05082024 1500</startdatetime><enddatetime>05092024 0100</enddatetime><personnelid>A09962</personnelid><radioid>6001276</radioid><vehicleid>BW234</vehicleid></Table><Table><apparatusid>3C110</apparatusid><startdatetime>05082024 2100</startdatetime><enddatetime>05092024 0700</enddatetime><personnelid>A09462</personnelid><radioid>6001162</radioid><vehicleid>BW060</vehicleid></Table><Table><apparatusid>3C115</apparatusid><startdatetime>05082024 2100</startdatetime><enddatetime>05092024 0700</enddatetime><personnelid>A09308</personnelid><radioid>6001007</radioid><vehicleid>BW234</vehicleid></Table><Table><apparatusid>3C11D</apparatusid><startdatetime>05082024 1500</startdatetime><enddatetime>05092024 0100</enddatetime><personnelid>A22404</personnelid><radioid>6001379</radioid><vehicleid /></Table><Table><apparatusid>3C11D</apparatusid><startdatetime>05082024 1500</startdatetime><enddatetime>05092024 0100</enddatetime><personnelid>A22414</personnelid><radioid>6001453</radioid><vehicleid /></Table><Table><apparatusid>3C11E</apparatusid><startdatetime>05082024 2100</startdatetime><enddatetime>05092024 0700</enddatetime><personnelid>A21728</personnelid><radioid>6002214</radioid><vehicleid /></Table><Table><apparatusid>3C11E</apparatusid><startdatetime>05082024 2100</startdatetime><enddatetime>05092024 0700</enddatetime><personnelid>A22724</personnelid><radioid>6001604</radioid><vehicleid /></Table><Table><apparatusid>3C12D</apparatusid><startdatetime>05082024 1500</startdatetime><enddatetime>05092024 0100</enddatetime><personnelid>A22121</personnelid><radioid>6001295</radioid><vehicleid /></Table><Table><apparatusid>3C12D</apparatusid><startdatetime>05082024 1500</startdatetime><enddatetime>05092024 0100</enddatetime><personnelid>A23983</personnelid><radioid>6002329</radioid><vehicleid /></Table><Table><apparatusid>3C12D</apparatusid><startdatetime>05082024 1500</startdatetime><enddatetime>05092024 0100</enddatetime><personnelid>A23178</personnelid><radioid /><vehicleid /></Table><Table><apparatusid>3C12E</apparatusid><startdatetime>05082024 2100</startdatetime><enddatetime>05092024 0700</enddatetime><personnelid>A23860</personnelid><radioid>6002317</radioid><vehicleid /></Table><Table><apparatusid>3C12E</apparatusid><startdatetime>05082024 2100</startdatetime><enddatetime>05092024 0700</enddatetime><personnelid>A25443</personnelid><radioid>6001743</radioid><vehicleid /></Table><Table><apparatusid>3C13D</apparatusid><startdatetime>05082024 1500</startdatetime><enddatetime>05092024 0100</enddatetime><personnelid>A23889</personnelid><radioid>6001917</radioid><vehicleid /></Table><Table><apparatusid>3C13D</apparatusid><startdatetime>05082024 1500</startdatetime><enddatetime>05092024 0100</enddatetime><personnelid>A24549</personnelid><radioid>6000878</radioid><vehicleid /></Table><Table><apparatusid>3C13E</apparatusid><startdatetime>05082024 2100</startdatetime><enddatetime>05092024 0700</enddatetime><personnelid>A24398</personnelid><radioid>6001589</radioid><vehicleid /></Table><Table><apparatusid>3C13E</apparatusid><startdatetime>05082024 2100</startdatetime><enddatetime>05092024 0700</enddatetime><personnelid>A24392</personnelid><radioid>6001081</radioid><vehicleid /></Table><Table><apparatusid>3C14D</apparatusid><startdatetime>05082024 1500</startdatetime><enddatetime>05092024 0100</enddatetime><personnelid>A21294</personnelid><radioid>6000690</radioid><vehicleid /></Table><Table><apparatusid>3C14D</apparatusid><startdatetime>05082024 1500</startdatetime><enddatetime>05092024 0100</enddatetime><personnelid>A22141</personnelid><radioid>6001479</radioid><vehicleid /></Table><Table><apparatusid>3C14E</apparatusid><startdatetime>05082024 2100</startdatetime><enddatetime>05092024 0700</enddatetime><personnelid>A22409</personnelid><radioid>6001404</radioid><vehicleid /></Table><Table><apparatusid>3C14E</apparatusid><startdatetime>05082024 2100</startdatetime><enddatetime>05092024 0700</enddatetime><personnelid>A22283</personnelid><radioid>6002353</radioid><vehicleid /></Table><Table><apparatusid>3C15D</apparatusid><startdatetime>05082024 1500</startdatetime><enddatetime>05092024 0100</enddatetime><personnelid>A24565</personnelid><radioid>6001144</radioid><vehicleid /></Table><Table><apparatusid>3C15D</apparatusid><startdatetime>05082024 1500</startdatetime><enddatetime>05092024 0100</enddatetime><personnelid>A24552</personnelid><radioid>6002343</radioid><vehicleid /></Table><Table><apparatusid>3C15E</apparatusid><startdatetime>05082024 2100</startdatetime><enddatetime>05092024 0700</enddatetime><personnelid>A25102</personnelid><radioid>6001089</radioid><vehicleid /></Table><Table><apparatusid>3C15E</apparatusid><startdatetime>05082024 2100</startdatetime><enddatetime>05092024 0700</enddatetime><personnelid>A24225</personnelid><radioid>6001358</radioid><vehicleid /></Table><Table><apparatusid>3C203</apparatusid><startdatetime>05082024 1400</startdatetime><enddatetime>05092024 0000</enddatetime><personnelid>A07061</personnelid><radioid>6000955</radioid><vehicleid>BW234</vehicleid></Table><Table><apparatusid>3C31</apparatusid><startdatetime>05082024 2100</startdatetime><enddatetime>05092024 0700</enddatetime><personnelid>A07062</personnelid><radioid>6001134</radioid><vehicleid /></Table><Table><apparatusid>3C31</apparatusid><startdatetime>05082024 2100</startdatetime><enddatetime>05092024 0700</enddatetime><personnelid>A08835</personnelid><radioid>6001197</radioid><vehicleid /></Table><Table><apparatusid>3C61</apparatusid><startdatetime>05082024 2100</startdatetime><enddatetime>05092024 0700</enddatetime><personnelid>A24818</personnelid><radioid>6000680</radioid><vehicleid /></Table></CADRosterView>