<CADRosterView><LoadFor><service>F</service><districtid>M572</districtid><shiftid>1</shiftid><startdatetime>05072024 0900</startdatetime><enddatetime>05072024 2100</enddatetime><date>05072024</date></LoadFor><Table><apparatusid>M572</apparatusid><startdatetime>05072024 0900</startdatetime><enddatetime>05072024 2100</enddatetime><personnelid>FL3690</personnelid><radioid /><vehicleid /></Table><Table><apparatusid>M572</apparatusid><startdatetime>05072024 0900</startdatetime><enddatetime>05072024 2100</enddatetime><personnelid>RE1554</personnelid><radioid /><vehicleid /></Table></CADRosterView>