<CADRosterView><LoadFor><service>F</service><districtid>E26</districtid><shiftid>1</shiftid><startdatetime>05082024 0800</startdatetime><enddatetime>05092024 0800</enddatetime><date>05082024</date></LoadFor><Table><apparatusid>E26</apparatusid><startdatetime>05082024 0800</startdatetime><enddatetime>05092024 0800</enddatetime><personnelid>ME1660</personnelid><radioid /><vehicleid /></Table><Table><apparatusid>E26</apparatusid><startdatetime>05082024 0800</startdatetime><enddatetime>05092024 0800</enddatetime><personnelid>HO4999</personnelid><radioid /><vehicleid /></Table></CADRosterView>