<CADRosterView><LoadFor><service>P</service><districtid>INGL</districtid><shiftid>3</shiftid><startdatetime>05082024 1200</startdatetime><enddatetime>05092024 2100</enddatetime><date>05082024</date></LoadFor><Table><apparatusid>3H112</apparatusid><startdatetime>05082024 1200</startdatetime><enddatetime>05082024 2200</enddatetime><personnelid>A21094</personnelid><radioid>52330</radioid><vehicleid>BW226</vehicleid></Table><Table><apparatusid>3H204</apparatusid><startdatetime>05092024 0900</startdatetime><enddatetime>05092024 1900</enddatetime><personnelid>A09141</personnelid><radioid>12984</radioid><vehicleid>BW049</vehicleid></Table><Table><apparatusid>3H2D</apparatusid><startdatetime>05092024 1100</startdatetime><enddatetime>05092024 2100</enddatetime><personnelid>A24142</personnelid><radioid>6001331</radioid><vehicleid /></Table><Table><apparatusid>3H91</apparatusid><startdatetime>05082024 1600</startdatetime><enddatetime>05082024 2200</enddatetime><personnelid>A22534</personnelid><radioid /><vehicleid /></Table><Table><apparatusid>3H101</apparatusid><startdatetime>05082024 2030</startdatetime><enddatetime>05092024 0630</enddatetime><personnelid>A22496</personnelid><radioid>6001246</radioid><vehicleid>BW130</vehicleid></Table><Table><apparatusid>3H109</apparatusid><startdatetime>05082024 1500</startdatetime><enddatetime>05092024 0100</enddatetime><personnelid>A02198</personnelid><radioid>6000314</radioid><vehicleid>BW186</vehicleid></Table><Table><apparatusid>3H111</apparatusid><startdatetime>05082024 2030</startdatetime><enddatetime>05092024 0630</enddatetime><personnelid>A10629</personnelid><radioid>6000590</radioid><vehicleid /></Table><Table><apparatusid>3H113</apparatusid><startdatetime>05082024 2030</startdatetime><enddatetime>05092024 0630</enddatetime><personnelid>A09165</personnelid><radioid>6002232</radioid><vehicleid /></Table><Table><apparatusid>3H115</apparatusid><startdatetime>05082024 1430</startdatetime><enddatetime>05092024 0030</enddatetime><personnelid>A05338</personnelid><radioid>6000760</radioid><vehicleid>B1252</vehicleid></Table><Table><apparatusid>3H117</apparatusid><startdatetime>05082024 1500</startdatetime><enddatetime>05092024 0100</enddatetime><personnelid>A10505</personnelid><radioid>6000876</radioid><vehicleid /></Table><Table><apparatusid>3H11D</apparatusid><startdatetime>05082024 1500</startdatetime><enddatetime>05092024 0100</enddatetime><personnelid>A20974</personnelid><radioid>6000830</radioid><vehicleid /></Table><Table><apparatusid>3H11D</apparatusid><startdatetime>05082024 1500</startdatetime><enddatetime>05092024 0100</enddatetime><personnelid>A20817</personnelid><radioid>6001884</radioid><vehicleid /></Table><Table><apparatusid>3H11E</apparatusid><startdatetime>05082024 2100</startdatetime><enddatetime>05092024 0700</enddatetime><personnelid>A20991</personnelid><radioid>6000887</radioid><vehicleid /></Table><Table><apparatusid>3H11E</apparatusid><startdatetime>05082024 2100</startdatetime><enddatetime>05092024 0700</enddatetime><personnelid>A21092</personnelid><radioid>14050</radioid><vehicleid /></Table><Table><apparatusid>3H12D</apparatusid><startdatetime>05082024 1500</startdatetime><enddatetime>05092024 0100</enddatetime><personnelid>A25437</personnelid><radioid>6001532</radioid><vehicleid /></Table><Table><apparatusid>3H12D</apparatusid><startdatetime>05082024 1500</startdatetime><enddatetime>05092024 0100</enddatetime><personnelid>A23094</personnelid><radioid>53292</radioid><vehicleid /></Table><Table><apparatusid>3H12E</apparatusid><startdatetime>05082024 2100</startdatetime><enddatetime>05092024 0700</enddatetime><personnelid>A10732</personnelid><radioid>6000793</radioid><vehicleid /></Table><Table><apparatusid>3H12E</apparatusid><startdatetime>05082024 2100</startdatetime><enddatetime>05092024 0700</enddatetime><personnelid>A07044</personnelid><radioid>6000805</radioid><vehicleid /></Table><Table><apparatusid>3H13D</apparatusid><startdatetime>05082024 1500</startdatetime><enddatetime>05092024 0100</enddatetime><personnelid>A21382</personnelid><radioid>6002516</radioid><vehicleid /></Table><Table><apparatusid>3H13D</apparatusid><startdatetime>05082024 1500</startdatetime><enddatetime>05092024 0100</enddatetime><personnelid>A20967</personnelid><radioid>6002470</radioid><vehicleid /></Table><Table><apparatusid>3H13E</apparatusid><startdatetime>05082024 2100</startdatetime><enddatetime>05092024 0700</enddatetime><personnelid>A23232</personnelid><radioid>6002110</radioid><vehicleid /></Table><Table><apparatusid>3H13E</apparatusid><startdatetime>05082024 2100</startdatetime><enddatetime>05092024 0700</enddatetime><personnelid>A08842</personnelid><radioid>6000832</radioid><vehicleid /></Table><Table><apparatusid>3H14D</apparatusid><startdatetime>05082024 1500</startdatetime><enddatetime>05092024 0100</enddatetime><personnelid>A23881</personnelid><radioid>6002316</radioid><vehicleid /></Table><Table><apparatusid>3H14E</apparatusid><startdatetime>05082024 2100</startdatetime><enddatetime>05092024 0700</enddatetime><personnelid>A21674</personnelid><radioid>6000795</radioid><vehicleid /></Table><Table><apparatusid>3H14E</apparatusid><startdatetime>05082024 2100</startdatetime><enddatetime>05092024 0700</enddatetime><personnelid>A21617</personnelid><radioid>6000891</radioid><vehicleid /></Table><Table><apparatusid>3H15D</apparatusid><startdatetime>05082024 1500</startdatetime><enddatetime>05092024 0100</enddatetime><personnelid>A24901</personnelid><radioid>6001044</radioid><vehicleid /></Table><Table><apparatusid>3H15D</apparatusid><startdatetime>05082024 1500</startdatetime><enddatetime>05092024 0100</enddatetime><personnelid>A23864</personnelid><radioid>6000524</radioid><vehicleid /></Table><Table><apparatusid>3H15E</apparatusid><startdatetime>05082024 2100</startdatetime><enddatetime>05092024 0700</enddatetime><personnelid>A24915</personnelid><radioid>6000778</radioid><vehicleid /></Table><Table><apparatusid>3H15E</apparatusid><startdatetime>05082024 2100</startdatetime><enddatetime>05092024 0700</enddatetime><personnelid>A25093</personnelid><radioid>6001559</radioid><vehicleid /></Table><Table><apparatusid>3H16D</apparatusid><startdatetime>05082024 1500</startdatetime><enddatetime>05092024 0100</enddatetime><personnelid>A21154</personnelid><radioid>6000788</radioid><vehicleid /></Table><Table><apparatusid>3H16D</apparatusid><startdatetime>05082024 1500</startdatetime><enddatetime>05092024 0100</enddatetime><personnelid>A21167</personnelid><radioid>6000865</radioid><vehicleid /></Table><Table><apparatusid>3H16E</apparatusid><startdatetime>05082024 2100</startdatetime><enddatetime>05092024 0700</enddatetime><personnelid>A24157</personnelid><radioid>6002054</radioid><vehicleid /></Table><Table><apparatusid>3H16E</apparatusid><startdatetime>05082024 2100</startdatetime><enddatetime>05092024 0700</enddatetime><personnelid>A24141</personnelid><radioid>6000305</radioid><vehicleid /></Table><Table><apparatusid>3H203</apparatusid><startdatetime>05082024 1430</startdatetime><enddatetime>05092024 0030</enddatetime><personnelid>A10630</personnelid><radioid>6002178</radioid><vehicleid /></Table><Table><apparatusid>3H61</apparatusid><startdatetime>05082024 1500</startdatetime><enddatetime>05092024 0100</enddatetime><personnelid>A22019</personnelid><radioid>6000753</radioid><vehicleid /></Table><Table><apparatusid>3H61</apparatusid><startdatetime>05082024 1500</startdatetime><enddatetime>05092024 0100</enddatetime><personnelid>A22056</personnelid><radioid>6000554</radioid><vehicleid /></Table><Table><apparatusid>3H62</apparatusid><startdatetime>05082024 2100</startdatetime><enddatetime>05092024 0700</enddatetime><personnelid>A22489</personnelid><radioid>6001920</radioid><vehicleid /></Table><Table><apparatusid>3H62</apparatusid><startdatetime>05082024 2100</startdatetime><enddatetime>05092024 0700</enddatetime><personnelid>A23038</personnelid><radioid>6002068</radioid><vehicleid /></Table><Table><apparatusid>3H90</apparatusid><startdatetime>05082024 1500</startdatetime><enddatetime>05092024 0100</enddatetime><personnelid>A23863</personnelid><radioid>6002234</radioid><vehicleid /></Table><Table><apparatusid>3H91</apparatusid><startdatetime>05082024 1500</startdatetime><enddatetime>05092024 0100</enddatetime><personnelid>A22570</personnelid><radioid>6000644</radioid><vehicleid /></Table><Table><apparatusid>3H92</apparatusid><startdatetime>05082024 2100</startdatetime><enddatetime>05092024 0700</enddatetime><personnelid>A24584</personnelid><radioid /><vehicleid /></Table><Table><apparatusid>3H92</apparatusid><startdatetime>05082024 2100</startdatetime><enddatetime>05092024 0700</enddatetime><personnelid>A24557</personnelid><radioid>6002138</radioid><vehicleid /></Table><Table><apparatusid>3H92</apparatusid><startdatetime>05082024 2100</startdatetime><enddatetime>05092024 0700</enddatetime><personnelid>A22151</personnelid><radioid>52795</radioid><vehicleid /></Table></CADRosterView>