<CADRosterView><LoadFor><service>F</service><districtid>M584</districtid><shiftid>1</shiftid><startdatetime>05072024 0400</startdatetime><enddatetime>05082024 0400</enddatetime><date>05072024</date></LoadFor><Table><apparatusid>M584</apparatusid><startdatetime>05072024 0400</startdatetime><enddatetime>05072024 1600</enddatetime><personnelid>SP2434</personnelid><radioid /><vehicleid /></Table><Table><apparatusid>M584</apparatusid><startdatetime>05072024 0400</startdatetime><enddatetime>05072024 1600</enddatetime><personnelid>SP3448</personnelid><radioid /><vehicleid /></Table><Table><apparatusid>M584</apparatusid><startdatetime>05072024 1600</startdatetime><enddatetime>05082024 0400</enddatetime><personnelid>BA1734</personnelid><radioid /><vehicleid /></Table><Table><apparatusid>M584</apparatusid><startdatetime>05072024 1600</startdatetime><enddatetime>05082024 0400</enddatetime><personnelid>FA1459</personnelid><radioid /><vehicleid /></Table></CADRosterView>