<CADRosterView><LoadFor><service>F</service><districtid>E11</districtid><shiftid>1</shiftid><startdatetime>05082024 0800</startdatetime><enddatetime>05092024 0800</enddatetime><date>05082024</date></LoadFor><Table><apparatusid>E11</apparatusid><startdatetime>05082024 0800</startdatetime><enddatetime>05082024 2000</enddatetime><personnelid>AB1010</personnelid><radioid /><vehicleid /></Table><Table><apparatusid>E11</apparatusid><startdatetime>05082024 0800</startdatetime><enddatetime>05082024 2000</enddatetime><personnelid>DU1575</personnelid><radioid /><vehicleid /></Table><Table><apparatusid>E11</apparatusid><startdatetime>05082024 0800</startdatetime><enddatetime>05082024 2000</enddatetime><personnelid>HO0365</personnelid><radioid /><vehicleid /></Table><Table><apparatusid>E11</apparatusid><startdatetime>05082024 2000</startdatetime><enddatetime>05092024 0800</enddatetime><personnelid>BA1485</personnelid><radioid /><vehicleid /></Table><Table><apparatusid>E11</apparatusid><startdatetime>05082024 2000</startdatetime><enddatetime>05092024 0800</enddatetime><personnelid>DU1575</personnelid><radioid /><vehicleid /></Table><Table><apparatusid>E11</apparatusid><startdatetime>05082024 2000</startdatetime><enddatetime>05092024 0800</enddatetime><personnelid>HO0365</personnelid><radioid /><vehicleid /></Table></CADRosterView>