<CADRosterView><LoadFor><service>F</service><districtid>E40</districtid><shiftid>1</shiftid><startdatetime>05082024 0800</startdatetime><enddatetime>05092024 0800</enddatetime><date>05082024</date></LoadFor><Table><apparatusid>E40</apparatusid><startdatetime>05082024 0800</startdatetime><enddatetime>05092024 0800</enddatetime><personnelid>LE4592</personnelid><radioid /><vehicleid /></Table><Table><apparatusid>E40</apparatusid><startdatetime>05082024 0800</startdatetime><enddatetime>05092024 0800</enddatetime><personnelid>WI2432</personnelid><radioid /><vehicleid /></Table><Table><apparatusid>E40</apparatusid><startdatetime>05082024 0800</startdatetime><enddatetime>05092024 0800</enddatetime><personnelid>MU5436</personnelid><radioid /><vehicleid /></Table></CADRosterView>