<CADRosterView><LoadFor><service>F</service><districtid>AM12</districtid><shiftid>1</shiftid><startdatetime>05072024 1800</startdatetime><enddatetime>05082024 0700</enddatetime><date>05072024</date></LoadFor><Table><apparatusid>AM120</apparatusid><startdatetime>05072024 1800</startdatetime><enddatetime>05082024 0600</enddatetime><personnelid>MX1848</personnelid><radioid /><vehicleid>A15760</vehicleid></Table><Table><apparatusid>AM120</apparatusid><startdatetime>05072024 1800</startdatetime><enddatetime>05082024 0600</enddatetime><personnelid>MX1971</personnelid><radioid /><vehicleid>A15760</vehicleid></Table><Table><apparatusid>AM122</apparatusid><startdatetime>05072024 1900</startdatetime><enddatetime>05082024 0700</enddatetime><personnelid>MX1910</personnelid><radioid /><vehicleid>A27319</vehicleid></Table><Table><apparatusid>AM122</apparatusid><startdatetime>05072024 1900</startdatetime><enddatetime>05082024 0700</enddatetime><personnelid>MX1980</personnelid><radioid /><vehicleid>A27319</vehicleid></Table></CADRosterView>