<CADRosterView><LoadFor><service>F</service><districtid>T10</districtid><shiftid>1</shiftid><startdatetime>05072024 0800</startdatetime><enddatetime>05082024 0800</enddatetime><date>05072024</date></LoadFor><Table><apparatusid>T10</apparatusid><startdatetime>05072024 0800</startdatetime><enddatetime>05082024 0800</enddatetime><personnelid>LE5871</personnelid><radioid /><vehicleid /></Table><Table><apparatusid>T10</apparatusid><startdatetime>05072024 0800</startdatetime><enddatetime>05082024 0800</enddatetime><personnelid>VI2676</personnelid><radioid /><vehicleid /></Table><Table><apparatusid>T10</apparatusid><startdatetime>05072024 0800</startdatetime><enddatetime>05082024 0800</enddatetime><personnelid>TA2004</personnelid><radioid /><vehicleid /></Table><Table><apparatusid>T10</apparatusid><startdatetime>05072024 0800</startdatetime><enddatetime>05082024 0800</enddatetime><personnelid>TU1287</personnelid><radioid /><vehicleid /></Table><Table><apparatusid>T10</apparatusid><startdatetime>05072024 0800</startdatetime><enddatetime>05082024 0800</enddatetime><personnelid>DI2131</personnelid><radioid /><vehicleid /></Table></CADRosterView>