<CADRosterView><LoadFor><service>P</service><districtid>MISS</districtid><shiftid>2</shiftid><startdatetime>05072024 0530</startdatetime><enddatetime>05072024 2100</enddatetime><date>05072024</date></LoadFor><Table><apparatusid>3D00B</apparatusid><startdatetime>05072024 0600</startdatetime><enddatetime>05072024 1600</enddatetime><personnelid>A24124</personnelid><radioid /><vehicleid /></Table><Table><apparatusid>3D110</apparatusid><startdatetime>05072024 0530</startdatetime><enddatetime>05072024 1530</enddatetime><personnelid>A10880</personnelid><radioid>6000551</radioid><vehicleid>BW084</vehicleid></Table><Table><apparatusid>3D11A</apparatusid><startdatetime>05072024 0600</startdatetime><enddatetime>05072024 1600</enddatetime><personnelid>A21951</personnelid><radioid>6001294</radioid><vehicleid /></Table><Table><apparatusid>3D11A</apparatusid><startdatetime>05072024 0600</startdatetime><enddatetime>05072024 1600</enddatetime><personnelid>A23066</personnelid><radioid>6002109</radioid><vehicleid /></Table><Table><apparatusid>3D120</apparatusid><startdatetime>05072024 0700</startdatetime><enddatetime>05072024 1700</enddatetime><personnelid>A07028</personnelid><radioid>6000457</radioid><vehicleid /></Table><Table><apparatusid>3D12A</apparatusid><startdatetime>05072024 0600</startdatetime><enddatetime>05072024 1600</enddatetime><personnelid>A25447</personnelid><radioid>6002047</radioid><vehicleid /></Table><Table><apparatusid>3D12A</apparatusid><startdatetime>05072024 0600</startdatetime><enddatetime>05072024 1600</enddatetime><personnelid>A22369</personnelid><radioid>52306</radioid><vehicleid /></Table><Table><apparatusid>3D12C</apparatusid><startdatetime>05072024 1100</startdatetime><enddatetime>05072024 2100</enddatetime><personnelid>A22055</personnelid><radioid>6001558</radioid><vehicleid /></Table><Table><apparatusid>3D12C</apparatusid><startdatetime>05072024 1100</startdatetime><enddatetime>05072024 2100</enddatetime><personnelid>A22166</personnelid><radioid>6000848</radioid><vehicleid /></Table><Table><apparatusid>3D14A</apparatusid><startdatetime>05072024 0600</startdatetime><enddatetime>05072024 1600</enddatetime><personnelid>A23058</personnelid><radioid>6002097</radioid><vehicleid /></Table><Table><apparatusid>3D14A</apparatusid><startdatetime>05072024 0600</startdatetime><enddatetime>05072024 1600</enddatetime><personnelid>A25433</personnelid><radioid /><vehicleid /></Table><Table><apparatusid>3D14C</apparatusid><startdatetime>05072024 1100</startdatetime><enddatetime>05072024 2100</enddatetime><personnelid>A25452</personnelid><radioid /><vehicleid /></Table><Table><apparatusid>3D14C</apparatusid><startdatetime>05072024 1100</startdatetime><enddatetime>05072024 2100</enddatetime><personnelid>A23710</personnelid><radioid>6002340</radioid><vehicleid /></Table><Table><apparatusid>3D15A</apparatusid><startdatetime>05072024 0600</startdatetime><enddatetime>05072024 1600</enddatetime><personnelid>A22708</personnelid><radioid>6001599</radioid><vehicleid /></Table><Table><apparatusid>3D15A</apparatusid><startdatetime>05072024 0600</startdatetime><enddatetime>05072024 1600</enddatetime><personnelid>A25431</personnelid><radioid /><vehicleid /></Table><Table><apparatusid>3D16A</apparatusid><startdatetime>05072024 0600</startdatetime><enddatetime>05072024 1600</enddatetime><personnelid>A22030</personnelid><radioid>6002130</radioid><vehicleid>BW096</vehicleid></Table><Table><apparatusid>3D16A</apparatusid><startdatetime>05072024 0600</startdatetime><enddatetime>05072024 1600</enddatetime><personnelid>A22850</personnelid><radioid>6002034</radioid><vehicleid>BW096</vehicleid></Table><Table><apparatusid>3D23</apparatusid><startdatetime>05072024 0700</startdatetime><enddatetime>05072024 1700</enddatetime><personnelid>A23041</personnelid><radioid>6002076</radioid><vehicleid /></Table><Table><apparatusid>3D24</apparatusid><startdatetime>05072024 0800</startdatetime><enddatetime>05072024 1800</enddatetime><personnelid>A07423</personnelid><radioid>6000539</radioid><vehicleid /></Table><Table><apparatusid>3D26</apparatusid><startdatetime>05072024 0700</startdatetime><enddatetime>05072024 1700</enddatetime><personnelid>A05072</personnelid><radioid>6000540</radioid><vehicleid /></Table><Table><apparatusid>3D29</apparatusid><startdatetime>05072024 1100</startdatetime><enddatetime>05072024 2100</enddatetime><personnelid>A07688</personnelid><radioid>6000080</radioid><vehicleid /></Table><Table><apparatusid>3D300</apparatusid><startdatetime>05072024 0800</startdatetime><enddatetime>05072024 1600</enddatetime><personnelid>A09296</personnelid><radioid>6000383</radioid><vehicleid>C1130</vehicleid></Table><Table><apparatusid>3D6C</apparatusid><startdatetime>05072024 1100</startdatetime><enddatetime>05072024 2100</enddatetime><personnelid>A23702</personnelid><radioid>6002286</radioid><vehicleid /></Table><Table><apparatusid>3DCP</apparatusid><startdatetime>05072024 0900</startdatetime><enddatetime>05072024 1700</enddatetime><personnelid>A05964</personnelid><radioid /><vehicleid /></Table></CADRosterView>