<CADRosterView><LoadFor><service>F</service><districtid>E15</districtid><shiftid>1</shiftid><startdatetime>05082024 0800</startdatetime><enddatetime>05092024 0800</enddatetime><date>05082024</date></LoadFor><Table><apparatusid>E15</apparatusid><startdatetime>05082024 0800</startdatetime><enddatetime>05092024 0800</enddatetime><personnelid>PR7532</personnelid><radioid /><vehicleid /></Table><Table><apparatusid>E15</apparatusid><startdatetime>05082024 0800</startdatetime><enddatetime>05092024 0800</enddatetime><personnelid>OR9980</personnelid><radioid /><vehicleid /></Table></CADRosterView>