<CADRosterView><LoadFor><service>F</service><districtid>QRV1</districtid><shiftid>1</shiftid><startdatetime>05072024 0430</startdatetime><enddatetime>05082024 0430</enddatetime><date>05072024</date></LoadFor><Table><apparatusid>QRV1</apparatusid><startdatetime>05072024 0430</startdatetime><enddatetime>05072024 1630</enddatetime><personnelid>YU3594</personnelid><radioid /><vehicleid /></Table><Table><apparatusid>QRV1</apparatusid><startdatetime>05072024 1630</startdatetime><enddatetime>05082024 0430</enddatetime><personnelid>ER2373</personnelid><radioid /><vehicleid /></Table></CADRosterView>