<CADRosterView><LoadFor><service>P</service><districtid>CENT</districtid><shiftid>3</shiftid><startdatetime>05072024 1430</startdatetime><enddatetime>05082024 0700</enddatetime><date>05072024</date></LoadFor><Table><apparatusid>3A109</apparatusid><startdatetime>05072024 1500</startdatetime><enddatetime>05082024 0700</enddatetime><personnelid>A07035</personnelid><radioid /><vehicleid /></Table><Table><apparatusid>3A113</apparatusid><startdatetime>05072024 2100</startdatetime><enddatetime>05082024 0700</enddatetime><personnelid>A10941</personnelid><radioid>51688</radioid><vehicleid /></Table><Table><apparatusid>3A117</apparatusid><startdatetime>05072024 1500</startdatetime><enddatetime>05082024 0100</enddatetime><personnelid>A22302</personnelid><radioid>6001324</radioid><vehicleid>BW233</vehicleid></Table><Table><apparatusid>3A11E</apparatusid><startdatetime>05072024 2100</startdatetime><enddatetime>05082024 0700</enddatetime><personnelid>A25644</personnelid><radioid>6000542</radioid><vehicleid /></Table><Table><apparatusid>3A11E</apparatusid><startdatetime>05072024 2100</startdatetime><enddatetime>05082024 0700</enddatetime><personnelid>A25385</personnelid><radioid>6002561</radioid><vehicleid /></Table><Table><apparatusid>3A12E</apparatusid><startdatetime>05072024 2100</startdatetime><enddatetime>05082024 0700</enddatetime><personnelid>A24816</personnelid><radioid /><vehicleid /></Table><Table><apparatusid>3A12E</apparatusid><startdatetime>05072024 2100</startdatetime><enddatetime>05082024 0700</enddatetime><personnelid>A21242</personnelid><radioid>6000806</radioid><vehicleid /></Table><Table><apparatusid>3A13D</apparatusid><startdatetime>05072024 1500</startdatetime><enddatetime>05082024 0100</enddatetime><personnelid>A22127</personnelid><radioid>51491</radioid><vehicleid /></Table><Table><apparatusid>3A13D</apparatusid><startdatetime>05072024 1500</startdatetime><enddatetime>05082024 0100</enddatetime><personnelid>A21285</personnelid><radioid>51868</radioid><vehicleid /></Table><Table><apparatusid>3A13E</apparatusid><startdatetime>05072024 2100</startdatetime><enddatetime>05082024 0700</enddatetime><personnelid>A22575</personnelid><radioid>52288</radioid><vehicleid /></Table><Table><apparatusid>3A13E</apparatusid><startdatetime>05072024 2100</startdatetime><enddatetime>05082024 0700</enddatetime><personnelid>A22887</personnelid><radioid>6002033</radioid><vehicleid /></Table><Table><apparatusid>3A14D</apparatusid><startdatetime>05072024 1500</startdatetime><enddatetime>05082024 0100</enddatetime><personnelid>A21383</personnelid><radioid>51926</radioid><vehicleid /></Table><Table><apparatusid>3A14D</apparatusid><startdatetime>05072024 1500</startdatetime><enddatetime>05082024 0100</enddatetime><personnelid>A22274</personnelid><radioid>51918</radioid><vehicleid /></Table><Table><apparatusid>3A14E</apparatusid><startdatetime>05072024 2100</startdatetime><enddatetime>05082024 0700</enddatetime><personnelid>A25448</personnelid><radioid>6001171</radioid><vehicleid /></Table><Table><apparatusid>3A14E</apparatusid><startdatetime>05072024 2100</startdatetime><enddatetime>05082024 0700</enddatetime><personnelid>A24230</personnelid><radioid>51903</radioid><vehicleid /></Table><Table><apparatusid>3A15D</apparatusid><startdatetime>05072024 1500</startdatetime><enddatetime>05082024 0100</enddatetime><personnelid>A09882</personnelid><radioid>51919</radioid><vehicleid /></Table><Table><apparatusid>3A15D</apparatusid><startdatetime>05072024 1500</startdatetime><enddatetime>05082024 0100</enddatetime><personnelid>A21269</personnelid><radioid>51820</radioid><vehicleid /></Table><Table><apparatusid>3A15E</apparatusid><startdatetime>05072024 2100</startdatetime><enddatetime>05082024 0700</enddatetime><personnelid>A22387</personnelid><radioid>16276</radioid><vehicleid /></Table><Table><apparatusid>3A15E</apparatusid><startdatetime>05072024 2100</startdatetime><enddatetime>05082024 0700</enddatetime><personnelid>A23187</personnelid><radioid /><vehicleid /></Table><Table><apparatusid>3A203</apparatusid><startdatetime>05072024 1430</startdatetime><enddatetime>05082024 0030</enddatetime><personnelid>A06709</personnelid><radioid>6001761</radioid><vehicleid>BW140</vehicleid></Table><Table><apparatusid>3A32</apparatusid><startdatetime>05072024 2100</startdatetime><enddatetime>05082024 0700</enddatetime><personnelid>A22661</personnelid><radioid>6002203</radioid><vehicleid /></Table><Table><apparatusid>3A40E</apparatusid><startdatetime>05072024 2100</startdatetime><enddatetime>05082024 0700</enddatetime><personnelid>A22481</personnelid><radioid>13246</radioid><vehicleid /></Table><Table><apparatusid>3A40E</apparatusid><startdatetime>05072024 2100</startdatetime><enddatetime>05082024 0700</enddatetime><personnelid>A24233</personnelid><radioid>6002351</radioid><vehicleid /></Table><Table><apparatusid>3A60</apparatusid><startdatetime>05072024 2100</startdatetime><enddatetime>05082024 0700</enddatetime><personnelid>A21675</personnelid><radioid>52630</radioid><vehicleid /></Table><Table><apparatusid>3ASD</apparatusid><startdatetime>05072024 1500</startdatetime><enddatetime>05082024 0100</enddatetime><personnelid>A20292</personnelid><radioid /><vehicleid /></Table><Table><apparatusid>3ASK</apparatusid><startdatetime>05072024 1500</startdatetime><enddatetime>05082024 0100</enddatetime><personnelid>A05854</personnelid><radioid>51849</radioid><vehicleid /></Table></CADRosterView>