<CADRosterView><LoadFor><service>P</service><districtid>TEND</districtid><shiftid>6</shiftid><startdatetime>05092024 1000</startdatetime><enddatetime>05092024 2000</enddatetime><date>05092024</date></LoadFor><Table><apparatusid>3J</apparatusid><startdatetime>05092024 1000</startdatetime><enddatetime>05092024 2000</enddatetime><personnelid>A23095</personnelid><radioid>52785</radioid><vehicleid /></Table><Table><apparatusid>3J</apparatusid><startdatetime>05092024 1000</startdatetime><enddatetime>05092024 2000</enddatetime><personnelid>A22243</personnelid><radioid>6000364</radioid><vehicleid /></Table><Table><apparatusid>3J</apparatusid><startdatetime>05092024 1000</startdatetime><enddatetime>05092024 2000</enddatetime><personnelid>A22135</personnelid><radioid>6000223</radioid><vehicleid /></Table><Table><apparatusid>3J</apparatusid><startdatetime>05092024 1000</startdatetime><enddatetime>05092024 2000</enddatetime><personnelid>A22066</personnelid><radioid>6000883</radioid><vehicleid /></Table><Table><apparatusid>3J150</apparatusid><startdatetime>05092024 1000</startdatetime><enddatetime>05092024 2000</enddatetime><personnelid>A21370</personnelid><radioid>51686</radioid><vehicleid /></Table></CADRosterView>