<CADRosterView><LoadFor><service>F</service><districtid>M557</districtid><shiftid>1</shiftid><startdatetime>05072024 1500</startdatetime><enddatetime>05082024 0300</enddatetime><date>05072024</date></LoadFor><Table><apparatusid>M557</apparatusid><startdatetime>05072024 1500</startdatetime><enddatetime>05082024 0300</enddatetime><personnelid>PA2953</personnelid><radioid /><vehicleid /></Table><Table><apparatusid>M557</apparatusid><startdatetime>05072024 1500</startdatetime><enddatetime>05082024 0300</enddatetime><personnelid>SP1752</personnelid><radioid /><vehicleid /></Table></CADRosterView>