<CADRosterView><LoadFor><service>F</service><districtid>E31</districtid><shiftid>1</shiftid><startdatetime>05072024 0800</startdatetime><enddatetime>05082024 0800</enddatetime><date>05072024</date></LoadFor><Table><apparatusid>E31</apparatusid><startdatetime>05072024 0800</startdatetime><enddatetime>05082024 0800</enddatetime><personnelid>TR1165</personnelid><radioid /><vehicleid /></Table><Table><apparatusid>E31</apparatusid><startdatetime>05072024 0800</startdatetime><enddatetime>05082024 0800</enddatetime><personnelid>PU5750</personnelid><radioid /><vehicleid /></Table><Table><apparatusid>E31</apparatusid><startdatetime>05072024 0800</startdatetime><enddatetime>05082024 0800</enddatetime><personnelid>TH3705</personnelid><radioid /><vehicleid /></Table><Table><apparatusid>E31</apparatusid><startdatetime>05072024 0800</startdatetime><enddatetime>05082024 0800</enddatetime><personnelid>BO2638</personnelid><radioid /><vehicleid /></Table><Table><apparatusid>E31</apparatusid><startdatetime>05072024 0800</startdatetime><enddatetime>05082024 0800</enddatetime><personnelid>RO1065</personnelid><radioid /><vehicleid /></Table></CADRosterView>