<CADRosterView><LoadFor><service>F</service><districtid>E20</districtid><shiftid>1</shiftid><startdatetime>05072024 0800</startdatetime><enddatetime>05082024 0800</enddatetime><date>05072024</date></LoadFor><Table><apparatusid>E20</apparatusid><startdatetime>05072024 0800</startdatetime><enddatetime>05082024 0800</enddatetime><personnelid>SE1235</personnelid><radioid /><vehicleid /></Table><Table><apparatusid>E20</apparatusid><startdatetime>05072024 0800</startdatetime><enddatetime>05082024 0800</enddatetime><personnelid>RE2483</personnelid><radioid /><vehicleid /></Table><Table><apparatusid>E20</apparatusid><startdatetime>05072024 0800</startdatetime><enddatetime>05082024 0800</enddatetime><personnelid>YE2415</personnelid><radioid /><vehicleid /></Table><Table><apparatusid>E20</apparatusid><startdatetime>05072024 0800</startdatetime><enddatetime>05082024 0800</enddatetime><personnelid>BI4350</personnelid><radioid /><vehicleid /></Table><Table><apparatusid>E20</apparatusid><startdatetime>05072024 0800</startdatetime><enddatetime>05082024 0800</enddatetime><personnelid>JI2750</personnelid><radioid /><vehicleid /></Table></CADRosterView>