<CADRosterView><LoadFor><service>F</service><districtid>E29</districtid><shiftid>1</shiftid><startdatetime>05082024 0800</startdatetime><enddatetime>05092024 0800</enddatetime><date>05082024</date></LoadFor><Table><apparatusid>E29</apparatusid><startdatetime>05082024 0800</startdatetime><enddatetime>05092024 0800</enddatetime><personnelid>LU3075</personnelid><radioid /><vehicleid /></Table><Table><apparatusid>E29</apparatusid><startdatetime>05082024 0800</startdatetime><enddatetime>05092024 0800</enddatetime><personnelid>TE2009</personnelid><radioid /><vehicleid /></Table><Table><apparatusid>E29</apparatusid><startdatetime>05082024 0800</startdatetime><enddatetime>05092024 0800</enddatetime><personnelid>BU2670</personnelid><radioid /><vehicleid /></Table></CADRosterView>