<CADRosterView><LoadFor><service>F</service><districtid>M579</districtid><shiftid>1</shiftid><startdatetime>05072024 0730</startdatetime><enddatetime>05072024 1930</enddatetime><date>05072024</date></LoadFor><Table><apparatusid>M579</apparatusid><startdatetime>05072024 0730</startdatetime><enddatetime>05072024 1930</enddatetime><personnelid>HA3506</personnelid><radioid /><vehicleid /></Table><Table><apparatusid>M579</apparatusid><startdatetime>05072024 0730</startdatetime><enddatetime>05072024 1930</enddatetime><personnelid>VE1533</personnelid><radioid /><vehicleid /></Table></CADRosterView>