<CADRosterView><LoadFor><service>P</service><districtid>RICH</districtid><shiftid>2</shiftid><startdatetime>05082024 0500</startdatetime><enddatetime>05082024 1600</enddatetime><date>05082024</date></LoadFor><Table><apparatusid>3G</apparatusid><startdatetime>05082024 0600</startdatetime><enddatetime>05082024 1600</enddatetime><personnelid>A09483</personnelid><radioid>6000727</radioid><vehicleid>BW044</vehicleid></Table><Table><apparatusid>3G10</apparatusid><startdatetime>05082024 1100</startdatetime><enddatetime>05082024 1500</enddatetime><personnelid>A20775</personnelid><radioid /><vehicleid /></Table><Table><apparatusid>3G102</apparatusid><startdatetime>05082024 0600</startdatetime><enddatetime>05082024 1600</enddatetime><personnelid>A08201</personnelid><radioid>6001321</radioid><vehicleid>B1120</vehicleid></Table><Table><apparatusid>3G112</apparatusid><startdatetime>05082024 0530</startdatetime><enddatetime>05082024 1530</enddatetime><personnelid>A09731</personnelid><radioid>6001351</radioid><vehicleid>BW138</vehicleid></Table><Table><apparatusid>3G115</apparatusid><startdatetime>05082024 0600</startdatetime><enddatetime>05082024 1600</enddatetime><personnelid>A07053</personnelid><radioid>6001810</radioid><vehicleid>E319</vehicleid></Table><Table><apparatusid>3G116</apparatusid><startdatetime>05082024 0600</startdatetime><enddatetime>05082024 1600</enddatetime><personnelid>A06178</personnelid><radioid>6001357</radioid><vehicleid>B001</vehicleid></Table><Table><apparatusid>3G12A</apparatusid><startdatetime>05082024 0600</startdatetime><enddatetime>05082024 1600</enddatetime><personnelid>A21112</personnelid><radioid>6000160</radioid><vehicleid>BW244</vehicleid></Table><Table><apparatusid>3G12A</apparatusid><startdatetime>05082024 0600</startdatetime><enddatetime>05082024 1600</enddatetime><personnelid>A21397</personnelid><radioid>6000085</radioid><vehicleid>BW244</vehicleid></Table><Table><apparatusid>3G12A</apparatusid><startdatetime>05082024 0600</startdatetime><enddatetime>05082024 1600</enddatetime><personnelid>A21415</personnelid><radioid>6000221</radioid><vehicleid>BW244</vehicleid></Table><Table><apparatusid>3G13A</apparatusid><startdatetime>05082024 0600</startdatetime><enddatetime>05082024 1600</enddatetime><personnelid>A20311</personnelid><radioid>6001667</radioid><vehicleid>BW267</vehicleid></Table><Table><apparatusid>3G13A</apparatusid><startdatetime>05082024 0600</startdatetime><enddatetime>05082024 1600</enddatetime><personnelid>A20708</personnelid><radioid>52513</radioid><vehicleid>BW267</vehicleid></Table><Table><apparatusid>3G13A</apparatusid><startdatetime>05082024 0600</startdatetime><enddatetime>05082024 1600</enddatetime><personnelid>A20710</personnelid><radioid>6001325</radioid><vehicleid>BW267</vehicleid></Table><Table><apparatusid>3G13A</apparatusid><startdatetime>05082024 0600</startdatetime><enddatetime>05082024 1600</enddatetime><personnelid>A10616</personnelid><radioid>6001328</radioid><vehicleid>BW267</vehicleid></Table><Table><apparatusid>3G1A</apparatusid><startdatetime>05082024 0600</startdatetime><enddatetime>05082024 1600</enddatetime><personnelid>A10332</personnelid><radioid>6001138</radioid><vehicleid>BW151</vehicleid></Table><Table><apparatusid>3G201</apparatusid><startdatetime>05082024 0500</startdatetime><enddatetime>05082024 1500</enddatetime><personnelid>A08074</personnelid><radioid>6001449</radioid><vehicleid>BW138</vehicleid></Table><Table><apparatusid>3G2A</apparatusid><startdatetime>05082024 0600</startdatetime><enddatetime>05082024 1600</enddatetime><personnelid>A20847</personnelid><radioid>6001209</radioid><vehicleid>BW169</vehicleid></Table><Table><apparatusid>3G5A</apparatusid><startdatetime>05082024 0600</startdatetime><enddatetime>05082024 1600</enddatetime><personnelid>A10878</personnelid><radioid>6001136</radioid><vehicleid>BW227</vehicleid></Table><Table><apparatusid>3G5A</apparatusid><startdatetime>05082024 0600</startdatetime><enddatetime>05082024 1600</enddatetime><personnelid>A09739</personnelid><radioid>6001256</radioid><vehicleid>BW227</vehicleid></Table><Table><apparatusid>3G68</apparatusid><startdatetime>05082024 0500</startdatetime><enddatetime>05082024 1500</enddatetime><personnelid>A22388</personnelid><radioid>6001639</radioid><vehicleid>K108</vehicleid></Table><Table><apparatusid>3G68</apparatusid><startdatetime>05082024 0500</startdatetime><enddatetime>05082024 1500</enddatetime><personnelid>A22417</personnelid><radioid>6000978</radioid><vehicleid>K108</vehicleid></Table><Table><apparatusid>3GSD</apparatusid><startdatetime>05082024 0600</startdatetime><enddatetime>05082024 1600</enddatetime><personnelid>A10950</personnelid><radioid /><vehicleid /></Table><Table><apparatusid>3GSD</apparatusid><startdatetime>05082024 0600</startdatetime><enddatetime>05082024 1600</enddatetime><personnelid>A24459</personnelid><radioid /><vehicleid /></Table><Table><apparatusid>3GSK</apparatusid><startdatetime>05082024 0600</startdatetime><enddatetime>05082024 1600</enddatetime><personnelid>A10970</personnelid><radioid>6000659</radioid><vehicleid /></Table></CADRosterView>