<CADRosterView><LoadFor><service>P</service><districtid>MUNI</districtid><shiftid>2</shiftid><startdatetime>05072024 0600</startdatetime><enddatetime>05072024 2000</enddatetime><date>05072024</date></LoadFor><Table><apparatusid>4M100</apparatusid><startdatetime>05072024 0600</startdatetime><enddatetime>05072024 1600</enddatetime><personnelid>A06059</personnelid><radioid>6000098</radioid><vehicleid /></Table><Table><apparatusid>4M201</apparatusid><startdatetime>05072024 0600</startdatetime><enddatetime>05072024 1600</enddatetime><personnelid>A04986</personnelid><radioid>6002398</radioid><vehicleid /></Table><Table><apparatusid>4M94</apparatusid><startdatetime>05072024 1000</startdatetime><enddatetime>05072024 2000</enddatetime><personnelid>A05959</personnelid><radioid>1966</radioid><vehicleid /></Table><Table><apparatusid>4M95</apparatusid><startdatetime>05072024 1000</startdatetime><enddatetime>05072024 2000</enddatetime><personnelid>A21705</personnelid><radioid>6000585</radioid><vehicleid /></Table><Table><apparatusid>4M97</apparatusid><startdatetime>05072024 0600</startdatetime><enddatetime>05072024 1600</enddatetime><personnelid>A09484</personnelid><radioid>6001760</radioid><vehicleid /></Table></CADRosterView>