<CADRosterView><LoadFor><service>P</service><districtid>MTA</districtid><shiftid>3</shiftid><startdatetime>05092024 1100</startdatetime><enddatetime>05102024 2100</enddatetime><date>05092024</date></LoadFor><Table><apparatusid>4B4E</apparatusid><startdatetime>05102024 1100</startdatetime><enddatetime>05102024 2100</enddatetime><personnelid>A10680</personnelid><radioid>6001631</radioid><vehicleid>A320</vehicleid></Table><Table><apparatusid>4B203</apparatusid><startdatetime>05092024 1400</startdatetime><enddatetime>05102024 0000</enddatetime><personnelid>A00742</personnelid><radioid>6000140</radioid><vehicleid>A289</vehicleid></Table><Table><apparatusid>4B3A</apparatusid><startdatetime>05092024 1400</startdatetime><enddatetime>05102024 0000</enddatetime><personnelid>A07866</personnelid><radioid>6001703</radioid><vehicleid>A363</vehicleid></Table><Table><apparatusid>4B3C</apparatusid><startdatetime>05092024 1400</startdatetime><enddatetime>05102024 0000</enddatetime><personnelid>A08190</personnelid><radioid>6001705</radioid><vehicleid>A376</vehicleid></Table><Table><apparatusid>4B3F</apparatusid><startdatetime>05092024 1400</startdatetime><enddatetime>05102024 0000</enddatetime><personnelid>A11418</personnelid><radioid>15330</radioid><vehicleid>A322</vehicleid></Table><Table><apparatusid>4B3K</apparatusid><startdatetime>05092024 1400</startdatetime><enddatetime>05102024 0000</enddatetime><personnelid>A07459</personnelid><radioid>6001701</radioid><vehicleid>A360</vehicleid></Table></CADRosterView>