<CADRosterView><LoadFor><service>F</service><districtid>E05</districtid><shiftid>1</shiftid><startdatetime>05082024 0800</startdatetime><enddatetime>05092024 0800</enddatetime><date>05082024</date></LoadFor><Table><apparatusid>E05</apparatusid><startdatetime>05082024 0800</startdatetime><enddatetime>05092024 0800</enddatetime><personnelid>RO2705</personnelid><radioid /><vehicleid /></Table><Table><apparatusid>E05</apparatusid><startdatetime>05082024 0800</startdatetime><enddatetime>05092024 0800</enddatetime><personnelid>CA1867</personnelid><radioid /><vehicleid /></Table><Table><apparatusid>E05</apparatusid><startdatetime>05082024 0800</startdatetime><enddatetime>05092024 0800</enddatetime><personnelid>LU1898</personnelid><radioid /><vehicleid /></Table><Table><apparatusid>E05</apparatusid><startdatetime>05082024 0800</startdatetime><enddatetime>05092024 0800</enddatetime><personnelid>LA2474</personnelid><radioid /><vehicleid /></Table><Table><apparatusid>E05</apparatusid><startdatetime>05082024 0800</startdatetime><enddatetime>05092024 0800</enddatetime><personnelid>KE1123</personnelid><radioid /><vehicleid /></Table></CADRosterView>