<CADRosterView><LoadFor><service>P</service><districtid>TEND</districtid><shiftid>2</shiftid><startdatetime>05072024 0500</startdatetime><enddatetime>05072024 1700</enddatetime><date>05072024</date></LoadFor><Table><apparatusid>3J</apparatusid><startdatetime>05072024 0600</startdatetime><enddatetime>05072024 1600</enddatetime><personnelid>A24231</personnelid><radioid>6002175</radioid><vehicleid /></Table><Table><apparatusid>3J110</apparatusid><startdatetime>05072024 0530</startdatetime><enddatetime>05072024 1530</enddatetime><personnelid>A20300</personnelid><radioid>6000032</radioid><vehicleid>BW052</vehicleid></Table><Table><apparatusid>3J115</apparatusid><startdatetime>05072024 0530</startdatetime><enddatetime>05072024 1530</enddatetime><personnelid>A21715</personnelid><radioid>6001568</radioid><vehicleid>BW074</vehicleid></Table><Table><apparatusid>3J11A</apparatusid><startdatetime>05072024 0600</startdatetime><enddatetime>05072024 1600</enddatetime><personnelid>A20813</personnelid><radioid>6000094</radioid><vehicleid>B1231</vehicleid></Table><Table><apparatusid>3J11A</apparatusid><startdatetime>05072024 0600</startdatetime><enddatetime>05072024 1600</enddatetime><personnelid>A25187</personnelid><radioid /><vehicleid>B1231</vehicleid></Table><Table><apparatusid>3J120</apparatusid><startdatetime>05072024 0700</startdatetime><enddatetime>05072024 1700</enddatetime><personnelid>A21385</personnelid><radioid>51895</radioid><vehicleid>BW251</vehicleid></Table><Table><apparatusid>3J13A</apparatusid><startdatetime>05072024 0600</startdatetime><enddatetime>05072024 1600</enddatetime><personnelid>A23060</personnelid><radioid /><vehicleid /></Table><Table><apparatusid>3J13A</apparatusid><startdatetime>05072024 0600</startdatetime><enddatetime>05072024 1600</enddatetime><personnelid>A22152</personnelid><radioid>6000716</radioid><vehicleid /></Table><Table><apparatusid>3J15A</apparatusid><startdatetime>05072024 0600</startdatetime><enddatetime>05072024 1600</enddatetime><personnelid>A22064</personnelid><radioid>6001080</radioid><vehicleid /></Table><Table><apparatusid>3J22</apparatusid><startdatetime>05072024 0500</startdatetime><enddatetime>05072024 1500</enddatetime><personnelid>A23868</personnelid><radioid>6000515</radioid><vehicleid /></Table><Table><apparatusid>3J2A</apparatusid><startdatetime>05072024 0600</startdatetime><enddatetime>05072024 1600</enddatetime><personnelid>A24553</personnelid><radioid /><vehicleid /></Table><Table><apparatusid>3J300</apparatusid><startdatetime>05072024 0800</startdatetime><enddatetime>05072024 1600</enddatetime><personnelid>A01042</personnelid><radioid>6000082</radioid><vehicleid>BW149</vehicleid></Table><Table><apparatusid>3J72</apparatusid><startdatetime>05072024 0500</startdatetime><enddatetime>05072024 1500</enddatetime><personnelid>A21174</personnelid><radioid>6000149</radioid><vehicleid /></Table><Table><apparatusid>3JSD</apparatusid><startdatetime>05072024 0530</startdatetime><enddatetime>05072024 1530</enddatetime><personnelid>A21241</personnelid><radioid /><vehicleid /></Table><Table><apparatusid>3JSD</apparatusid><startdatetime>05072024 0530</startdatetime><enddatetime>05072024 1530</enddatetime><personnelid>A22664</personnelid><radioid /><vehicleid /></Table></CADRosterView>