<CADRosterView><LoadFor><service>P</service><districtid>TEND</districtid><shiftid>5</shiftid><startdatetime>05092024 0700</startdatetime><enddatetime>05092024 2200</enddatetime><date>05092024</date></LoadFor><Table><apparatusid>3J138</apparatusid><startdatetime>05092024 1200</startdatetime><enddatetime>05092024 2200</enddatetime><personnelid>A09609</personnelid><radioid /><vehicleid /></Table><Table><apparatusid>3J204</apparatusid><startdatetime>05092024 0800</startdatetime><enddatetime>05092024 1800</enddatetime><personnelid>A07643</personnelid><radioid>6000478</radioid><vehicleid>BW149</vehicleid></Table><Table><apparatusid>3J22</apparatusid><startdatetime>05092024 0700</startdatetime><enddatetime>05092024 1700</enddatetime><personnelid>A23868</personnelid><radioid>6000515</radioid><vehicleid /></Table><Table><apparatusid>3J38C</apparatusid><startdatetime>05092024 0800</startdatetime><enddatetime>05092024 1800</enddatetime><personnelid>A10858</personnelid><radioid /><vehicleid /></Table></CADRosterView>