<CADRosterView><LoadFor><service>P</service><districtid>PARK</districtid><shiftid>3</shiftid><startdatetime>05092024 1500</startdatetime><enddatetime>05102024 0700</enddatetime><date>05092024</date></LoadFor><Table><apparatusid>3F105</apparatusid><startdatetime>05092024 1500</startdatetime><enddatetime>05102024 0100</enddatetime><personnelid>A08656</personnelid><radioid>6001063</radioid><vehicleid>B591</vehicleid></Table><Table><apparatusid>3F106</apparatusid><startdatetime>05092024 2100</startdatetime><enddatetime>05102024 0700</enddatetime><personnelid>A21153</personnelid><radioid>6001290</radioid><vehicleid>B1144</vehicleid></Table><Table><apparatusid>3F110</apparatusid><startdatetime>05092024 1500</startdatetime><enddatetime>05102024 0100</enddatetime><personnelid>A05033</personnelid><radioid>6002279</radioid><vehicleid>B1144</vehicleid></Table><Table><apparatusid>3F13D</apparatusid><startdatetime>05092024 1500</startdatetime><enddatetime>05102024 0100</enddatetime><personnelid>A21678</personnelid><radioid>6002839</radioid><vehicleid /></Table><Table><apparatusid>3F13D</apparatusid><startdatetime>05092024 1500</startdatetime><enddatetime>05102024 0100</enddatetime><personnelid>A11395</personnelid><radioid>52241</radioid><vehicleid /></Table><Table><apparatusid>3F14D</apparatusid><startdatetime>05092024 1500</startdatetime><enddatetime>05102024 0100</enddatetime><personnelid>A20951</personnelid><radioid>52235</radioid><vehicleid /></Table></CADRosterView>