<CADRosterView><LoadFor><service>F</service><districtid>M554</districtid><shiftid>1</shiftid><startdatetime>05082024 1800</startdatetime><enddatetime>05092024 0600</enddatetime><date>05082024</date></LoadFor><Table><apparatusid>M554</apparatusid><startdatetime>05082024 1800</startdatetime><enddatetime>05092024 0600</enddatetime><personnelid>CR1173</personnelid><radioid /><vehicleid /></Table><Table><apparatusid>M554</apparatusid><startdatetime>05082024 1800</startdatetime><enddatetime>05092024 0600</enddatetime><personnelid>FO3837</personnelid><radioid /><vehicleid /></Table></CADRosterView>