<CADRosterView><LoadFor><service>P</service><districtid>PARK</districtid><shiftid>3</shiftid><startdatetime>05082024 0600</startdatetime><enddatetime>05092024 1700</enddatetime><date>05082024</date></LoadFor><Table><apparatusid>3F110</apparatusid><startdatetime>05092024 0600</startdatetime><enddatetime>05092024 1600</enddatetime><personnelid>A05033</personnelid><radioid>6002279</radioid><vehicleid>B1144</vehicleid></Table><Table><apparatusid>3F13D</apparatusid><startdatetime>05092024 1100</startdatetime><enddatetime>05092024 1700</enddatetime><personnelid>A09968</personnelid><radioid /><vehicleid /></Table><Table><apparatusid>3F102</apparatusid><startdatetime>05082024 2100</startdatetime><enddatetime>05092024 0700</enddatetime><personnelid>A11169</personnelid><radioid>52187</radioid><vehicleid>B1100</vehicleid></Table><Table><apparatusid>3F103</apparatusid><startdatetime>05082024 1500</startdatetime><enddatetime>05092024 0100</enddatetime><personnelid>A10476</personnelid><radioid>6000035</radioid><vehicleid /></Table><Table><apparatusid>3F105</apparatusid><startdatetime>05082024 1500</startdatetime><enddatetime>05092024 0100</enddatetime><personnelid>A08656</personnelid><radioid>6001063</radioid><vehicleid>B591</vehicleid></Table><Table><apparatusid>3F106</apparatusid><startdatetime>05082024 2100</startdatetime><enddatetime>05092024 0700</enddatetime><personnelid>A21153</personnelid><radioid>6001290</radioid><vehicleid>B1144</vehicleid></Table><Table><apparatusid>3F108</apparatusid><startdatetime>05082024 1430</startdatetime><enddatetime>05092024 0030</enddatetime><personnelid>A07444</personnelid><radioid>6001877</radioid><vehicleid>B1011</vehicleid></Table><Table><apparatusid>3F109</apparatusid><startdatetime>05082024 2100</startdatetime><enddatetime>05092024 0700</enddatetime><personnelid>A06689</personnelid><radioid>6001534</radioid><vehicleid>B1144</vehicleid></Table><Table><apparatusid>3F12D</apparatusid><startdatetime>05082024 1500</startdatetime><enddatetime>05092024 0100</enddatetime><personnelid>A08862</personnelid><radioid>6001128</radioid><vehicleid /></Table><Table><apparatusid>3F12D</apparatusid><startdatetime>05082024 1500</startdatetime><enddatetime>05092024 0100</enddatetime><personnelid>A08689</personnelid><radioid>6000361</radioid><vehicleid /></Table><Table><apparatusid>3F13D</apparatusid><startdatetime>05082024 1500</startdatetime><enddatetime>05092024 0100</enddatetime><personnelid>A11395</personnelid><radioid>52241</radioid><vehicleid /></Table><Table><apparatusid>3F13D</apparatusid><startdatetime>05082024 1500</startdatetime><enddatetime>05092024 0100</enddatetime><personnelid>A21678</personnelid><radioid>6002839</radioid><vehicleid /></Table><Table><apparatusid>3F14D</apparatusid><startdatetime>05082024 1500</startdatetime><enddatetime>05092024 0100</enddatetime><personnelid>A08083</personnelid><radioid>6001083</radioid><vehicleid /></Table><Table><apparatusid>3F14D</apparatusid><startdatetime>05082024 1500</startdatetime><enddatetime>05092024 0100</enddatetime><personnelid>A08095</personnelid><radioid>6001120</radioid><vehicleid /></Table><Table><apparatusid>3F14D</apparatusid><startdatetime>05082024 1500</startdatetime><enddatetime>05092024 0100</enddatetime><personnelid>A20951</personnelid><radioid>52235</radioid><vehicleid /></Table></CADRosterView>