<CADRosterView><LoadFor><service>F</service><districtid>T11</districtid><shiftid>1</shiftid><startdatetime>05072024 0800</startdatetime><enddatetime>05082024 0800</enddatetime><date>05072024</date></LoadFor><Table><apparatusid>T11</apparatusid><startdatetime>05072024 0800</startdatetime><enddatetime>05082024 0800</enddatetime><personnelid>RE9730</personnelid><radioid /><vehicleid /></Table><Table><apparatusid>T11</apparatusid><startdatetime>05072024 0800</startdatetime><enddatetime>05082024 0800</enddatetime><personnelid>VE2733</personnelid><radioid /><vehicleid /></Table><Table><apparatusid>T11</apparatusid><startdatetime>05072024 0800</startdatetime><enddatetime>05082024 0800</enddatetime><personnelid>AB3834</personnelid><radioid /><vehicleid /></Table></CADRosterView>