<CADRosterView><LoadFor><service>F</service><districtid>M568</districtid><shiftid>1</shiftid><startdatetime>05072024 0430</startdatetime><enddatetime>05082024 0430</enddatetime><date>05072024</date></LoadFor><Table><apparatusid>M568</apparatusid><startdatetime>05072024 0430</startdatetime><enddatetime>05072024 1630</enddatetime><personnelid>MC1784</personnelid><radioid /><vehicleid /></Table><Table><apparatusid>M568</apparatusid><startdatetime>05072024 0430</startdatetime><enddatetime>05072024 1630</enddatetime><personnelid>VA4203</personnelid><radioid /><vehicleid /></Table><Table><apparatusid>M568</apparatusid><startdatetime>05072024 1630</startdatetime><enddatetime>05082024 0430</enddatetime><personnelid>GO1774</personnelid><radioid /><vehicleid /></Table><Table><apparatusid>M568</apparatusid><startdatetime>05072024 1630</startdatetime><enddatetime>05082024 0430</enddatetime><personnelid>RA1669</personnelid><radioid /><vehicleid /></Table></CADRosterView>