<CADRosterView><LoadFor><service>F</service><districtid>M583</districtid><shiftid>1</shiftid><startdatetime>05072024 1600</startdatetime><enddatetime>05082024 0400</enddatetime><date>05072024</date></LoadFor><Table><apparatusid>M583</apparatusid><startdatetime>05072024 1600</startdatetime><enddatetime>05082024 0400</enddatetime><personnelid>MU1850</personnelid><radioid /><vehicleid /></Table><Table><apparatusid>M583</apparatusid><startdatetime>05072024 1600</startdatetime><enddatetime>05082024 0400</enddatetime><personnelid>NG1746</personnelid><radioid /><vehicleid /></Table></CADRosterView>