<CADRosterView><LoadFor><service>P</service><districtid>SOUT</districtid><shiftid>2</shiftid><startdatetime>05082024 0530</startdatetime><enddatetime>05082024 2100</enddatetime><date>05082024</date></LoadFor><Table><apparatusid>3B00B</apparatusid><startdatetime>05082024 0600</startdatetime><enddatetime>05082024 1600</enddatetime><personnelid>A21495</personnelid><radioid>15266</radioid><vehicleid /></Table><Table><apparatusid>3B00B</apparatusid><startdatetime>05082024 0600</startdatetime><enddatetime>05082024 1600</enddatetime><personnelid>A21490</personnelid><radioid /><vehicleid /></Table><Table><apparatusid>3B00C</apparatusid><startdatetime>05082024 1100</startdatetime><enddatetime>05082024 2100</enddatetime><personnelid>A11407</personnelid><radioid>13852</radioid><vehicleid /></Table><Table><apparatusid>3B107</apparatusid><startdatetime>05082024 0600</startdatetime><enddatetime>05082024 1600</enddatetime><personnelid>A20771</personnelid><radioid>6001373</radioid><vehicleid>BW182</vehicleid></Table><Table><apparatusid>3B114</apparatusid><startdatetime>05082024 0600</startdatetime><enddatetime>05082024 1600</enddatetime><personnelid>A11158</personnelid><radioid>6000287</radioid><vehicleid>B017</vehicleid></Table><Table><apparatusid>3B119</apparatusid><startdatetime>05082024 0600</startdatetime><enddatetime>05082024 1600</enddatetime><personnelid>A09637</personnelid><radioid>6000850</radioid><vehicleid>B1142</vehicleid></Table><Table><apparatusid>3B120</apparatusid><startdatetime>05082024 0700</startdatetime><enddatetime>05082024 1700</enddatetime><personnelid>A06696</personnelid><radioid>6001475</radioid><vehicleid>BW213</vehicleid></Table><Table><apparatusid>3B1A</apparatusid><startdatetime>05082024 0600</startdatetime><enddatetime>05082024 1600</enddatetime><personnelid>A05001</personnelid><radioid>6001526</radioid><vehicleid /></Table><Table><apparatusid>3B201</apparatusid><startdatetime>05082024 0530</startdatetime><enddatetime>05082024 1530</enddatetime><personnelid>A07434</personnelid><radioid>6001021</radioid><vehicleid>B032</vehicleid></Table><Table><apparatusid>3B203</apparatusid><startdatetime>05082024 0530</startdatetime><enddatetime>05082024 1530</enddatetime><personnelid>A07694</personnelid><radioid>6002115</radioid><vehicleid>B032</vehicleid></Table><Table><apparatusid>3B22</apparatusid><startdatetime>05082024 0700</startdatetime><enddatetime>05082024 1700</enddatetime><personnelid>A21275</personnelid><radioid>6001427</radioid><vehicleid>BW213</vehicleid></Table><Table><apparatusid>3B26</apparatusid><startdatetime>05082024 0700</startdatetime><enddatetime>05082024 1700</enddatetime><personnelid>A20812</personnelid><radioid>6001402</radioid><vehicleid>BW213</vehicleid></Table><Table><apparatusid>3B300</apparatusid><startdatetime>05082024 0900</startdatetime><enddatetime>05082024 1700</enddatetime><personnelid>A06393</personnelid><radioid>6001842</radioid><vehicleid>BW213</vehicleid></Table><Table><apparatusid>3B47</apparatusid><startdatetime>05082024 1100</startdatetime><enddatetime>05082024 2100</enddatetime><personnelid>A23053</personnelid><radioid>6002086</radioid><vehicleid /></Table><Table><apparatusid>3B49</apparatusid><startdatetime>05082024 1100</startdatetime><enddatetime>05082024 2100</enddatetime><personnelid>A22258</personnelid><radioid>6001443</radioid><vehicleid /></Table><Table><apparatusid>3B5A</apparatusid><startdatetime>05082024 0600</startdatetime><enddatetime>05082024 1600</enddatetime><personnelid>A21553</personnelid><radioid>6001435</radioid><vehicleid /></Table><Table><apparatusid>3B6A</apparatusid><startdatetime>05082024 0600</startdatetime><enddatetime>05082024 1600</enddatetime><personnelid>A09480</personnelid><radioid>6001535</radioid><vehicleid>B1142</vehicleid></Table><Table><apparatusid>3BSK</apparatusid><startdatetime>05082024 0600</startdatetime><enddatetime>05082024 1600</enddatetime><personnelid>A03640</personnelid><radioid>6001510</radioid><vehicleid /></Table><Table><apparatusid>3BTI</apparatusid><startdatetime>05082024 0700</startdatetime><enddatetime>05082024 1500</enddatetime><personnelid>A08052</personnelid><radioid /><vehicleid /></Table></CADRosterView>