<CADRosterView><LoadFor><service>P</service><districtid>HSU</districtid><shiftid>1</shiftid><startdatetime>05072024 0600</startdatetime><enddatetime>05072024 1600</enddatetime><date>05072024</date></LoadFor><Table><apparatusid>4X9A</apparatusid><startdatetime>05072024 0600</startdatetime><enddatetime>05072024 1600</enddatetime><personnelid>A08312</personnelid><radioid>6002015</radioid><vehicleid>BOAT1</vehicleid></Table><Table><apparatusid>4X9B</apparatusid><startdatetime>05072024 0600</startdatetime><enddatetime>05072024 1600</enddatetime><personnelid>A10503</personnelid><radioid>6002007</radioid><vehicleid>BOAT1</vehicleid></Table></CADRosterView>