<CADRosterView><LoadFor><service>P</service><districtid>PARK</districtid><shiftid>3</shiftid><startdatetime>05072024 1430</startdatetime><enddatetime>05082024 0700</enddatetime><date>05072024</date></LoadFor><Table><apparatusid>3F102</apparatusid><startdatetime>05072024 2100</startdatetime><enddatetime>05082024 0700</enddatetime><personnelid>A11169</personnelid><radioid>52187</radioid><vehicleid>B1100</vehicleid></Table><Table><apparatusid>3F103</apparatusid><startdatetime>05072024 1500</startdatetime><enddatetime>05082024 0100</enddatetime><personnelid>A10476</personnelid><radioid>6000035</radioid><vehicleid /></Table><Table><apparatusid>3F109</apparatusid><startdatetime>05072024 2100</startdatetime><enddatetime>05082024 0700</enddatetime><personnelid>A06689</personnelid><radioid>6001534</radioid><vehicleid>B1144</vehicleid></Table><Table><apparatusid>3F12D</apparatusid><startdatetime>05072024 1500</startdatetime><enddatetime>05082024 0100</enddatetime><personnelid>A08862</personnelid><radioid>6001128</radioid><vehicleid /></Table><Table><apparatusid>3F12D</apparatusid><startdatetime>05072024 1500</startdatetime><enddatetime>05082024 0100</enddatetime><personnelid>A08689</personnelid><radioid>6000361</radioid><vehicleid /></Table><Table><apparatusid>3F12E</apparatusid><startdatetime>05072024 2100</startdatetime><enddatetime>05082024 0700</enddatetime><personnelid>A22360</personnelid><radioid>6001573</radioid><vehicleid /></Table><Table><apparatusid>3F12E</apparatusid><startdatetime>05072024 2100</startdatetime><enddatetime>05082024 0700</enddatetime><personnelid>A24204</personnelid><radioid>6002372</radioid><vehicleid /></Table><Table><apparatusid>3F13E</apparatusid><startdatetime>05072024 2100</startdatetime><enddatetime>05082024 0700</enddatetime><personnelid>A24134</personnelid><radioid>6000892</radioid><vehicleid /></Table><Table><apparatusid>3F13E</apparatusid><startdatetime>05072024 2100</startdatetime><enddatetime>05082024 0700</enddatetime><personnelid>A23724</personnelid><radioid>6002268</radioid><vehicleid /></Table><Table><apparatusid>3F14D</apparatusid><startdatetime>05072024 1500</startdatetime><enddatetime>05082024 0100</enddatetime><personnelid>A08083</personnelid><radioid>6001083</radioid><vehicleid /></Table><Table><apparatusid>3F14D</apparatusid><startdatetime>05072024 1500</startdatetime><enddatetime>05082024 0100</enddatetime><personnelid>A08095</personnelid><radioid>6001120</radioid><vehicleid /></Table><Table><apparatusid>3F14E</apparatusid><startdatetime>05072024 2100</startdatetime><enddatetime>05082024 0700</enddatetime><personnelid>A23731</personnelid><radioid>6002359</radioid><vehicleid>U064</vehicleid></Table><Table><apparatusid>3F14E</apparatusid><startdatetime>05072024 2100</startdatetime><enddatetime>05082024 0700</enddatetime><personnelid>A23695</personnelid><radioid>6002354</radioid><vehicleid>U064</vehicleid></Table><Table><apparatusid>3F1D</apparatusid><startdatetime>05072024 1500</startdatetime><enddatetime>05082024 0100</enddatetime><personnelid>A09968</personnelid><radioid>6001054</radioid><vehicleid /></Table><Table><apparatusid>3F1E</apparatusid><startdatetime>05072024 2100</startdatetime><enddatetime>05082024 0700</enddatetime><personnelid>A23616</personnelid><radioid>6002306</radioid><vehicleid /></Table><Table><apparatusid>3F200</apparatusid><startdatetime>05072024 1430</startdatetime><enddatetime>05082024 0030</enddatetime><personnelid>A07444</personnelid><radioid>6001877</radioid><vehicleid>B1011</vehicleid></Table><Table><apparatusid>3F3D</apparatusid><startdatetime>05072024 1500</startdatetime><enddatetime>05082024 0100</enddatetime><personnelid>A22130</personnelid><radioid>6000507</radioid><vehicleid>C095</vehicleid></Table></CADRosterView>