<CADRosterView><LoadFor><service>P</service><districtid>MTA</districtid><shiftid>2</shiftid><startdatetime>05072024 0600</startdatetime><enddatetime>05072024 1600</enddatetime><date>05072024</date></LoadFor><Table><apparatusid>4B102</apparatusid><startdatetime>05072024 0600</startdatetime><enddatetime>05072024 1600</enddatetime><personnelid>A06707</personnelid><radioid>51417</radioid><vehicleid>A372</vehicleid></Table><Table><apparatusid>4B1G</apparatusid><startdatetime>05072024 0600</startdatetime><enddatetime>05072024 1600</enddatetime><personnelid>A10210</personnelid><radioid>6001620</radioid><vehicleid /></Table><Table><apparatusid>4B202</apparatusid><startdatetime>05072024 0600</startdatetime><enddatetime>05072024 1600</enddatetime><personnelid>A06066</personnelid><radioid>6001366</radioid><vehicleid>A364</vehicleid></Table><Table><apparatusid>4B2A</apparatusid><startdatetime>05072024 0600</startdatetime><enddatetime>05072024 1600</enddatetime><personnelid>A09850</personnelid><radioid>6000893</radioid><vehicleid>A386</vehicleid></Table><Table><apparatusid>4B2B</apparatusid><startdatetime>05072024 0600</startdatetime><enddatetime>05072024 1600</enddatetime><personnelid>A07449</personnelid><radioid>6001700</radioid><vehicleid>A383</vehicleid></Table><Table><apparatusid>4B2C</apparatusid><startdatetime>05072024 0600</startdatetime><enddatetime>05072024 1600</enddatetime><personnelid>A09963</personnelid><radioid>6001040</radioid><vehicleid>A330</vehicleid></Table><Table><apparatusid>4B2E</apparatusid><startdatetime>05072024 0600</startdatetime><enddatetime>05072024 1600</enddatetime><personnelid>A09487</personnelid><radioid>6002432</radioid><vehicleid>A339</vehicleid></Table><Table><apparatusid>4B2F</apparatusid><startdatetime>05072024 0600</startdatetime><enddatetime>05072024 1600</enddatetime><personnelid>A09615</personnelid><radioid>6001062</radioid><vehicleid /></Table><Table><apparatusid>4B2H</apparatusid><startdatetime>05072024 0600</startdatetime><enddatetime>05072024 1600</enddatetime><personnelid>A07708</personnelid><radioid>6001365</radioid><vehicleid /></Table><Table><apparatusid>4B300</apparatusid><startdatetime>05072024 0800</startdatetime><enddatetime>05072024 1600</enddatetime><personnelid>A07432</personnelid><radioid>6002151</radioid><vehicleid>A366</vehicleid></Table><Table><apparatusid>4C100</apparatusid><startdatetime>05072024 0600</startdatetime><enddatetime>05072024 1600</enddatetime><personnelid>A07041</personnelid><radioid>6002211</radioid><vehicleid>K616</vehicleid></Table></CADRosterView>