<CADRosterView><LoadFor><service>P</service><districtid>RICH</districtid><shiftid>3</shiftid><startdatetime>05072024 1430</startdatetime><enddatetime>05082024 0700</enddatetime><date>05072024</date></LoadFor><Table><apparatusid>3G12D</apparatusid><startdatetime>05072024 1600</startdatetime><enddatetime>05072024 2200</enddatetime><personnelid>A20691</personnelid><radioid /><vehicleid /></Table><Table><apparatusid>3G103</apparatusid><startdatetime>05072024 2100</startdatetime><enddatetime>05082024 0700</enddatetime><personnelid>A10367</personnelid><radioid>6001506</radioid><vehicleid>B1120</vehicleid></Table><Table><apparatusid>3G105</apparatusid><startdatetime>05072024 1430</startdatetime><enddatetime>05082024 0030</enddatetime><personnelid>A09730</personnelid><radioid>6001486</radioid><vehicleid>E319</vehicleid></Table><Table><apparatusid>3G106</apparatusid><startdatetime>05072024 2100</startdatetime><enddatetime>05082024 0700</enddatetime><personnelid>A09988</personnelid><radioid /><vehicleid /></Table><Table><apparatusid>3G118</apparatusid><startdatetime>05072024 1430</startdatetime><enddatetime>05082024 0030</enddatetime><personnelid>A20714</personnelid><radioid>6001345</radioid><vehicleid>BW077</vehicleid></Table><Table><apparatusid>3G11D</apparatusid><startdatetime>05072024 1500</startdatetime><enddatetime>05082024 0100</enddatetime><personnelid>A22073</personnelid><radioid>6001553</radioid><vehicleid>BW062</vehicleid></Table><Table><apparatusid>3G12D</apparatusid><startdatetime>05072024 1500</startdatetime><enddatetime>05082024 0100</enddatetime><personnelid>A22419</personnelid><radioid>6001204</radioid><vehicleid>BW072</vehicleid></Table><Table><apparatusid>3G12E</apparatusid><startdatetime>05072024 2100</startdatetime><enddatetime>05082024 0700</enddatetime><personnelid>A23996</personnelid><radioid>6000356</radioid><vehicleid /></Table><Table><apparatusid>3G12E</apparatusid><startdatetime>05072024 2100</startdatetime><enddatetime>05082024 0700</enddatetime><personnelid>A22880</personnelid><radioid>6002035</radioid><vehicleid /></Table><Table><apparatusid>3G13E</apparatusid><startdatetime>05072024 2100</startdatetime><enddatetime>05082024 0700</enddatetime><personnelid>A23590</personnelid><radioid /><vehicleid /></Table><Table><apparatusid>3G13E</apparatusid><startdatetime>05072024 2100</startdatetime><enddatetime>05082024 0700</enddatetime><personnelid>A23617</personnelid><radioid /><vehicleid /></Table><Table><apparatusid>3G14D</apparatusid><startdatetime>05072024 1500</startdatetime><enddatetime>05082024 0100</enddatetime><personnelid>A24914</personnelid><radioid>6002569</radioid><vehicleid>BW105</vehicleid></Table><Table><apparatusid>3G14E</apparatusid><startdatetime>05072024 2100</startdatetime><enddatetime>05082024 0700</enddatetime><personnelid>A21708</personnelid><radioid>6001525</radioid><vehicleid /></Table><Table><apparatusid>3G14E</apparatusid><startdatetime>05072024 2100</startdatetime><enddatetime>05082024 0700</enddatetime><personnelid>A22717</personnelid><radioid>6001607</radioid><vehicleid /></Table><Table><apparatusid>3G15D</apparatusid><startdatetime>05072024 1500</startdatetime><enddatetime>05082024 0100</enddatetime><personnelid>A21694</personnelid><radioid /><vehicleid>BW044</vehicleid></Table><Table><apparatusid>3G15D</apparatusid><startdatetime>05072024 1500</startdatetime><enddatetime>05082024 0100</enddatetime><personnelid>A21392</personnelid><radioid>6001278</radioid><vehicleid>BW044</vehicleid></Table><Table><apparatusid>3G15E</apparatusid><startdatetime>05072024 2100</startdatetime><enddatetime>05082024 0700</enddatetime><personnelid>A22572</personnelid><radioid>6002198</radioid><vehicleid>B1260</vehicleid></Table><Table><apparatusid>3G15E</apparatusid><startdatetime>05072024 2100</startdatetime><enddatetime>05082024 0700</enddatetime><personnelid>A24395</personnelid><radioid>6001311</radioid><vehicleid>B1260</vehicleid></Table><Table><apparatusid>3G202</apparatusid><startdatetime>05072024 1430</startdatetime><enddatetime>05082024 0030</enddatetime><personnelid>A03246</personnelid><radioid>6000880</radioid><vehicleid>BW183</vehicleid></Table><Table><apparatusid>3G3D</apparatusid><startdatetime>05072024 1500</startdatetime><enddatetime>05082024 0100</enddatetime><personnelid>A20775</personnelid><radioid>6000681</radioid><vehicleid>BW092</vehicleid></Table><Table><apparatusid>3G43</apparatusid><startdatetime>05072024 2100</startdatetime><enddatetime>05082024 0000</enddatetime><personnelid>A03032</personnelid><radioid>6001364</radioid><vehicleid /></Table><Table><apparatusid>3GSD</apparatusid><startdatetime>05072024 2100</startdatetime><enddatetime>05082024 0700</enddatetime><personnelid>A20814</personnelid><radioid>6001843</radioid><vehicleid /></Table><Table><apparatusid>3GSK</apparatusid><startdatetime>05072024 1500</startdatetime><enddatetime>05082024 0000</enddatetime><personnelid>A09471</personnelid><radioid /><vehicleid /></Table><Table><apparatusid>3GSK</apparatusid><startdatetime>05082024 0000</startdatetime><enddatetime>05082024 0100</enddatetime><personnelid>A09471</personnelid><radioid>6001315</radioid><vehicleid /></Table><Table><apparatusid>3GSK</apparatusid><startdatetime>05082024 0000</startdatetime><enddatetime>05082024 0100</enddatetime><personnelid>A03032</personnelid><radioid>6001364</radioid><vehicleid /></Table></CADRosterView>