<CADRosterView><LoadFor><service>P</service><districtid>TEND</districtid><shiftid>2</shiftid><startdatetime>05092024 0400</startdatetime><enddatetime>05092024 2100</enddatetime><date>05092024</date></LoadFor><Table><apparatusid>3J106</apparatusid><startdatetime>05092024 0530</startdatetime><enddatetime>05092024 1530</enddatetime><personnelid>A21957</personnelid><radioid>6000658</radioid><vehicleid>BW119</vehicleid></Table><Table><apparatusid>3J11A</apparatusid><startdatetime>05092024 0600</startdatetime><enddatetime>05092024 1600</enddatetime><personnelid>A20825</personnelid><radioid>51377</radioid><vehicleid>B1231</vehicleid></Table><Table><apparatusid>3J11A</apparatusid><startdatetime>05092024 0600</startdatetime><enddatetime>05092024 1600</enddatetime><personnelid>A22032</personnelid><radioid>51696</radioid><vehicleid>B1231</vehicleid></Table><Table><apparatusid>3J120</apparatusid><startdatetime>05092024 1100</startdatetime><enddatetime>05092024 2100</enddatetime><personnelid>A21385</personnelid><radioid>51895</radioid><vehicleid>BW251</vehicleid></Table><Table><apparatusid>3J12A</apparatusid><startdatetime>05092024 0600</startdatetime><enddatetime>05092024 1600</enddatetime><personnelid>A23189</personnelid><radioid>6002195</radioid><vehicleid>B1296</vehicleid></Table><Table><apparatusid>3J12A</apparatusid><startdatetime>05092024 0600</startdatetime><enddatetime>05092024 1600</enddatetime><personnelid>A22386</personnelid><radioid>6000725</radioid><vehicleid>B1296</vehicleid></Table><Table><apparatusid>3J15A</apparatusid><startdatetime>05092024 0600</startdatetime><enddatetime>05092024 1600</enddatetime><personnelid>A24235</personnelid><radioid>6001723</radioid><vehicleid /></Table><Table><apparatusid>3J15A</apparatusid><startdatetime>05092024 0600</startdatetime><enddatetime>05092024 1600</enddatetime><personnelid>A24432</personnelid><radioid>6000714</radioid><vehicleid /></Table><Table><apparatusid>3J203</apparatusid><startdatetime>05092024 0530</startdatetime><enddatetime>05092024 1530</enddatetime><personnelid>A06114</personnelid><radioid>6000280</radioid><vehicleid>BW149</vehicleid></Table><Table><apparatusid>3J300</apparatusid><startdatetime>05092024 0800</startdatetime><enddatetime>05092024 1600</enddatetime><personnelid>A01042</personnelid><radioid /><vehicleid /></Table><Table><apparatusid>3J3A</apparatusid><startdatetime>05092024 0600</startdatetime><enddatetime>05092024 1600</enddatetime><personnelid>A22421</personnelid><radioid>6002491</radioid><vehicleid /></Table><Table><apparatusid>3J4A</apparatusid><startdatetime>05092024 0600</startdatetime><enddatetime>05092024 1600</enddatetime><personnelid>A22401</personnelid><radioid /><vehicleid /></Table><Table><apparatusid>3J71</apparatusid><startdatetime>05092024 0400</startdatetime><enddatetime>05092024 1400</enddatetime><personnelid>A10888</personnelid><radioid>6002215</radioid><vehicleid /></Table><Table><apparatusid>3JSD</apparatusid><startdatetime>05092024 0530</startdatetime><enddatetime>05092024 1100</enddatetime><personnelid>A25442</personnelid><radioid /><vehicleid /></Table><Table><apparatusid>3JSD</apparatusid><startdatetime>05092024 1100</startdatetime><enddatetime>05092024 1530</enddatetime><personnelid>A25442</personnelid><radioid /><vehicleid /></Table><Table><apparatusid>3JSD</apparatusid><startdatetime>05092024 1100</startdatetime><enddatetime>05092024 1530</enddatetime><personnelid>A25441</personnelid><radioid /><vehicleid /></Table><Table><apparatusid>3JSD</apparatusid><startdatetime>05092024 1530</startdatetime><enddatetime>05092024 2100</enddatetime><personnelid>A25441</personnelid><radioid /><vehicleid /></Table></CADRosterView>