<CADRosterView><LoadFor><service>F</service><districtid>M587</districtid><shiftid>1</shiftid><startdatetime>05072024 0500</startdatetime><enddatetime>05072024 1820</enddatetime><date>05072024</date></LoadFor><Table><apparatusid>M587</apparatusid><startdatetime>05072024 0500</startdatetime><enddatetime>05072024 1820</enddatetime><personnelid>CO4077</personnelid><radioid /><vehicleid /></Table><Table><apparatusid>M587</apparatusid><startdatetime>05072024 0500</startdatetime><enddatetime>05072024 1820</enddatetime><personnelid>RE2965</personnelid><radioid /><vehicleid /></Table><Table><apparatusid>M587</apparatusid><startdatetime>05072024 0500</startdatetime><enddatetime>05072024 1820</enddatetime><personnelid>VI1077</personnelid><radioid /><vehicleid /></Table></CADRosterView>