<CADRosterView><LoadFor><service>F</service><districtid>E37</districtid><shiftid>1</shiftid><startdatetime>05072024 0800</startdatetime><enddatetime>05082024 0800</enddatetime><date>05072024</date></LoadFor><Table><apparatusid>E37</apparatusid><startdatetime>05072024 0800</startdatetime><enddatetime>05082024 0800</enddatetime><personnelid>LO1622</personnelid><radioid /><vehicleid /></Table><Table><apparatusid>E37</apparatusid><startdatetime>05072024 0800</startdatetime><enddatetime>05082024 0800</enddatetime><personnelid>EL1379</personnelid><radioid /><vehicleid /></Table><Table><apparatusid>E37</apparatusid><startdatetime>05072024 0800</startdatetime><enddatetime>05082024 0800</enddatetime><personnelid>LA3602</personnelid><radioid /><vehicleid /></Table><Table><apparatusid>E37</apparatusid><startdatetime>05072024 0800</startdatetime><enddatetime>05082024 0800</enddatetime><personnelid>VE1040</personnelid><radioid /><vehicleid /></Table></CADRosterView>