<CADRosterView><LoadFor><service>F</service><districtid>E51</districtid><shiftid>1</shiftid><startdatetime>05072024 0800</startdatetime><enddatetime>05082024 0800</enddatetime><date>05072024</date></LoadFor><Table><apparatusid>E51</apparatusid><startdatetime>05072024 0800</startdatetime><enddatetime>05082024 0800</enddatetime><personnelid>RA9202</personnelid><radioid /><vehicleid /></Table><Table><apparatusid>E51</apparatusid><startdatetime>05072024 0800</startdatetime><enddatetime>05082024 0800</enddatetime><personnelid>SA1219</personnelid><radioid /><vehicleid /></Table><Table><apparatusid>E51</apparatusid><startdatetime>05072024 0800</startdatetime><enddatetime>05082024 0800</enddatetime><personnelid>SC3830</personnelid><radioid /><vehicleid /></Table></CADRosterView>