<CADRosterView><LoadFor><service>F</service><districtid>E35</districtid><shiftid>1</shiftid><startdatetime>05072024 0800</startdatetime><enddatetime>05082024 0800</enddatetime><date>05072024</date></LoadFor><Table><apparatusid>E35</apparatusid><startdatetime>05072024 0800</startdatetime><enddatetime>05082024 0800</enddatetime><personnelid>HU6141</personnelid><radioid /><vehicleid /></Table><Table><apparatusid>E35</apparatusid><startdatetime>05072024 0800</startdatetime><enddatetime>05082024 0800</enddatetime><personnelid>KN1816</personnelid><radioid /><vehicleid /></Table><Table><apparatusid>E35</apparatusid><startdatetime>05072024 0800</startdatetime><enddatetime>05082024 0800</enddatetime><personnelid>CH2779</personnelid><radioid /><vehicleid /></Table></CADRosterView>