<CADRosterView><LoadFor><service>P</service><districtid>POTR</districtid><shiftid>2</shiftid><startdatetime>05082024 0500</startdatetime><enddatetime>05082024 2100</enddatetime><date>05082024</date></LoadFor><Table><apparatusid>3C00B</apparatusid><startdatetime>05082024 0530</startdatetime><enddatetime>05082024 1100</enddatetime><personnelid>A24425</personnelid><radioid /><vehicleid /></Table><Table><apparatusid>3C00B</apparatusid><startdatetime>05082024 1100</startdatetime><enddatetime>05082024 1530</enddatetime><personnelid>A24425</personnelid><radioid /><vehicleid /></Table><Table><apparatusid>3C00B</apparatusid><startdatetime>05082024 1100</startdatetime><enddatetime>05082024 1530</enddatetime><personnelid>A22952</personnelid><radioid>6000989</radioid><vehicleid /></Table><Table><apparatusid>3C00B</apparatusid><startdatetime>05082024 1530</startdatetime><enddatetime>05082024 2100</enddatetime><personnelid>A22952</personnelid><radioid>6000989</radioid><vehicleid /></Table><Table><apparatusid>3C102</apparatusid><startdatetime>05082024 0530</startdatetime><enddatetime>05082024 1530</enddatetime><personnelid>A06675</personnelid><radioid>51334</radioid><vehicleid>BW087</vehicleid></Table><Table><apparatusid>3C104</apparatusid><startdatetime>05082024 0530</startdatetime><enddatetime>05082024 1530</enddatetime><personnelid>A07465</personnelid><radioid>6000694</radioid><vehicleid>BW217</vehicleid></Table><Table><apparatusid>3C107</apparatusid><startdatetime>05082024 0600</startdatetime><enddatetime>05082024 1600</enddatetime><personnelid>A09171</personnelid><radioid>6001707</radioid><vehicleid>C149</vehicleid></Table><Table><apparatusid>3C116</apparatusid><startdatetime>05082024 0530</startdatetime><enddatetime>05082024 1530</enddatetime><personnelid>A06163</personnelid><radioid>6001248</radioid><vehicleid>BW137</vehicleid></Table><Table><apparatusid>3C117</apparatusid><startdatetime>05082024 0530</startdatetime><enddatetime>05082024 1530</enddatetime><personnelid>A09625</personnelid><radioid>6001202</radioid><vehicleid>BW060</vehicleid></Table><Table><apparatusid>3C11A</apparatusid><startdatetime>05082024 0600</startdatetime><enddatetime>05082024 1600</enddatetime><personnelid>A08683</personnelid><radioid>6001228</radioid><vehicleid>B1159</vehicleid></Table><Table><apparatusid>3C11A</apparatusid><startdatetime>05082024 0600</startdatetime><enddatetime>05082024 1600</enddatetime><personnelid>A22882</personnelid><radioid>6002066</radioid><vehicleid>B1159</vehicleid></Table><Table><apparatusid>3C11A</apparatusid><startdatetime>05082024 0600</startdatetime><enddatetime>05082024 1600</enddatetime><personnelid>A11177</personnelid><radioid>6002504</radioid><vehicleid>B1159</vehicleid></Table><Table><apparatusid>3C11A</apparatusid><startdatetime>05082024 0600</startdatetime><enddatetime>05082024 1600</enddatetime><personnelid>A10225</personnelid><radioid>6000744</radioid><vehicleid>B1159</vehicleid></Table><Table><apparatusid>3C12A</apparatusid><startdatetime>05082024 0600</startdatetime><enddatetime>05082024 1600</enddatetime><personnelid>A25106</personnelid><radioid>6000815</radioid><vehicleid /></Table><Table><apparatusid>3C12A</apparatusid><startdatetime>05082024 0600</startdatetime><enddatetime>05082024 1600</enddatetime><personnelid>A24905</personnelid><radioid>6002547</radioid><vehicleid /></Table><Table><apparatusid>3C12A</apparatusid><startdatetime>05082024 0600</startdatetime><enddatetime>05082024 1600</enddatetime><personnelid>A22877</personnelid><radioid>6002333</radioid><vehicleid /></Table><Table><apparatusid>3C13A</apparatusid><startdatetime>05082024 0600</startdatetime><enddatetime>05082024 1600</enddatetime><personnelid>A24234</personnelid><radioid>6000733</radioid><vehicleid /></Table><Table><apparatusid>3C13A</apparatusid><startdatetime>05082024 0600</startdatetime><enddatetime>05082024 1600</enddatetime><personnelid>A24313</personnelid><radioid>6002282</radioid><vehicleid /></Table><Table><apparatusid>3C13A</apparatusid><startdatetime>05082024 0600</startdatetime><enddatetime>05082024 1600</enddatetime><personnelid>A10859</personnelid><radioid>6001181</radioid><vehicleid /></Table><Table><apparatusid>3C13C</apparatusid><startdatetime>05082024 1100</startdatetime><enddatetime>05082024 2100</enddatetime><personnelid>A21268</personnelid><radioid>6001140</radioid><vehicleid /></Table><Table><apparatusid>3C14A</apparatusid><startdatetime>05082024 0600</startdatetime><enddatetime>05082024 1600</enddatetime><personnelid>A08330</personnelid><radioid>6001093</radioid><vehicleid /></Table><Table><apparatusid>3C204</apparatusid><startdatetime>05082024 0530</startdatetime><enddatetime>05082024 1530</enddatetime><personnelid>A06677</personnelid><radioid>6001872</radioid><vehicleid>B1251</vehicleid></Table><Table><apparatusid>3C23</apparatusid><startdatetime>05082024 0600</startdatetime><enddatetime>05082024 1600</enddatetime><personnelid>A06698</personnelid><radioid>6001215</radioid><vehicleid>BW252</vehicleid></Table><Table><apparatusid>3C24</apparatusid><startdatetime>05082024 0500</startdatetime><enddatetime>05082024 1500</enddatetime><personnelid>A08059</personnelid><radioid>6001237</radioid><vehicleid>C149</vehicleid></Table><Table><apparatusid>3C25</apparatusid><startdatetime>05082024 0600</startdatetime><enddatetime>05082024 1600</enddatetime><personnelid>A08301</personnelid><radioid>52348</radioid><vehicleid /></Table><Table><apparatusid>3C300</apparatusid><startdatetime>05082024 0900</startdatetime><enddatetime>05082024 1700</enddatetime><personnelid>A06385</personnelid><radioid>6001418</radioid><vehicleid /></Table><Table><apparatusid>3C44B</apparatusid><startdatetime>05082024 0800</startdatetime><enddatetime>05082024 1800</enddatetime><personnelid>A08832</personnelid><radioid>6001184</radioid><vehicleid /></Table><Table><apparatusid>3C44C</apparatusid><startdatetime>05082024 0800</startdatetime><enddatetime>05082024 1800</enddatetime><personnelid>A23075</personnelid><radioid>6002104</radioid><vehicleid /></Table><Table><apparatusid>3C45</apparatusid><startdatetime>05082024 1100</startdatetime><enddatetime>05082024 2100</enddatetime><personnelid>A23410</personnelid><radioid>6002231</radioid><vehicleid /></Table><Table><apparatusid>3C4A</apparatusid><startdatetime>05082024 0600</startdatetime><enddatetime>05082024 1600</enddatetime><personnelid>A24817</personnelid><radioid /><vehicleid /></Table><Table><apparatusid>3C67</apparatusid><startdatetime>05082024 0600</startdatetime><enddatetime>05082024 1600</enddatetime><personnelid>A21802</personnelid><radioid>6001284</radioid><vehicleid /></Table><Table><apparatusid>3C67</apparatusid><startdatetime>05082024 0600</startdatetime><enddatetime>05082024 1600</enddatetime><personnelid>A21949</personnelid><radioid>6000309</radioid><vehicleid /></Table></CADRosterView>