<CADRosterView><LoadFor><service>F</service><districtid>T12</districtid><shiftid>1</shiftid><startdatetime>05072024 0800</startdatetime><enddatetime>05082024 0800</enddatetime><date>05072024</date></LoadFor><Table><apparatusid>T12</apparatusid><startdatetime>05072024 0800</startdatetime><enddatetime>05082024 0800</enddatetime><personnelid>WU1175</personnelid><radioid /><vehicleid /></Table><Table><apparatusid>T12</apparatusid><startdatetime>05072024 0800</startdatetime><enddatetime>05082024 0800</enddatetime><personnelid>CH2395</personnelid><radioid /><vehicleid /></Table><Table><apparatusid>T12</apparatusid><startdatetime>05072024 0800</startdatetime><enddatetime>05082024 0800</enddatetime><personnelid>ZA3495</personnelid><radioid /><vehicleid /></Table><Table><apparatusid>T12</apparatusid><startdatetime>05072024 0800</startdatetime><enddatetime>05082024 0800</enddatetime><personnelid>DU2761</personnelid><radioid /><vehicleid /></Table></CADRosterView>