<CADRosterView><LoadFor><service>F</service><districtid>M566</districtid><shiftid>1</shiftid><startdatetime>05072024 0600</startdatetime><enddatetime>05082024 0600</enddatetime><date>05072024</date></LoadFor><Table><apparatusid>M566</apparatusid><startdatetime>05072024 0600</startdatetime><enddatetime>05072024 1800</enddatetime><personnelid>DU3010</personnelid><radioid /><vehicleid /></Table><Table><apparatusid>M566</apparatusid><startdatetime>05072024 0600</startdatetime><enddatetime>05072024 1800</enddatetime><personnelid>KU3721</personnelid><radioid /><vehicleid /></Table><Table><apparatusid>M566</apparatusid><startdatetime>05072024 0600</startdatetime><enddatetime>05072024 1800</enddatetime><personnelid>LE5590</personnelid><radioid /><vehicleid /></Table><Table><apparatusid>M566</apparatusid><startdatetime>05072024 1800</startdatetime><enddatetime>05082024 0400</enddatetime><personnelid>CA1678</personnelid><radioid /><vehicleid /></Table><Table><apparatusid>M566</apparatusid><startdatetime>05072024 1800</startdatetime><enddatetime>05082024 0400</enddatetime><personnelid>KE1926</personnelid><radioid /><vehicleid /></Table><Table><apparatusid>M566</apparatusid><startdatetime>05072024 1800</startdatetime><enddatetime>05082024 0400</enddatetime><personnelid>UM1898</personnelid><radioid /><vehicleid /></Table><Table><apparatusid>M566</apparatusid><startdatetime>05082024 0400</startdatetime><enddatetime>05082024 0600</enddatetime><personnelid>KE1926</personnelid><radioid /><vehicleid /></Table></CADRosterView>