<CADRosterView><LoadFor><service>P</service><districtid>FTO</districtid><shiftid>2</shiftid><startdatetime>05082024 0600</startdatetime><enddatetime>05082024 1800</enddatetime><date>05082024</date></LoadFor><Table><apparatusid>2X125</apparatusid><startdatetime>05082024 0600</startdatetime><enddatetime>05082024 1600</enddatetime><personnelid>A20839</personnelid><radioid>6000641</radioid><vehicleid /></Table><Table><apparatusid>2X5</apparatusid><startdatetime>05082024 0800</startdatetime><enddatetime>05082024 1800</enddatetime><personnelid>A09985</personnelid><radioid>6002489</radioid><vehicleid /></Table></CADRosterView>