<CADRosterView><LoadFor><service>P</service><districtid>CENT</districtid><shiftid>2</shiftid><startdatetime>05082024 0500</startdatetime><enddatetime>05082024 2100</enddatetime><date>05082024</date></LoadFor><Table><apparatusid>3A106</apparatusid><startdatetime>05082024 0530</startdatetime><enddatetime>05082024 1530</enddatetime><personnelid>A09711</personnelid><radioid>52148</radioid><vehicleid /></Table><Table><apparatusid>3A112</apparatusid><startdatetime>05082024 0530</startdatetime><enddatetime>05082024 1530</enddatetime><personnelid>A10603</personnelid><radioid>6001254</radioid><vehicleid>BW233</vehicleid></Table><Table><apparatusid>3A118</apparatusid><startdatetime>05082024 0530</startdatetime><enddatetime>05082024 1530</enddatetime><personnelid>A03976</personnelid><radioid>52451</radioid><vehicleid /></Table><Table><apparatusid>3A120</apparatusid><startdatetime>05082024 0700</startdatetime><enddatetime>05082024 1700</enddatetime><personnelid>A10107</personnelid><radioid>52989</radioid><vehicleid>BW233</vehicleid></Table><Table><apparatusid>3A14A</apparatusid><startdatetime>05082024 0600</startdatetime><enddatetime>05082024 1600</enddatetime><personnelid>A06490</personnelid><radioid>52707</radioid><vehicleid /></Table><Table><apparatusid>3A170</apparatusid><startdatetime>05082024 1100</startdatetime><enddatetime>05082024 2100</enddatetime><personnelid>A08184</personnelid><radioid>51823</radioid><vehicleid /></Table><Table><apparatusid>3A201</apparatusid><startdatetime>05082024 0530</startdatetime><enddatetime>05082024 1530</enddatetime><personnelid>A07858</personnelid><radioid>52184</radioid><vehicleid>BW140</vehicleid></Table><Table><apparatusid>3A21</apparatusid><startdatetime>05082024 0700</startdatetime><enddatetime>05082024 1700</enddatetime><personnelid>A23096</personnelid><radioid>53301</radioid><vehicleid /></Table><Table><apparatusid>3A24</apparatusid><startdatetime>05082024 0700</startdatetime><enddatetime>05082024 1700</enddatetime><personnelid>A22124</personnelid><radioid>52580</radioid><vehicleid /></Table><Table><apparatusid>3A300</apparatusid><startdatetime>05082024 0800</startdatetime><enddatetime>05082024 1600</enddatetime><personnelid>A05041</personnelid><radioid>6001193</radioid><vehicleid>C1184</vehicleid></Table><Table><apparatusid>3A40C</apparatusid><startdatetime>05082024 1100</startdatetime><enddatetime>05082024 2100</enddatetime><personnelid>A22031</personnelid><radioid>51694</radioid><vehicleid /></Table><Table><apparatusid>3A40C</apparatusid><startdatetime>05082024 1100</startdatetime><enddatetime>05082024 2100</enddatetime><personnelid>A21730</personnelid><radioid>51910</radioid><vehicleid /></Table><Table><apparatusid>3A40C</apparatusid><startdatetime>05082024 1100</startdatetime><enddatetime>05082024 2100</enddatetime><personnelid>A22155</personnelid><radioid>52309</radioid><vehicleid /></Table><Table><apparatusid>3A42C</apparatusid><startdatetime>05082024 1100</startdatetime><enddatetime>05082024 2100</enddatetime><personnelid>A22595</personnelid><radioid>6001031</radioid><vehicleid /></Table><Table><apparatusid>3A42C</apparatusid><startdatetime>05082024 1100</startdatetime><enddatetime>05082024 2100</enddatetime><personnelid>A10365</personnelid><radioid>51909</radioid><vehicleid /></Table><Table><apparatusid>3A44C</apparatusid><startdatetime>05082024 1100</startdatetime><enddatetime>05082024 2100</enddatetime><personnelid>A21381</personnelid><radioid>52457</radioid><vehicleid /></Table><Table><apparatusid>3A44C</apparatusid><startdatetime>05082024 1100</startdatetime><enddatetime>05082024 2100</enddatetime><personnelid>A21376</personnelid><radioid>52463</radioid><vehicleid /></Table><Table><apparatusid>3A71A</apparatusid><startdatetime>05082024 0500</startdatetime><enddatetime>05082024 1500</enddatetime><personnelid>A10951</personnelid><radioid>51846</radioid><vehicleid /></Table><Table><apparatusid>3A77</apparatusid><startdatetime>05082024 1100</startdatetime><enddatetime>05082024 2100</enddatetime><personnelid>A23439</personnelid><radioid /><vehicleid /></Table><Table><apparatusid>3ASD</apparatusid><startdatetime>05082024 0600</startdatetime><enddatetime>05082024 1600</enddatetime><personnelid>A25582</personnelid><radioid /><vehicleid /></Table><Table><apparatusid>3ASD</apparatusid><startdatetime>05082024 0600</startdatetime><enddatetime>05082024 1600</enddatetime><personnelid>A10902</personnelid><radioid /><vehicleid /></Table><Table><apparatusid>3ASK</apparatusid><startdatetime>05082024 0530</startdatetime><enddatetime>05082024 1530</enddatetime><personnelid>A09313</personnelid><radioid>52949</radioid><vehicleid /></Table></CADRosterView>