<CADRosterView><LoadFor><service>P</service><districtid>CSI</districtid><shiftid>2</shiftid><startdatetime>05072024 0600</startdatetime><enddatetime>05072024 2100</enddatetime><date>05072024</date></LoadFor><Table><apparatusid>5L1</apparatusid><startdatetime>05072024 0600</startdatetime><enddatetime>05072024 1600</enddatetime><personnelid>A07455</personnelid><radioid>6001807</radioid><vehicleid /></Table><Table><apparatusid>5L109</apparatusid><startdatetime>05072024 1100</startdatetime><enddatetime>05072024 2100</enddatetime><personnelid>A06069</personnelid><radioid>6001812</radioid><vehicleid /></Table><Table><apparatusid>5L12</apparatusid><startdatetime>05072024 0700</startdatetime><enddatetime>05072024 1700</enddatetime><personnelid>A09744</personnelid><radioid>6001823</radioid><vehicleid /></Table><Table><apparatusid>5L15</apparatusid><startdatetime>05072024 0600</startdatetime><enddatetime>05072024 1600</enddatetime><personnelid>A07704</personnelid><radioid>6001799</radioid><vehicleid /></Table><Table><apparatusid>5L17</apparatusid><startdatetime>05072024 0730</startdatetime><enddatetime>05072024 1730</enddatetime><personnelid>A08849</personnelid><radioid>6001814</radioid><vehicleid /></Table><Table><apparatusid>5L19</apparatusid><startdatetime>05072024 0600</startdatetime><enddatetime>05072024 1600</enddatetime><personnelid>A21543</personnelid><radioid>6001450</radioid><vehicleid /></Table><Table><apparatusid>5L22</apparatusid><startdatetime>05072024 0800</startdatetime><enddatetime>05072024 1800</enddatetime><personnelid>A09153</personnelid><radioid>6001802</radioid><vehicleid /></Table><Table><apparatusid>5L24</apparatusid><startdatetime>05072024 0600</startdatetime><enddatetime>05072024 1600</enddatetime><personnelid>A05670</personnelid><radioid>6001808</radioid><vehicleid /></Table><Table><apparatusid>5L51</apparatusid><startdatetime>05072024 0800</startdatetime><enddatetime>05072024 1800</enddatetime><personnelid>A06370</personnelid><radioid>6001796</radioid><vehicleid /></Table><Table><apparatusid>5L9</apparatusid><startdatetime>05072024 0600</startdatetime><enddatetime>05072024 1600</enddatetime><personnelid>A21395</personnelid><radioid>6001037</radioid><vehicleid /></Table></CADRosterView>