<CADRosterView><LoadFor><service>P</service><districtid>DOC</districtid><shiftid>2</shiftid><startdatetime>05092024 0600</startdatetime><enddatetime>05092024 1700</enddatetime><date>05092024</date></LoadFor><Table><apparatusid>2V00</apparatusid><startdatetime>05092024 0600</startdatetime><enddatetime>05092024 1600</enddatetime><personnelid>A10906</personnelid><radioid /><vehicleid /></Table><Table><apparatusid>2V201</apparatusid><startdatetime>05092024 0700</startdatetime><enddatetime>05092024 1700</enddatetime><personnelid>A05999</personnelid><radioid>6000630</radioid><vehicleid /></Table></CADRosterView>