<CADRosterView><LoadFor><service>F</service><districtid>M552</districtid><shiftid>1</shiftid><startdatetime>05082024 1500</startdatetime><enddatetime>05092024 0420</enddatetime><date>05082024</date></LoadFor><Table><apparatusid>M552</apparatusid><startdatetime>05082024 1500</startdatetime><enddatetime>05092024 0420</enddatetime><personnelid>HE1068</personnelid><radioid /><vehicleid /></Table><Table><apparatusid>M552</apparatusid><startdatetime>05082024 1500</startdatetime><enddatetime>05092024 0420</enddatetime><personnelid>HE4195</personnelid><radioid /><vehicleid /></Table></CADRosterView>