<CADRosterView><LoadFor><service>F</service><districtid>E10</districtid><shiftid>1</shiftid><startdatetime>05082024 0800</startdatetime><enddatetime>05092024 0800</enddatetime><date>05082024</date></LoadFor><Table><apparatusid>E10</apparatusid><startdatetime>05082024 0800</startdatetime><enddatetime>05092024 0800</enddatetime><personnelid>CH8051</personnelid><radioid /><vehicleid /></Table><Table><apparatusid>E10</apparatusid><startdatetime>05082024 0800</startdatetime><enddatetime>05092024 0800</enddatetime><personnelid>EU2811</personnelid><radioid /><vehicleid /></Table><Table><apparatusid>E10</apparatusid><startdatetime>05082024 0800</startdatetime><enddatetime>05092024 0800</enddatetime><personnelid>HU1439</personnelid><radioid /><vehicleid /></Table><Table><apparatusid>E10</apparatusid><startdatetime>05082024 0800</startdatetime><enddatetime>05092024 0800</enddatetime><personnelid>TH3705</personnelid><radioid /><vehicleid /></Table><Table><apparatusid>E10</apparatusid><startdatetime>05082024 0800</startdatetime><enddatetime>05092024 0800</enddatetime><personnelid>CL3130</personnelid><radioid /><vehicleid /></Table></CADRosterView>