<CADRosterView><LoadFor><service>F</service><districtid>T09</districtid><shiftid>1</shiftid><startdatetime>05072024 0800</startdatetime><enddatetime>05082024 0800</enddatetime><date>05072024</date></LoadFor><Table><apparatusid>T09</apparatusid><startdatetime>05072024 0800</startdatetime><enddatetime>05082024 0800</enddatetime><personnelid>MO5148</personnelid><radioid /><vehicleid /></Table><Table><apparatusid>T09</apparatusid><startdatetime>05072024 0800</startdatetime><enddatetime>05082024 0800</enddatetime><personnelid>KO0680</personnelid><radioid /><vehicleid /></Table><Table><apparatusid>T09</apparatusid><startdatetime>05072024 0800</startdatetime><enddatetime>05082024 0800</enddatetime><personnelid>SH9289</personnelid><radioid /><vehicleid /></Table><Table><apparatusid>T09</apparatusid><startdatetime>05072024 0800</startdatetime><enddatetime>05082024 0800</enddatetime><personnelid>TO9513</personnelid><radioid /><vehicleid /></Table><Table><apparatusid>T09</apparatusid><startdatetime>05072024 0800</startdatetime><enddatetime>05082024 0800</enddatetime><personnelid>BR1003</personnelid><radioid /><vehicleid /></Table><Table><apparatusid>T09</apparatusid><startdatetime>05072024 0800</startdatetime><enddatetime>05082024 0800</enddatetime><personnelid>GO3061</personnelid><radioid /><vehicleid /></Table></CADRosterView>