<CADRosterView><LoadFor><service>F</service><districtid>E07</districtid><shiftid>1</shiftid><startdatetime>05072024 0800</startdatetime><enddatetime>05082024 0800</enddatetime><date>05072024</date></LoadFor><Table><apparatusid>E07</apparatusid><startdatetime>05072024 0800</startdatetime><enddatetime>05082024 0800</enddatetime><personnelid>SM2694</personnelid><radioid /><vehicleid /></Table><Table><apparatusid>E07</apparatusid><startdatetime>05072024 0800</startdatetime><enddatetime>05082024 0800</enddatetime><personnelid>BA2543</personnelid><radioid /><vehicleid /></Table><Table><apparatusid>E07</apparatusid><startdatetime>05072024 0800</startdatetime><enddatetime>05082024 0800</enddatetime><personnelid>MO3260</personnelid><radioid /><vehicleid /></Table><Table><apparatusid>E07</apparatusid><startdatetime>05072024 0800</startdatetime><enddatetime>05082024 0800</enddatetime><personnelid>GA1461</personnelid><radioid /><vehicleid /></Table><Table><apparatusid>E07</apparatusid><startdatetime>05072024 0800</startdatetime><enddatetime>05082024 0800</enddatetime><personnelid>RU1377</personnelid><radioid /><vehicleid /></Table></CADRosterView>