<CADRosterView><LoadFor><service>P</service><districtid>MTA</districtid><shiftid>3</shiftid><startdatetime>05082024 1100</startdatetime><enddatetime>05092024 2100</enddatetime><date>05082024</date></LoadFor><Table><apparatusid>4B4E</apparatusid><startdatetime>05092024 1100</startdatetime><enddatetime>05092024 2100</enddatetime><personnelid>A10680</personnelid><radioid>6001631</radioid><vehicleid>A320</vehicleid></Table><Table><apparatusid>4B104</apparatusid><startdatetime>05082024 1400</startdatetime><enddatetime>05092024 0000</enddatetime><personnelid>A03894</personnelid><radioid>6001694</radioid><vehicleid>A362</vehicleid></Table><Table><apparatusid>4B3A</apparatusid><startdatetime>05082024 1400</startdatetime><enddatetime>05092024 0000</enddatetime><personnelid>A07866</personnelid><radioid>6001703</radioid><vehicleid>A363</vehicleid></Table><Table><apparatusid>4B3C</apparatusid><startdatetime>05082024 1400</startdatetime><enddatetime>05092024 0000</enddatetime><personnelid>A08190</personnelid><radioid>6001705</radioid><vehicleid>A376</vehicleid></Table><Table><apparatusid>4B3G</apparatusid><startdatetime>05082024 1400</startdatetime><enddatetime>05092024 0000</enddatetime><personnelid>A20953</personnelid><radioid>6000097</radioid><vehicleid>A354</vehicleid></Table><Table><apparatusid>4B3K</apparatusid><startdatetime>05082024 1400</startdatetime><enddatetime>05092024 0000</enddatetime><personnelid>A07459</personnelid><radioid>6001701</radioid><vehicleid>A360</vehicleid></Table><Table><apparatusid>4B4A</apparatusid><startdatetime>05082024 1400</startdatetime><enddatetime>05092024 0000</enddatetime><personnelid>A20957</personnelid><radioid>6001147</radioid><vehicleid>A320</vehicleid></Table><Table><apparatusid>4B4C</apparatusid><startdatetime>05082024 1400</startdatetime><enddatetime>05092024 0000</enddatetime><personnelid>A10357</personnelid><radioid>6001779</radioid><vehicleid>A362</vehicleid></Table><Table><apparatusid>4B4D</apparatusid><startdatetime>05082024 1400</startdatetime><enddatetime>05092024 0000</enddatetime><personnelid>A07872</personnelid><radioid>6001704</radioid><vehicleid>A378</vehicleid></Table><Table><apparatusid>4B4F</apparatusid><startdatetime>05082024 1400</startdatetime><enddatetime>05092024 0000</enddatetime><personnelid>A21074</personnelid><radioid>52288</radioid><vehicleid>A360</vehicleid></Table></CADRosterView>