<CADRosterView><LoadFor><service>F</service><districtid>E48</districtid><shiftid>1</shiftid><startdatetime>05072024 0800</startdatetime><enddatetime>05082024 0800</enddatetime><date>05072024</date></LoadFor><Table><apparatusid>E48</apparatusid><startdatetime>05072024 0800</startdatetime><enddatetime>05082024 0800</enddatetime><personnelid>CU7573</personnelid><radioid /><vehicleid /></Table><Table><apparatusid>E48</apparatusid><startdatetime>05072024 0800</startdatetime><enddatetime>05082024 0800</enddatetime><personnelid>ST2182</personnelid><radioid /><vehicleid /></Table><Table><apparatusid>E48</apparatusid><startdatetime>05072024 0800</startdatetime><enddatetime>05082024 0800</enddatetime><personnelid>PR1726</personnelid><radioid /><vehicleid /></Table><Table><apparatusid>E48</apparatusid><startdatetime>05072024 0800</startdatetime><enddatetime>05082024 0800</enddatetime><personnelid>LY1265</personnelid><radioid /><vehicleid /></Table></CADRosterView>