<CADRosterView><LoadFor><service>P</service><districtid>CHIE</districtid><shiftid>2</shiftid><startdatetime>05082024 0700</startdatetime><enddatetime>05082024 1800</enddatetime><date>05082024</date></LoadFor><Table><apparatusid>1A109</apparatusid><startdatetime>05082024 0900</startdatetime><enddatetime>05082024 1700</enddatetime><personnelid>A09981</personnelid><radioid>6002026</radioid><vehicleid /></Table><Table><apparatusid>1A24</apparatusid><startdatetime>05082024 0700</startdatetime><enddatetime>05082024 1600</enddatetime><personnelid>A22483</personnelid><radioid>6000820</radioid><vehicleid /></Table><Table><apparatusid>1A28</apparatusid><startdatetime>05082024 0900</startdatetime><enddatetime>05082024 1800</enddatetime><personnelid>A10226</personnelid><radioid>6001769</radioid><vehicleid /></Table><Table><apparatusid>1A600</apparatusid><startdatetime>05082024 0900</startdatetime><enddatetime>05082024 1700</enddatetime><personnelid>A22942</personnelid><radioid>53323</radioid><vehicleid /></Table><Table><apparatusid>1A8</apparatusid><startdatetime>05082024 0800</startdatetime><enddatetime>05082024 1600</enddatetime><personnelid>A08828</personnelid><radioid>6001748</radioid><vehicleid /></Table></CADRosterView>