<CADRosterView><LoadFor><service>F</service><districtid>AM21</districtid><shiftid>1</shiftid><startdatetime>05072024 0600</startdatetime><enddatetime>05082024 0600</enddatetime><date>05072024</date></LoadFor><Table><apparatusid>AM213</apparatusid><startdatetime>05072024 0600</startdatetime><enddatetime>05072024 1800</enddatetime><personnelid>MX1938</personnelid><radioid /><vehicleid>A38871</vehicleid></Table><Table><apparatusid>AM213</apparatusid><startdatetime>05072024 0600</startdatetime><enddatetime>05072024 1800</enddatetime><personnelid>MX2000</personnelid><radioid /><vehicleid>A38871</vehicleid></Table><Table><apparatusid>AM215</apparatusid><startdatetime>05072024 0900</startdatetime><enddatetime>05072024 1900</enddatetime><personnelid>MX0825</personnelid><radioid /><vehicleid>A14701</vehicleid></Table><Table><apparatusid>AM215</apparatusid><startdatetime>05072024 0900</startdatetime><enddatetime>05072024 1900</enddatetime><personnelid>MX0849</personnelid><radioid /><vehicleid>A14701</vehicleid></Table><Table><apparatusid>AM217</apparatusid><startdatetime>05072024 1800</startdatetime><enddatetime>05082024 0600</enddatetime><personnelid>MX1969</personnelid><radioid /><vehicleid>A29078</vehicleid></Table><Table><apparatusid>AM217</apparatusid><startdatetime>05072024 1800</startdatetime><enddatetime>05082024 0600</enddatetime><personnelid>MX1979</personnelid><radioid /><vehicleid>A29078</vehicleid></Table></CADRosterView>