<CADRosterView><LoadFor><service>F</service><districtid>RS2</districtid><shiftid>1</shiftid><startdatetime>05072024 0800</startdatetime><enddatetime>05082024 0800</enddatetime><date>05072024</date></LoadFor><Table><apparatusid>RS2</apparatusid><startdatetime>05072024 0800</startdatetime><enddatetime>05082024 0800</enddatetime><personnelid>MU2368</personnelid><radioid /><vehicleid /></Table><Table><apparatusid>RS2</apparatusid><startdatetime>05072024 0800</startdatetime><enddatetime>05082024 0800</enddatetime><personnelid>PO9799</personnelid><radioid /><vehicleid /></Table><Table><apparatusid>RS2</apparatusid><startdatetime>05072024 0800</startdatetime><enddatetime>05082024 0800</enddatetime><personnelid>BO2021</personnelid><radioid /><vehicleid /></Table><Table><apparatusid>RS2</apparatusid><startdatetime>05072024 0800</startdatetime><enddatetime>05082024 0800</enddatetime><personnelid>BR1100</personnelid><radioid /><vehicleid /></Table><Table><apparatusid>RS2</apparatusid><startdatetime>05072024 0800</startdatetime><enddatetime>05082024 0800</enddatetime><personnelid>ME6940</personnelid><radioid /><vehicleid /></Table></CADRosterView>