<CADRosterView><LoadFor><service>P</service><districtid>DOC</districtid><shiftid>2</shiftid><startdatetime>05072024 0600</startdatetime><enddatetime>05072024 1700</enddatetime><date>05072024</date></LoadFor><Table><apparatusid>2V00</apparatusid><startdatetime>05072024 0600</startdatetime><enddatetime>05072024 1600</enddatetime><personnelid>A09873</personnelid><radioid>12818</radioid><vehicleid /></Table><Table><apparatusid>2V201</apparatusid><startdatetime>05072024 0700</startdatetime><enddatetime>05072024 1700</enddatetime><personnelid>A05999</personnelid><radioid>6000630</radioid><vehicleid /></Table></CADRosterView>