<CADRosterView><LoadFor><service>P</service><districtid>AIRP</districtid><shiftid>3</shiftid><startdatetime>05092024 1400</startdatetime><enddatetime>05102024 0700</enddatetime><date>05092024</date></LoadFor><Table><apparatusid>6M11</apparatusid><startdatetime>05092024 1400</startdatetime><enddatetime>05102024 0000</enddatetime><personnelid>A20807</personnelid><radioid>6001165</radioid><vehicleid /></Table><Table><apparatusid>6M8</apparatusid><startdatetime>05092024 1400</startdatetime><enddatetime>05102024 0000</enddatetime><personnelid>A20806</personnelid><radioid>6138319</radioid><vehicleid /></Table><Table><apparatusid>6P90</apparatusid><startdatetime>05092024 2100</startdatetime><enddatetime>05102024 0700</enddatetime><personnelid>A20267</personnelid><radioid /><vehicleid /></Table></CADRosterView>