<CADRosterView><LoadFor><service>F</service><districtid>E38</districtid><shiftid>1</shiftid><startdatetime>05072024 0800</startdatetime><enddatetime>05082024 0800</enddatetime><date>05072024</date></LoadFor><Table><apparatusid>E38</apparatusid><startdatetime>05072024 0800</startdatetime><enddatetime>05082024 0800</enddatetime><personnelid>DA1471</personnelid><radioid /><vehicleid /></Table><Table><apparatusid>E38</apparatusid><startdatetime>05072024 0800</startdatetime><enddatetime>05082024 0800</enddatetime><personnelid>GU1339</personnelid><radioid /><vehicleid /></Table></CADRosterView>