<CADRosterView><LoadFor><service>F</service><districtid>M501</districtid><shiftid>1</shiftid><startdatetime>05082024 0400</startdatetime><enddatetime>05092024 0400</enddatetime><date>05082024</date></LoadFor><Table><apparatusid>M501</apparatusid><startdatetime>05082024 0400</startdatetime><enddatetime>05082024 1600</enddatetime><personnelid>MO3235</personnelid><radioid /><vehicleid /></Table><Table><apparatusid>M501</apparatusid><startdatetime>05082024 0400</startdatetime><enddatetime>05082024 1600</enddatetime><personnelid>RI1181</personnelid><radioid /><vehicleid /></Table><Table><apparatusid>M501</apparatusid><startdatetime>05082024 1600</startdatetime><enddatetime>05092024 0400</enddatetime><personnelid>AS2211</personnelid><radioid /><vehicleid /></Table><Table><apparatusid>M501</apparatusid><startdatetime>05082024 1600</startdatetime><enddatetime>05092024 0400</enddatetime><personnelid>HE1763</personnelid><radioid /><vehicleid /></Table></CADRosterView>