<CADRosterView><LoadFor><service>F</service><districtid>E42</districtid><shiftid>1</shiftid><startdatetime>05082024 0800</startdatetime><enddatetime>05092024 0800</enddatetime><date>05082024</date></LoadFor><Table><apparatusid>E42</apparatusid><startdatetime>05082024 0800</startdatetime><enddatetime>05092024 0800</enddatetime><personnelid>RA6138</personnelid><radioid /><vehicleid /></Table><Table><apparatusid>E42</apparatusid><startdatetime>05082024 0800</startdatetime><enddatetime>05092024 0800</enddatetime><personnelid>MI1261</personnelid><radioid /><vehicleid /></Table><Table><apparatusid>E42</apparatusid><startdatetime>05082024 0800</startdatetime><enddatetime>05092024 0800</enddatetime><personnelid>HO5458</personnelid><radioid /><vehicleid /></Table><Table><apparatusid>E42</apparatusid><startdatetime>05082024 0800</startdatetime><enddatetime>05092024 0800</enddatetime><personnelid>MC2932</personnelid><radioid /><vehicleid /></Table></CADRosterView>