<CADRosterView><LoadFor><service>F</service><districtid>FB3</districtid><shiftid>1</shiftid><startdatetime>05082024 0800</startdatetime><enddatetime>05092024 0800</enddatetime><date>05082024</date></LoadFor><Table><apparatusid>FB3</apparatusid><startdatetime>05082024 0800</startdatetime><enddatetime>05092024 0800</enddatetime><personnelid>AL4177</personnelid><radioid /><vehicleid /></Table><Table><apparatusid>FB3</apparatusid><startdatetime>05082024 0800</startdatetime><enddatetime>05092024 0800</enddatetime><personnelid>SH4400</personnelid><radioid /><vehicleid /></Table><Table><apparatusid>FB3</apparatusid><startdatetime>05082024 0800</startdatetime><enddatetime>05092024 0800</enddatetime><personnelid>AM3740</personnelid><radioid /><vehicleid /></Table></CADRosterView>