<CADRosterView><LoadFor><service>F</service><districtid>E14</districtid><shiftid>1</shiftid><startdatetime>05072024 0800</startdatetime><enddatetime>05082024 0800</enddatetime><date>05072024</date></LoadFor><Table><apparatusid>E14</apparatusid><startdatetime>05072024 0800</startdatetime><enddatetime>05082024 0800</enddatetime><personnelid>ZH3741</personnelid><radioid /><vehicleid /></Table><Table><apparatusid>E14</apparatusid><startdatetime>05072024 0800</startdatetime><enddatetime>05082024 0800</enddatetime><personnelid>SM3423</personnelid><radioid /><vehicleid /></Table><Table><apparatusid>E14</apparatusid><startdatetime>05072024 0800</startdatetime><enddatetime>05082024 0800</enddatetime><personnelid>KI6455</personnelid><radioid /><vehicleid /></Table><Table><apparatusid>E14</apparatusid><startdatetime>05072024 0800</startdatetime><enddatetime>05082024 0800</enddatetime><personnelid>BA1279</personnelid><radioid /><vehicleid /></Table><Table><apparatusid>E14</apparatusid><startdatetime>05072024 0800</startdatetime><enddatetime>05082024 0800</enddatetime><personnelid>HA1949</personnelid><radioid /><vehicleid /></Table></CADRosterView>