<CADRosterView><LoadFor><service>F</service><districtid>E08</districtid><shiftid>1</shiftid><startdatetime>05082024 0800</startdatetime><enddatetime>05092024 0800</enddatetime><date>05082024</date></LoadFor><Table><apparatusid>E08</apparatusid><startdatetime>05082024 0800</startdatetime><enddatetime>05092024 0800</enddatetime><personnelid>BU7021</personnelid><radioid /><vehicleid /></Table><Table><apparatusid>E08</apparatusid><startdatetime>05082024 0800</startdatetime><enddatetime>05092024 0800</enddatetime><personnelid>MU4246</personnelid><radioid /><vehicleid /></Table></CADRosterView>