<CADRosterView><LoadFor><service>F</service><districtid>B01</districtid><shiftid>1</shiftid><startdatetime>05082024 0800</startdatetime><enddatetime>05092024 0800</enddatetime><date>05082024</date></LoadFor><Table><apparatusid>B01</apparatusid><startdatetime>05082024 0800</startdatetime><enddatetime>05092024 0800</enddatetime><personnelid>JA2339</personnelid><radioid /><vehicleid /></Table><Table><apparatusid>B01</apparatusid><startdatetime>05082024 0800</startdatetime><enddatetime>05092024 0800</enddatetime><personnelid>AT0783</personnelid><radioid /><vehicleid /></Table></CADRosterView>