<CADRosterView><LoadFor><service>F</service><districtid>E06</districtid><shiftid>1</shiftid><startdatetime>05082024 0800</startdatetime><enddatetime>05092024 0800</enddatetime><date>05082024</date></LoadFor><Table><apparatusid>E06</apparatusid><startdatetime>05082024 0800</startdatetime><enddatetime>05092024 0800</enddatetime><personnelid>SM1491</personnelid><radioid /><vehicleid /></Table><Table><apparatusid>E06</apparatusid><startdatetime>05082024 0800</startdatetime><enddatetime>05092024 0800</enddatetime><personnelid>CA4273</personnelid><radioid /><vehicleid /></Table><Table><apparatusid>E06</apparatusid><startdatetime>05082024 0800</startdatetime><enddatetime>05092024 0800</enddatetime><personnelid>RO2656</personnelid><radioid /><vehicleid /></Table><Table><apparatusid>E06</apparatusid><startdatetime>05082024 0800</startdatetime><enddatetime>05092024 0800</enddatetime><personnelid>MA1459</personnelid><radioid /><vehicleid /></Table></CADRosterView>