<CADRosterView><LoadFor><service>F</service><districtid>E08</districtid><shiftid>1</shiftid><startdatetime>05072024 0800</startdatetime><enddatetime>05082024 0800</enddatetime><date>05072024</date></LoadFor><Table><apparatusid>E08</apparatusid><startdatetime>05072024 0800</startdatetime><enddatetime>05082024 0800</enddatetime><personnelid>VE7102</personnelid><radioid /><vehicleid /></Table><Table><apparatusid>E08</apparatusid><startdatetime>05072024 0800</startdatetime><enddatetime>05082024 0800</enddatetime><personnelid>BR2837</personnelid><radioid /><vehicleid /></Table><Table><apparatusid>E08</apparatusid><startdatetime>05072024 0800</startdatetime><enddatetime>05082024 0800</enddatetime><personnelid>VA2128</personnelid><radioid /><vehicleid /></Table><Table><apparatusid>E08</apparatusid><startdatetime>05072024 0800</startdatetime><enddatetime>05082024 0800</enddatetime><personnelid>RO1792</personnelid><radioid /><vehicleid /></Table><Table><apparatusid>E08</apparatusid><startdatetime>05072024 0800</startdatetime><enddatetime>05082024 0800</enddatetime><personnelid>SM4665</personnelid><radioid /><vehicleid /></Table></CADRosterView>