<CADRosterView><LoadFor><service>F</service><districtid>M574</districtid><shiftid>1</shiftid><startdatetime>05072024 1700</startdatetime><enddatetime>05082024 0500</enddatetime><date>05072024</date></LoadFor><Table><apparatusid>M574</apparatusid><startdatetime>05072024 1700</startdatetime><enddatetime>05082024 0500</enddatetime><personnelid>CA1278</personnelid><radioid /><vehicleid /></Table><Table><apparatusid>M574</apparatusid><startdatetime>05072024 1700</startdatetime><enddatetime>05082024 0500</enddatetime><personnelid>FO1333</personnelid><radioid /><vehicleid /></Table></CADRosterView>