<CADRosterView><LoadFor><service>F</service><districtid>T06</districtid><shiftid>1</shiftid><startdatetime>05072024 0800</startdatetime><enddatetime>05082024 0800</enddatetime><date>05072024</date></LoadFor><Table><apparatusid>T06</apparatusid><startdatetime>05072024 0800</startdatetime><enddatetime>05082024 0800</enddatetime><personnelid>MC1987</personnelid><radioid /><vehicleid /></Table><Table><apparatusid>T06</apparatusid><startdatetime>05072024 0800</startdatetime><enddatetime>05082024 0800</enddatetime><personnelid>CA1697</personnelid><radioid /><vehicleid /></Table><Table><apparatusid>T06</apparatusid><startdatetime>05072024 0800</startdatetime><enddatetime>05082024 0800</enddatetime><personnelid>MC4152</personnelid><radioid /><vehicleid /></Table><Table><apparatusid>T06</apparatusid><startdatetime>05072024 0800</startdatetime><enddatetime>05082024 0800</enddatetime><personnelid>QW7146</personnelid><radioid /><vehicleid /></Table><Table><apparatusid>T06</apparatusid><startdatetime>05072024 0800</startdatetime><enddatetime>05082024 0800</enddatetime><personnelid>ED1048</personnelid><radioid /><vehicleid /></Table><Table><apparatusid>T06</apparatusid><startdatetime>05072024 0800</startdatetime><enddatetime>05082024 0800</enddatetime><personnelid>HE1091</personnelid><radioid /><vehicleid /></Table></CADRosterView>