<CADRosterView><LoadFor><service>P</service><districtid>TEND</districtid><shiftid>6</shiftid><startdatetime>05082024 1000</startdatetime><enddatetime>05082024 2000</enddatetime><date>05082024</date></LoadFor><Table><apparatusid>3J</apparatusid><startdatetime>05082024 1000</startdatetime><enddatetime>05082024 2000</enddatetime><personnelid>A21793</personnelid><radioid>6001782</radioid><vehicleid /></Table><Table><apparatusid>3J</apparatusid><startdatetime>05082024 1000</startdatetime><enddatetime>05082024 2000</enddatetime><personnelid>A24206</personnelid><radioid>6002362</radioid><vehicleid /></Table><Table><apparatusid>3J</apparatusid><startdatetime>05082024 1000</startdatetime><enddatetime>05082024 2000</enddatetime><personnelid>A22869</personnelid><radioid>6002060</radioid><vehicleid /></Table><Table><apparatusid>3J</apparatusid><startdatetime>05082024 1000</startdatetime><enddatetime>05082024 2000</enddatetime><personnelid>A22299</personnelid><radioid>6000308</radioid><vehicleid /></Table><Table><apparatusid>3J100</apparatusid><startdatetime>05082024 1000</startdatetime><enddatetime>05082024 2000</enddatetime><personnelid>A11171</personnelid><radioid>6001489</radioid><vehicleid>B033</vehicleid></Table><Table><apparatusid>3J150</apparatusid><startdatetime>05082024 1000</startdatetime><enddatetime>05082024 2000</enddatetime><personnelid>A21370</personnelid><radioid>51686</radioid><vehicleid /></Table></CADRosterView>