<CADRosterView><LoadFor><service>F</service><districtid>M588</districtid><shiftid>1</shiftid><startdatetime>05072024 0730</startdatetime><enddatetime>05072024 1930</enddatetime><date>05072024</date></LoadFor><Table><apparatusid>M588</apparatusid><startdatetime>05072024 0730</startdatetime><enddatetime>05072024 1930</enddatetime><personnelid>KA4412</personnelid><radioid /><vehicleid /></Table><Table><apparatusid>M588</apparatusid><startdatetime>05072024 0730</startdatetime><enddatetime>05072024 1930</enddatetime><personnelid>MA3719</personnelid><radioid /><vehicleid /></Table></CADRosterView>