<CADRosterView><LoadFor><service>F</service><districtid>M571</districtid><shiftid>1</shiftid><startdatetime>05072024 0530</startdatetime><enddatetime>05082024 0530</enddatetime><date>05072024</date></LoadFor><Table><apparatusid>M571</apparatusid><startdatetime>05072024 0530</startdatetime><enddatetime>05072024 1730</enddatetime><personnelid>CL4332</personnelid><radioid /><vehicleid /></Table><Table><apparatusid>M571</apparatusid><startdatetime>05072024 0530</startdatetime><enddatetime>05072024 1730</enddatetime><personnelid>OR1533</personnelid><radioid /><vehicleid /></Table><Table><apparatusid>M571</apparatusid><startdatetime>05072024 1730</startdatetime><enddatetime>05082024 0530</enddatetime><personnelid>SA3294</personnelid><radioid /><vehicleid /></Table></CADRosterView>