<CADRosterView><LoadFor><service>F</service><districtid>E39</districtid><shiftid>1</shiftid><startdatetime>05072024 0800</startdatetime><enddatetime>05082024 0800</enddatetime><date>05072024</date></LoadFor><Table><apparatusid>E39</apparatusid><startdatetime>05072024 0800</startdatetime><enddatetime>05082024 0800</enddatetime><personnelid>PA5702</personnelid><radioid /><vehicleid /></Table><Table><apparatusid>E39</apparatusid><startdatetime>05072024 0800</startdatetime><enddatetime>05082024 0800</enddatetime><personnelid>ED1780</personnelid><radioid /><vehicleid /></Table><Table><apparatusid>E39</apparatusid><startdatetime>05072024 0800</startdatetime><enddatetime>05082024 0800</enddatetime><personnelid>GR5314</personnelid><radioid /><vehicleid /></Table><Table><apparatusid>E39</apparatusid><startdatetime>05072024 0800</startdatetime><enddatetime>05082024 0800</enddatetime><personnelid>KR8430</personnelid><radioid /><vehicleid /></Table><Table><apparatusid>E39</apparatusid><startdatetime>05072024 0800</startdatetime><enddatetime>05082024 0800</enddatetime><personnelid>WA1256</personnelid><radioid /><vehicleid /></Table></CADRosterView>