<CADRosterView><LoadFor><service>F</service><districtid>E05</districtid><shiftid>1</shiftid><startdatetime>05072024 0800</startdatetime><enddatetime>05082024 0800</enddatetime><date>05072024</date></LoadFor><Table><apparatusid>E05</apparatusid><startdatetime>05072024 0800</startdatetime><enddatetime>05082024 0800</enddatetime><personnelid>SI1725</personnelid><radioid /><vehicleid /></Table><Table><apparatusid>E05</apparatusid><startdatetime>05072024 0800</startdatetime><enddatetime>05082024 0800</enddatetime><personnelid>AN1260</personnelid><radioid /><vehicleid /></Table><Table><apparatusid>E05</apparatusid><startdatetime>05072024 0800</startdatetime><enddatetime>05082024 0800</enddatetime><personnelid>BE1056</personnelid><radioid /><vehicleid /></Table><Table><apparatusid>E05</apparatusid><startdatetime>05072024 0800</startdatetime><enddatetime>05082024 0800</enddatetime><personnelid>HA5462</personnelid><radioid /><vehicleid /></Table><Table><apparatusid>E05</apparatusid><startdatetime>05072024 0800</startdatetime><enddatetime>05082024 0800</enddatetime><personnelid>BA2628</personnelid><radioid /><vehicleid /></Table><Table><apparatusid>E05</apparatusid><startdatetime>05072024 0800</startdatetime><enddatetime>05082024 0800</enddatetime><personnelid>KR1124</personnelid><radioid /><vehicleid /></Table></CADRosterView>