<CADRosterView><LoadFor><service>F</service><districtid>T19</districtid><shiftid>1</shiftid><startdatetime>05072024 0800</startdatetime><enddatetime>05082024 0800</enddatetime><date>05072024</date></LoadFor><Table><apparatusid>T19</apparatusid><startdatetime>05072024 0800</startdatetime><enddatetime>05082024 0800</enddatetime><personnelid>PR2240</personnelid><radioid /><vehicleid /></Table><Table><apparatusid>T19</apparatusid><startdatetime>05072024 0800</startdatetime><enddatetime>05082024 0800</enddatetime><personnelid>DA4281</personnelid><radioid /><vehicleid /></Table><Table><apparatusid>T19</apparatusid><startdatetime>05072024 0800</startdatetime><enddatetime>05082024 0800</enddatetime><personnelid>AL1630</personnelid><radioid /><vehicleid /></Table><Table><apparatusid>T19</apparatusid><startdatetime>05072024 0800</startdatetime><enddatetime>05082024 0800</enddatetime><personnelid>FU2018</personnelid><radioid /><vehicleid /></Table><Table><apparatusid>T19</apparatusid><startdatetime>05072024 0800</startdatetime><enddatetime>05082024 0800</enddatetime><personnelid>MA1320</personnelid><radioid /><vehicleid /></Table></CADRosterView>