<CADRosterView><LoadFor><service>F</service><districtid>KM20</districtid><shiftid>1</shiftid><startdatetime>05072024 0630</startdatetime><enddatetime>05072024 1830</enddatetime><date>05072024</date></LoadFor><Table><apparatusid>KM203</apparatusid><startdatetime>05072024 0630</startdatetime><enddatetime>05072024 1830</enddatetime><personnelid>MX1904</personnelid><radioid /><vehicleid>K00004</vehicleid></Table><Table><apparatusid>KM203</apparatusid><startdatetime>05072024 0630</startdatetime><enddatetime>05072024 1830</enddatetime><personnelid>MX1923</personnelid><radioid /><vehicleid>K00004</vehicleid></Table><Table><apparatusid>KM206</apparatusid><startdatetime>05072024 0630</startdatetime><enddatetime>05072024 1830</enddatetime><personnelid>MX1916</personnelid><radioid /><vehicleid>K00012</vehicleid></Table><Table><apparatusid>KM206</apparatusid><startdatetime>05072024 0630</startdatetime><enddatetime>05072024 1830</enddatetime><personnelid>MX1955</personnelid><radioid /><vehicleid>K00012</vehicleid></Table></CADRosterView>