<CADRosterView><LoadFor><service>P</service><districtid>MISS</districtid><shiftid>3</shiftid><startdatetime>05082024 1200</startdatetime><enddatetime>05092024 0700</enddatetime><date>05082024</date></LoadFor><Table><apparatusid>3D104</apparatusid><startdatetime>05082024 1200</startdatetime><enddatetime>05082024 2200</enddatetime><personnelid>A10627</personnelid><radioid>6000566</radioid><vehicleid /></Table><Table><apparatusid>3D100</apparatusid><startdatetime>05082024 2100</startdatetime><enddatetime>05092024 0700</enddatetime><personnelid>A10605</personnelid><radioid>6001414</radioid><vehicleid>BW266</vehicleid></Table><Table><apparatusid>3D101</apparatusid><startdatetime>05082024 1500</startdatetime><enddatetime>05092024 0100</enddatetime><personnelid>A09612</personnelid><radioid>6002105</radioid><vehicleid>BW164</vehicleid></Table><Table><apparatusid>3D102</apparatusid><startdatetime>05082024 2100</startdatetime><enddatetime>05092024 0700</enddatetime><personnelid>A09861</personnelid><radioid>6001654</radioid><vehicleid>B1057</vehicleid></Table><Table><apparatusid>3D105</apparatusid><startdatetime>05082024 2100</startdatetime><enddatetime>05092024 0700</enddatetime><personnelid>A22128</personnelid><radioid>51552</radioid><vehicleid /></Table><Table><apparatusid>3D114</apparatusid><startdatetime>05082024 1500</startdatetime><enddatetime>05092024 0100</enddatetime><personnelid>A09177</personnelid><radioid>6000563</radioid><vehicleid>BW170</vehicleid></Table><Table><apparatusid>3D118</apparatusid><startdatetime>05082024 1500</startdatetime><enddatetime>05092024 0100</enddatetime><personnelid>A04981</personnelid><radioid>6000549</radioid><vehicleid /></Table><Table><apparatusid>3D11E</apparatusid><startdatetime>05082024 2100</startdatetime><enddatetime>05092024 0700</enddatetime><personnelid>A24558</personnelid><radioid>6002322</radioid><vehicleid /></Table><Table><apparatusid>3D11E</apparatusid><startdatetime>05082024 2100</startdatetime><enddatetime>05092024 0700</enddatetime><personnelid>A24646</personnelid><radioid>6001629</radioid><vehicleid /></Table><Table><apparatusid>3D12E</apparatusid><startdatetime>05082024 2100</startdatetime><enddatetime>05092024 0700</enddatetime><personnelid>A21709</personnelid><radioid>6001666</radioid><vehicleid /></Table><Table><apparatusid>3D13D</apparatusid><startdatetime>05082024 1500</startdatetime><enddatetime>05092024 0100</enddatetime><personnelid>A21374</personnelid><radioid>6000502</radioid><vehicleid /></Table><Table><apparatusid>3D13D</apparatusid><startdatetime>05082024 1500</startdatetime><enddatetime>05092024 0100</enddatetime><personnelid>A21372</personnelid><radioid>51691</radioid><vehicleid /></Table><Table><apparatusid>3D14E</apparatusid><startdatetime>05082024 2100</startdatetime><enddatetime>05092024 0700</enddatetime><personnelid>A24202</personnelid><radioid>6002365</radioid><vehicleid /></Table><Table><apparatusid>3D14E</apparatusid><startdatetime>05082024 2100</startdatetime><enddatetime>05092024 0700</enddatetime><personnelid>A22849</personnelid><radioid>6002235</radioid><vehicleid /></Table><Table><apparatusid>3D15D</apparatusid><startdatetime>05082024 1500</startdatetime><enddatetime>05092024 0100</enddatetime><personnelid>A21941</personnelid><radioid>6001098</radioid><vehicleid /></Table><Table><apparatusid>3D15D</apparatusid><startdatetime>05082024 1500</startdatetime><enddatetime>05092024 0100</enddatetime><personnelid>A22537</personnelid><radioid>6001230</radioid><vehicleid /></Table><Table><apparatusid>3D16D</apparatusid><startdatetime>05082024 1500</startdatetime><enddatetime>05092024 0100</enddatetime><personnelid>A23718</personnelid><radioid>6002273</radioid><vehicleid /></Table><Table><apparatusid>3D16D</apparatusid><startdatetime>05082024 1500</startdatetime><enddatetime>05092024 0100</enddatetime><personnelid>A22848</personnelid><radioid>6002051</radioid><vehicleid /></Table><Table><apparatusid>3D16E</apparatusid><startdatetime>05082024 2100</startdatetime><enddatetime>05092024 0700</enddatetime><personnelid>A24825</personnelid><radioid /><vehicleid /></Table><Table><apparatusid>3D202</apparatusid><startdatetime>05082024 1430</startdatetime><enddatetime>05092024 0030</enddatetime><personnelid>A09170</personnelid><radioid>6000821</radioid><vehicleid>BW142</vehicleid></Table><Table><apparatusid>3D2D</apparatusid><startdatetime>05082024 1500</startdatetime><enddatetime>05092024 0100</enddatetime><personnelid>A00929</personnelid><radioid>1040</radioid><vehicleid /></Table><Table><apparatusid>3D35B</apparatusid><startdatetime>05082024 1400</startdatetime><enddatetime>05092024 0000</enddatetime><personnelid>A21271</personnelid><radioid>6000484</radioid><vehicleid /></Table><Table><apparatusid>3D35C</apparatusid><startdatetime>05082024 1400</startdatetime><enddatetime>05092024 0000</enddatetime><personnelid>A21954</personnelid><radioid>6000476</radioid><vehicleid /></Table><Table><apparatusid>3D36B</apparatusid><startdatetime>05082024 1400</startdatetime><enddatetime>05092024 0000</enddatetime><personnelid>A21401</personnelid><radioid>6000509</radioid><vehicleid /></Table><Table><apparatusid>3D36C</apparatusid><startdatetime>05082024 1400</startdatetime><enddatetime>05092024 0000</enddatetime><personnelid>A22584</personnelid><radioid>6000777</radioid><vehicleid /></Table><Table><apparatusid>3D37A</apparatusid><startdatetime>05082024 1400</startdatetime><enddatetime>05092024 0000</enddatetime><personnelid>A10216</personnelid><radioid>6002488</radioid><vehicleid /></Table></CADRosterView>