<CADRosterView><LoadFor><service>F</service><districtid>EMS6</districtid><shiftid>1</shiftid><startdatetime>05072024 0600</startdatetime><enddatetime>05082024 0200</enddatetime><date>05072024</date></LoadFor><Table><apparatusid>EMS6A</apparatusid><startdatetime>05072024 0600</startdatetime><enddatetime>05072024 1800</enddatetime><personnelid>BI4748</personnelid><radioid /><vehicleid /></Table><Table><apparatusid>EMS6B</apparatusid><startdatetime>05072024 1000</startdatetime><enddatetime>05072024 2200</enddatetime><personnelid>EB3526</personnelid><radioid /><vehicleid /></Table><Table><apparatusid>EMS6C</apparatusid><startdatetime>05072024 1400</startdatetime><enddatetime>05082024 0200</enddatetime><personnelid>MA1637</personnelid><radioid /><vehicleid /></Table><Table><apparatusid>EMS6D</apparatusid><startdatetime>05072024 0700</startdatetime><enddatetime>05072024 1700</enddatetime><personnelid>SO7386</personnelid><radioid /><vehicleid /></Table></CADRosterView>