<CADRosterView><LoadFor><service>F</service><districtid>E03</districtid><shiftid>1</shiftid><startdatetime>05082024 0800</startdatetime><enddatetime>05092024 0800</enddatetime><date>05082024</date></LoadFor><Table><apparatusid>E03</apparatusid><startdatetime>05082024 0800</startdatetime><enddatetime>05092024 0800</enddatetime><personnelid>JO2603</personnelid><radioid /><vehicleid /></Table><Table><apparatusid>E03</apparatusid><startdatetime>05082024 0800</startdatetime><enddatetime>05092024 0800</enddatetime><personnelid>AR2287</personnelid><radioid /><vehicleid /></Table><Table><apparatusid>E03</apparatusid><startdatetime>05082024 0800</startdatetime><enddatetime>05092024 0800</enddatetime><personnelid>NO7492</personnelid><radioid /><vehicleid /></Table><Table><apparatusid>E03</apparatusid><startdatetime>05082024 0800</startdatetime><enddatetime>05092024 0800</enddatetime><personnelid>OB1463</personnelid><radioid /><vehicleid /></Table></CADRosterView>