<CADRosterView><LoadFor><service>P</service><districtid>POTR</districtid><shiftid>3</shiftid><startdatetime>05072024 1430</startdatetime><enddatetime>05082024 0700</enddatetime><date>05072024</date></LoadFor><Table><apparatusid>3C00E</apparatusid><startdatetime>05072024 1430</startdatetime><enddatetime>05082024 0030</enddatetime><personnelid>A21844</personnelid><radioid /><vehicleid /></Table><Table><apparatusid>3C101</apparatusid><startdatetime>05072024 1500</startdatetime><enddatetime>05082024 0100</enddatetime><personnelid>A07684</personnelid><radioid>6001157</radioid><vehicleid /></Table><Table><apparatusid>3C103</apparatusid><startdatetime>05072024 2100</startdatetime><enddatetime>05082024 0700</enddatetime><personnelid>A21236</personnelid><radioid>6000127</radioid><vehicleid>BW234</vehicleid></Table><Table><apparatusid>3C108</apparatusid><startdatetime>05072024 1500</startdatetime><enddatetime>05082024 0100</enddatetime><personnelid>A09962</personnelid><radioid>6001276</radioid><vehicleid>BW234</vehicleid></Table><Table><apparatusid>3C11D</apparatusid><startdatetime>05072024 1500</startdatetime><enddatetime>05082024 0100</enddatetime><personnelid>A23885</personnelid><radioid>6001780</radioid><vehicleid /></Table><Table><apparatusid>3C11D</apparatusid><startdatetime>05072024 1500</startdatetime><enddatetime>05082024 0100</enddatetime><personnelid>A20716</personnelid><radioid>6001223</radioid><vehicleid /></Table><Table><apparatusid>3C11E</apparatusid><startdatetime>05072024 2100</startdatetime><enddatetime>05082024 0700</enddatetime><personnelid>A24148</personnelid><radioid>6001291</radioid><vehicleid /></Table><Table><apparatusid>3C11E</apparatusid><startdatetime>05072024 2100</startdatetime><enddatetime>05082024 0700</enddatetime><personnelid>A23609</personnelid><radioid>6002334</radioid><vehicleid /></Table><Table><apparatusid>3C12D</apparatusid><startdatetime>05072024 1500</startdatetime><enddatetime>05082024 0100</enddatetime><personnelid>A23976</personnelid><radioid>6002347</radioid><vehicleid /></Table><Table><apparatusid>3C12D</apparatusid><startdatetime>05072024 1500</startdatetime><enddatetime>05082024 0100</enddatetime><personnelid>A23983</personnelid><radioid>6002329</radioid><vehicleid /></Table><Table><apparatusid>3C13D</apparatusid><startdatetime>05072024 1500</startdatetime><enddatetime>05082024 0100</enddatetime><personnelid>A23400</personnelid><radioid>6002225</radioid><vehicleid /></Table><Table><apparatusid>3C13D</apparatusid><startdatetime>05072024 1500</startdatetime><enddatetime>05082024 0100</enddatetime><personnelid>A24391</personnelid><radioid>6001045</radioid><vehicleid /></Table><Table><apparatusid>3C13E</apparatusid><startdatetime>05072024 2100</startdatetime><enddatetime>05082024 0700</enddatetime><personnelid>A23860</personnelid><radioid>6002317</radioid><vehicleid /></Table><Table><apparatusid>3C13E</apparatusid><startdatetime>05072024 2100</startdatetime><enddatetime>05082024 0700</enddatetime><personnelid>A25443</personnelid><radioid>6001743</radioid><vehicleid /></Table><Table><apparatusid>3C14D</apparatusid><startdatetime>05072024 1500</startdatetime><enddatetime>05082024 0100</enddatetime><personnelid>A22057</personnelid><radioid>6002500</radioid><vehicleid /></Table><Table><apparatusid>3C14D</apparatusid><startdatetime>05072024 1500</startdatetime><enddatetime>05082024 0100</enddatetime><personnelid>A10506</personnelid><radioid>6001266</radioid><vehicleid /></Table><Table><apparatusid>3C15D</apparatusid><startdatetime>05072024 1500</startdatetime><enddatetime>05082024 0100</enddatetime><personnelid>A21498</personnelid><radioid>6000392</radioid><vehicleid /></Table><Table><apparatusid>3C15D</apparatusid><startdatetime>05072024 1500</startdatetime><enddatetime>05082024 0100</enddatetime><personnelid>A21795</personnelid><radioid>6001103</radioid><vehicleid /></Table><Table><apparatusid>3C15E</apparatusid><startdatetime>05072024 2100</startdatetime><enddatetime>05082024 0700</enddatetime><personnelid>A22034</personnelid><radioid>6001421</radioid><vehicleid /></Table><Table><apparatusid>3C15E</apparatusid><startdatetime>05072024 2100</startdatetime><enddatetime>05082024 0700</enddatetime><personnelid>A24310</personnelid><radioid>6000854</radioid><vehicleid /></Table><Table><apparatusid>3C2E</apparatusid><startdatetime>05072024 2100</startdatetime><enddatetime>05082024 0700</enddatetime><personnelid>A24433</personnelid><radioid /><vehicleid /></Table><Table><apparatusid>3C32</apparatusid><startdatetime>05072024 2100</startdatetime><enddatetime>05082024 0700</enddatetime><personnelid>A08061</personnelid><radioid>6002386</radioid><vehicleid /></Table><Table><apparatusid>3C32</apparatusid><startdatetime>05072024 2100</startdatetime><enddatetime>05082024 0700</enddatetime><personnelid>A10189</personnelid><radioid>6001139</radioid><vehicleid /></Table><Table><apparatusid>3C60</apparatusid><startdatetime>05072024 1500</startdatetime><enddatetime>05082024 0100</enddatetime><personnelid>A10597</personnelid><radioid>6001752</radioid><vehicleid /></Table></CADRosterView>