<CADRosterView><LoadFor><service>P</service><districtid>DOC</districtid><shiftid>3</shiftid><startdatetime>05072024 1500</startdatetime><enddatetime>05082024 0700</enddatetime><date>05072024</date></LoadFor><Table><apparatusid>2V00</apparatusid><startdatetime>05072024 2100</startdatetime><enddatetime>05082024 0700</enddatetime><personnelid>A22262</personnelid><radioid>6001565</radioid><vehicleid /></Table><Table><apparatusid>2V00</apparatusid><startdatetime>05072024 2100</startdatetime><enddatetime>05082024 0700</enddatetime><personnelid>A23601</personnelid><radioid>6002292</radioid><vehicleid /></Table><Table><apparatusid>2V00</apparatusid><startdatetime>05072024 2100</startdatetime><enddatetime>05082024 0700</enddatetime><personnelid>A22023</personnelid><radioid>16122</radioid><vehicleid /></Table><Table><apparatusid>2V100</apparatusid><startdatetime>05072024 1500</startdatetime><enddatetime>05072024 2100</enddatetime><personnelid>A04969</personnelid><radioid>6001104</radioid><vehicleid /></Table><Table><apparatusid>2V100</apparatusid><startdatetime>05072024 2100</startdatetime><enddatetime>05082024 0100</enddatetime><personnelid>A04969</personnelid><radioid>6001104</radioid><vehicleid /></Table><Table><apparatusid>2V100</apparatusid><startdatetime>05072024 2100</startdatetime><enddatetime>05082024 0100</enddatetime><personnelid>A07671</personnelid><radioid>6000252</radioid><vehicleid /></Table><Table><apparatusid>2V100</apparatusid><startdatetime>05082024 0100</startdatetime><enddatetime>05082024 0700</enddatetime><personnelid>A07671</personnelid><radioid>6000252</radioid><vehicleid /></Table></CADRosterView>