<CADRosterView><LoadFor><service>F</service><districtid>E06</districtid><shiftid>1</shiftid><startdatetime>05072024 0800</startdatetime><enddatetime>05082024 0800</enddatetime><date>05072024</date></LoadFor><Table><apparatusid>E06</apparatusid><startdatetime>05072024 0800</startdatetime><enddatetime>05082024 0800</enddatetime><personnelid>OX1894</personnelid><radioid /><vehicleid /></Table><Table><apparatusid>E06</apparatusid><startdatetime>05072024 0800</startdatetime><enddatetime>05082024 0800</enddatetime><personnelid>WO1430</personnelid><radioid /><vehicleid /></Table><Table><apparatusid>E06</apparatusid><startdatetime>05072024 0800</startdatetime><enddatetime>05082024 0800</enddatetime><personnelid>PL1804</personnelid><radioid /><vehicleid /></Table><Table><apparatusid>E06</apparatusid><startdatetime>05072024 0800</startdatetime><enddatetime>05082024 0800</enddatetime><personnelid>HE2733</personnelid><radioid /><vehicleid /></Table></CADRosterView>