<CADRosterView><LoadFor><service>F</service><districtid>SCRT</districtid><shiftid>1</shiftid><startdatetime>05072024 0400</startdatetime><enddatetime>05082024 0500</enddatetime><date>05072024</date></LoadFor><Table><apparatusid>SCRT1</apparatusid><startdatetime>05072024 0400</startdatetime><enddatetime>05072024 1600</enddatetime><personnelid>KU4278</personnelid><radioid /><vehicleid /></Table><Table><apparatusid>SCRT1</apparatusid><startdatetime>05072024 0400</startdatetime><enddatetime>05072024 1600</enddatetime><personnelid>LA2612</personnelid><radioid /><vehicleid /></Table><Table><apparatusid>SCRT2</apparatusid><startdatetime>05072024 1400</startdatetime><enddatetime>05072024 2300</enddatetime><personnelid>DO3039</personnelid><radioid /><vehicleid /></Table><Table><apparatusid>SCRT2</apparatusid><startdatetime>05072024 1400</startdatetime><enddatetime>05072024 2300</enddatetime><personnelid>FI3600</personnelid><radioid /><vehicleid /></Table><Table><apparatusid>SCRT3</apparatusid><startdatetime>05072024 0600</startdatetime><enddatetime>05072024 1800</enddatetime><personnelid>OT3350</personnelid><radioid /><vehicleid /></Table><Table><apparatusid>SCRT3</apparatusid><startdatetime>05072024 0600</startdatetime><enddatetime>05072024 1800</enddatetime><personnelid>WO5483</personnelid><radioid /><vehicleid /></Table><Table><apparatusid>SCRT3</apparatusid><startdatetime>05072024 1800</startdatetime><enddatetime>05082024 0500</enddatetime><personnelid>CA3891</personnelid><radioid /><vehicleid /></Table><Table><apparatusid>SCRT3</apparatusid><startdatetime>05072024 1800</startdatetime><enddatetime>05082024 0500</enddatetime><personnelid>TU1270</personnelid><radioid /><vehicleid /></Table><Table><apparatusid>SCRT4</apparatusid><startdatetime>05072024 0600</startdatetime><enddatetime>05072024 1800</enddatetime><personnelid>FR8632</personnelid><radioid /><vehicleid /></Table><Table><apparatusid>SCRT4</apparatusid><startdatetime>05072024 0600</startdatetime><enddatetime>05072024 1800</enddatetime><personnelid>HO4055</personnelid><radioid /><vehicleid /></Table><Table><apparatusid>SCRT4</apparatusid><startdatetime>05072024 1800</startdatetime><enddatetime>05072024 2100</enddatetime><personnelid>FR8632</personnelid><radioid /><vehicleid /></Table><Table><apparatusid>SCRT4</apparatusid><startdatetime>05072024 1800</startdatetime><enddatetime>05072024 2100</enddatetime><personnelid>HO4055</personnelid><radioid /><vehicleid /></Table><Table><apparatusid>SCRT5</apparatusid><startdatetime>05072024 0900</startdatetime><enddatetime>05072024 2100</enddatetime><personnelid>CA3160</personnelid><radioid /><vehicleid /></Table><Table><apparatusid>SCRT5</apparatusid><startdatetime>05072024 0900</startdatetime><enddatetime>05072024 2100</enddatetime><personnelid>LO1067</personnelid><radioid /><vehicleid /></Table><Table><apparatusid>SCRT7</apparatusid><startdatetime>05072024 1300</startdatetime><enddatetime>05082024 0100</enddatetime><personnelid>BE6349</personnelid><radioid /><vehicleid /></Table><Table><apparatusid>SCRT7</apparatusid><startdatetime>05072024 1300</startdatetime><enddatetime>05082024 0100</enddatetime><personnelid>SY1900</personnelid><radioid /><vehicleid /></Table><Table><apparatusid>SCRT9</apparatusid><startdatetime>05072024 1100</startdatetime><enddatetime>05072024 2300</enddatetime><personnelid>GO1561</personnelid><radioid /><vehicleid /></Table><Table><apparatusid>SCRT9</apparatusid><startdatetime>05072024 1100</startdatetime><enddatetime>05072024 2300</enddatetime><personnelid>JO4758</personnelid><radioid /><vehicleid /></Table></CADRosterView>