<CADRosterView><LoadFor><service>F</service><districtid>E02</districtid><shiftid>1</shiftid><startdatetime>05082024 0800</startdatetime><enddatetime>05092024 0800</enddatetime><date>05082024</date></LoadFor><Table><apparatusid>E02</apparatusid><startdatetime>05082024 0800</startdatetime><enddatetime>05092024 0800</enddatetime><personnelid>RI1361</personnelid><radioid /><vehicleid /></Table><Table><apparatusid>E02</apparatusid><startdatetime>05082024 0800</startdatetime><enddatetime>05092024 0800</enddatetime><personnelid>BO3518</personnelid><radioid /><vehicleid /></Table><Table><apparatusid>E02</apparatusid><startdatetime>05082024 0800</startdatetime><enddatetime>05092024 0800</enddatetime><personnelid>WE3101</personnelid><radioid /><vehicleid /></Table><Table><apparatusid>E02</apparatusid><startdatetime>05082024 0800</startdatetime><enddatetime>05092024 0800</enddatetime><personnelid>MC7991</personnelid><radioid /><vehicleid /></Table></CADRosterView>