<CADRosterView><LoadFor><service>F</service><districtid>T07</districtid><shiftid>1</shiftid><startdatetime>05072024 0800</startdatetime><enddatetime>05082024 0800</enddatetime><date>05072024</date></LoadFor><Table><apparatusid>T07</apparatusid><startdatetime>05072024 0800</startdatetime><enddatetime>05082024 0800</enddatetime><personnelid>AL2153</personnelid><radioid /><vehicleid /></Table><Table><apparatusid>T07</apparatusid><startdatetime>05072024 0800</startdatetime><enddatetime>05082024 0800</enddatetime><personnelid>DU2364</personnelid><radioid /><vehicleid /></Table><Table><apparatusid>T07</apparatusid><startdatetime>05072024 0800</startdatetime><enddatetime>05082024 0800</enddatetime><personnelid>RE2735</personnelid><radioid /><vehicleid /></Table><Table><apparatusid>T07</apparatusid><startdatetime>05072024 0800</startdatetime><enddatetime>05082024 0800</enddatetime><personnelid>FO5446</personnelid><radioid /><vehicleid /></Table><Table><apparatusid>T07</apparatusid><startdatetime>05072024 0800</startdatetime><enddatetime>05082024 0800</enddatetime><personnelid>LA4985</personnelid><radioid /><vehicleid /></Table></CADRosterView>