<CADRosterView><LoadFor><service>F</service><districtid>D2</districtid><shiftid>1</shiftid><startdatetime>05072024 0800</startdatetime><enddatetime>05082024 0800</enddatetime><date>05072024</date></LoadFor><Table><apparatusid>D2</apparatusid><startdatetime>05072024 0800</startdatetime><enddatetime>05082024 0800</enddatetime><personnelid>TH2682</personnelid><radioid /><vehicleid /></Table><Table><apparatusid>D2</apparatusid><startdatetime>05072024 0800</startdatetime><enddatetime>05082024 0800</enddatetime><personnelid>MA4588</personnelid><radioid /><vehicleid /></Table></CADRosterView>