<CADRosterView><LoadFor><service>F</service><districtid>M560</districtid><shiftid>1</shiftid><startdatetime>05072024 0400</startdatetime><enddatetime>05082024 0400</enddatetime><date>05072024</date></LoadFor><Table><apparatusid>M560</apparatusid><startdatetime>05072024 0400</startdatetime><enddatetime>05072024 1600</enddatetime><personnelid>MI2588</personnelid><radioid /><vehicleid /></Table><Table><apparatusid>M560</apparatusid><startdatetime>05072024 0400</startdatetime><enddatetime>05072024 1600</enddatetime><personnelid>MO3282</personnelid><radioid /><vehicleid /></Table><Table><apparatusid>M560</apparatusid><startdatetime>05072024 1600</startdatetime><enddatetime>05082024 0400</enddatetime><personnelid>BU5293</personnelid><radioid /><vehicleid /></Table><Table><apparatusid>M560</apparatusid><startdatetime>05072024 1600</startdatetime><enddatetime>05082024 0400</enddatetime><personnelid>GU2381</personnelid><radioid /><vehicleid /></Table><Table><apparatusid>M560</apparatusid><startdatetime>05072024 1600</startdatetime><enddatetime>05082024 0400</enddatetime><personnelid>TA3864</personnelid><radioid /><vehicleid /></Table></CADRosterView>