<CADRosterView><LoadFor><service>P</service><districtid>MISS</districtid><shiftid>3</shiftid><startdatetime>05092024 1400</startdatetime><enddatetime>05102024 0700</enddatetime><date>05092024</date></LoadFor><Table><apparatusid>3D102</apparatusid><startdatetime>05092024 2100</startdatetime><enddatetime>05102024 0700</enddatetime><personnelid>A09861</personnelid><radioid>6001654</radioid><vehicleid>B1057</vehicleid></Table><Table><apparatusid>3D104</apparatusid><startdatetime>05092024 1500</startdatetime><enddatetime>05102024 0100</enddatetime><personnelid>A10627</personnelid><radioid>6000566</radioid><vehicleid /></Table><Table><apparatusid>3D105</apparatusid><startdatetime>05092024 2100</startdatetime><enddatetime>05102024 0700</enddatetime><personnelid>A22128</personnelid><radioid>51552</radioid><vehicleid /></Table><Table><apparatusid>3D114</apparatusid><startdatetime>05092024 1500</startdatetime><enddatetime>05102024 0100</enddatetime><personnelid>A09177</personnelid><radioid>6000563</radioid><vehicleid>BW170</vehicleid></Table><Table><apparatusid>3D35B</apparatusid><startdatetime>05092024 1400</startdatetime><enddatetime>05102024 0000</enddatetime><personnelid>A21271</personnelid><radioid>6000484</radioid><vehicleid /></Table><Table><apparatusid>3D35C</apparatusid><startdatetime>05092024 1400</startdatetime><enddatetime>05102024 0000</enddatetime><personnelid>A21954</personnelid><radioid>6000476</radioid><vehicleid /></Table><Table><apparatusid>3D36B</apparatusid><startdatetime>05092024 1400</startdatetime><enddatetime>05102024 0000</enddatetime><personnelid>A21401</personnelid><radioid>6000509</radioid><vehicleid /></Table><Table><apparatusid>3D36C</apparatusid><startdatetime>05092024 1400</startdatetime><enddatetime>05102024 0000</enddatetime><personnelid>A22584</personnelid><radioid>6000777</radioid><vehicleid /></Table><Table><apparatusid>3D37A</apparatusid><startdatetime>05092024 1400</startdatetime><enddatetime>05102024 0000</enddatetime><personnelid>A10216</personnelid><radioid>6002488</radioid><vehicleid /></Table></CADRosterView>