<CADRosterView><LoadFor><service>P</service><districtid>SOUT</districtid><shiftid>4</shiftid><startdatetime>05082024 0600</startdatetime><enddatetime>05082024 2200</enddatetime><date>05082024</date></LoadFor><Table><apparatusid>3B52A</apparatusid><startdatetime>05082024 0600</startdatetime><enddatetime>05082024 1100</enddatetime><personnelid>A10334</personnelid><radioid /><vehicleid /></Table><Table><apparatusid>3B52A</apparatusid><startdatetime>05082024 0600</startdatetime><enddatetime>05082024 1100</enddatetime><personnelid>A07047</personnelid><radioid /><vehicleid /></Table><Table><apparatusid>3B52B</apparatusid><startdatetime>05082024 0700</startdatetime><enddatetime>05082024 1100</enddatetime><personnelid>A21268</personnelid><radioid /><vehicleid /></Table><Table><apparatusid>3B52C</apparatusid><startdatetime>05082024 0800</startdatetime><enddatetime>05082024 1400</enddatetime><personnelid>A07406</personnelid><radioid /><vehicleid /></Table><Table><apparatusid>3B52D</apparatusid><startdatetime>05082024 0900</startdatetime><enddatetime>05082024 1500</enddatetime><personnelid>A22121</personnelid><radioid /><vehicleid /></Table><Table><apparatusid>3B52D</apparatusid><startdatetime>05082024 0900</startdatetime><enddatetime>05082024 1500</enddatetime><personnelid>A23178</personnelid><radioid /><vehicleid /></Table><Table><apparatusid>3B52E</apparatusid><startdatetime>05082024 0900</startdatetime><enddatetime>05082024 1500</enddatetime><personnelid>A21544</personnelid><radioid /><vehicleid /></Table><Table><apparatusid>3B52F</apparatusid><startdatetime>05082024 0900</startdatetime><enddatetime>05082024 1500</enddatetime><personnelid>A23400</personnelid><radioid /><vehicleid /></Table><Table><apparatusid>3B52G</apparatusid><startdatetime>05082024 1100</startdatetime><enddatetime>05082024 1500</enddatetime><personnelid>A23693</personnelid><radioid /><vehicleid /></Table><Table><apparatusid>3B53A</apparatusid><startdatetime>05082024 1500</startdatetime><enddatetime>05082024 2100</enddatetime><personnelid>A10095</personnelid><radioid /><vehicleid /></Table><Table><apparatusid>3B53A</apparatusid><startdatetime>05082024 1500</startdatetime><enddatetime>05082024 2100</enddatetime><personnelid>A10851</personnelid><radioid /><vehicleid /></Table><Table><apparatusid>3B53B</apparatusid><startdatetime>05082024 1500</startdatetime><enddatetime>05082024 2100</enddatetime><personnelid>A08852</personnelid><radioid /><vehicleid /></Table><Table><apparatusid>3B53C</apparatusid><startdatetime>05082024 1600</startdatetime><enddatetime>05082024 2100</enddatetime><personnelid>A21103</personnelid><radioid /><vehicleid /></Table><Table><apparatusid>3B53C</apparatusid><startdatetime>05082024 1600</startdatetime><enddatetime>05082024 2100</enddatetime><personnelid>A22877</personnelid><radioid /><vehicleid /></Table><Table><apparatusid>3B53C</apparatusid><startdatetime>05082024 2100</startdatetime><enddatetime>05082024 2200</enddatetime><personnelid>A22877</personnelid><radioid /><vehicleid /></Table><Table><apparatusid>3B53D</apparatusid><startdatetime>05082024 1600</startdatetime><enddatetime>05082024 2200</enddatetime><personnelid>A10086</personnelid><radioid /><vehicleid /></Table><Table><apparatusid>3B53E</apparatusid><startdatetime>05082024 1600</startdatetime><enddatetime>05082024 2200</enddatetime><personnelid>A20696</personnelid><radioid /><vehicleid /></Table><Table><apparatusid>3B53F</apparatusid><startdatetime>05082024 1600</startdatetime><enddatetime>05082024 2200</enddatetime><personnelid>A10854</personnelid><radioid /><vehicleid /></Table><Table><apparatusid>3B53H</apparatusid><startdatetime>05082024 1600</startdatetime><enddatetime>05082024 2200</enddatetime><personnelid>A09469</personnelid><radioid /><vehicleid /></Table><Table><apparatusid>3B53H</apparatusid><startdatetime>05082024 1600</startdatetime><enddatetime>05082024 2200</enddatetime><personnelid>A09714</personnelid><radioid /><vehicleid /></Table></CADRosterView>