<CADRosterView><LoadFor><service>P</service><districtid>HOMI</districtid><shiftid>2</shiftid><startdatetime>05072024 0800</startdatetime><enddatetime>05072024 1800</enddatetime><date>05072024</date></LoadFor><Table><apparatusid>5H00</apparatusid><startdatetime>05072024 0800</startdatetime><enddatetime>05072024 1600</enddatetime><personnelid>A07310</personnelid><radioid /><vehicleid /></Table><Table><apparatusid>5H1</apparatusid><startdatetime>05072024 0800</startdatetime><enddatetime>05072024 1800</enddatetime><personnelid>A05043</personnelid><radioid>6001879</radioid><vehicleid /></Table><Table><apparatusid>5H14</apparatusid><startdatetime>05072024 0800</startdatetime><enddatetime>05072024 1800</enddatetime><personnelid>A20985</personnelid><radioid>6002515</radioid><vehicleid /></Table><Table><apparatusid>5H16</apparatusid><startdatetime>05072024 0800</startdatetime><enddatetime>05072024 1800</enddatetime><personnelid>A21090</personnelid><radioid>6000571</radioid><vehicleid /></Table><Table><apparatusid>5H17</apparatusid><startdatetime>05072024 0800</startdatetime><enddatetime>05072024 1800</enddatetime><personnelid>A10974</personnelid><radioid>6002257</radioid><vehicleid /></Table><Table><apparatusid>5H18</apparatusid><startdatetime>05072024 0800</startdatetime><enddatetime>05072024 1800</enddatetime><personnelid>A10725</personnelid><radioid>6000908</radioid><vehicleid /></Table><Table><apparatusid>5H200</apparatusid><startdatetime>05072024 0900</startdatetime><enddatetime>05072024 1700</enddatetime><personnelid>A07865</personnelid><radioid>1375</radioid><vehicleid>C1124</vehicleid></Table><Table><apparatusid>5H4</apparatusid><startdatetime>05072024 0800</startdatetime><enddatetime>05072024 1800</enddatetime><personnelid>A22051</personnelid><radioid>52455</radioid><vehicleid /></Table><Table><apparatusid>5H6</apparatusid><startdatetime>05072024 0800</startdatetime><enddatetime>05072024 1800</enddatetime><personnelid>A09216</personnelid><radioid>6000636</radioid><vehicleid /></Table></CADRosterView>