<CADRosterView><LoadFor><service>F</service><districtid>E36</districtid><shiftid>1</shiftid><startdatetime>05072024 0800</startdatetime><enddatetime>05082024 0800</enddatetime><date>05072024</date></LoadFor><Table><apparatusid>E36</apparatusid><startdatetime>05072024 0800</startdatetime><enddatetime>05082024 0800</enddatetime><personnelid>DI7183</personnelid><radioid /><vehicleid /></Table><Table><apparatusid>E36</apparatusid><startdatetime>05072024 0800</startdatetime><enddatetime>05082024 0800</enddatetime><personnelid>AC9556</personnelid><radioid /><vehicleid /></Table><Table><apparatusid>E36</apparatusid><startdatetime>05072024 0800</startdatetime><enddatetime>05082024 0800</enddatetime><personnelid>GE5487</personnelid><radioid /><vehicleid /></Table><Table><apparatusid>E36</apparatusid><startdatetime>05072024 0800</startdatetime><enddatetime>05082024 0800</enddatetime><personnelid>HE1868</personnelid><radioid /><vehicleid /></Table><Table><apparatusid>E36</apparatusid><startdatetime>05072024 0800</startdatetime><enddatetime>05082024 0800</enddatetime><personnelid>BA2018</personnelid><radioid /><vehicleid /></Table></CADRosterView>