<CADRosterView><LoadFor><service>F</service><districtid>E34</districtid><shiftid>1</shiftid><startdatetime>05072024 0800</startdatetime><enddatetime>05082024 0800</enddatetime><date>05072024</date></LoadFor><Table><apparatusid>E34</apparatusid><startdatetime>05072024 0800</startdatetime><enddatetime>05082024 0800</enddatetime><personnelid>LU4695</personnelid><radioid /><vehicleid /></Table><Table><apparatusid>E34</apparatusid><startdatetime>05072024 0800</startdatetime><enddatetime>05082024 0800</enddatetime><personnelid>ME1979</personnelid><radioid /><vehicleid /></Table><Table><apparatusid>E34</apparatusid><startdatetime>05072024 0800</startdatetime><enddatetime>05082024 0800</enddatetime><personnelid>MA5161</personnelid><radioid /><vehicleid /></Table></CADRosterView>