<CADRosterView><LoadFor><service>F</service><districtid>E44</districtid><shiftid>1</shiftid><startdatetime>05082024 0800</startdatetime><enddatetime>05092024 0800</enddatetime><date>05082024</date></LoadFor><Table><apparatusid>E44</apparatusid><startdatetime>05082024 0800</startdatetime><enddatetime>05092024 0800</enddatetime><personnelid>BA2548</personnelid><radioid /><vehicleid /></Table><Table><apparatusid>E44</apparatusid><startdatetime>05082024 0800</startdatetime><enddatetime>05092024 0800</enddatetime><personnelid>KO3550</personnelid><radioid /><vehicleid /></Table><Table><apparatusid>E44</apparatusid><startdatetime>05082024 0800</startdatetime><enddatetime>05092024 0800</enddatetime><personnelid>FU3935</personnelid><radioid /><vehicleid /></Table></CADRosterView>