<CADRosterView><LoadFor><service>F</service><districtid>E13</districtid><shiftid>1</shiftid><startdatetime>05072024 0800</startdatetime><enddatetime>05082024 0800</enddatetime><date>05072024</date></LoadFor><Table><apparatusid>E13</apparatusid><startdatetime>05072024 0800</startdatetime><enddatetime>05082024 0800</enddatetime><personnelid>CH9956</personnelid><radioid /><vehicleid /></Table><Table><apparatusid>E13</apparatusid><startdatetime>05072024 0800</startdatetime><enddatetime>05082024 0800</enddatetime><personnelid>NG5977</personnelid><radioid /><vehicleid /></Table><Table><apparatusid>E13</apparatusid><startdatetime>05072024 0800</startdatetime><enddatetime>05082024 0800</enddatetime><personnelid>LO4278</personnelid><radioid /><vehicleid /></Table></CADRosterView>