<CADRosterView><LoadFor><service>F</service><districtid>E22</districtid><shiftid>1</shiftid><startdatetime>05072024 0800</startdatetime><enddatetime>05082024 0800</enddatetime><date>05072024</date></LoadFor><Table><apparatusid>E22</apparatusid><startdatetime>05072024 0800</startdatetime><enddatetime>05082024 0800</enddatetime><personnelid>AS4949</personnelid><radioid /><vehicleid /></Table><Table><apparatusid>E22</apparatusid><startdatetime>05072024 0800</startdatetime><enddatetime>05082024 0800</enddatetime><personnelid>MU2796</personnelid><radioid /><vehicleid /></Table><Table><apparatusid>E22</apparatusid><startdatetime>05072024 0800</startdatetime><enddatetime>05082024 0800</enddatetime><personnelid>GI0168</personnelid><radioid /><vehicleid /></Table></CADRosterView>