<CADRosterView><LoadFor><service>F</service><districtid>E32</districtid><shiftid>1</shiftid><startdatetime>05072024 0800</startdatetime><enddatetime>05082024 0800</enddatetime><date>05072024</date></LoadFor><Table><apparatusid>E32</apparatusid><startdatetime>05072024 0800</startdatetime><enddatetime>05082024 0800</enddatetime><personnelid>EC3860</personnelid><radioid /><vehicleid /></Table><Table><apparatusid>E32</apparatusid><startdatetime>05072024 0800</startdatetime><enddatetime>05082024 0800</enddatetime><personnelid>AR3251</personnelid><radioid /><vehicleid /></Table><Table><apparatusid>E32</apparatusid><startdatetime>05072024 0800</startdatetime><enddatetime>05082024 0800</enddatetime><personnelid>KU2090</personnelid><radioid /><vehicleid /></Table><Table><apparatusid>E32</apparatusid><startdatetime>05072024 0800</startdatetime><enddatetime>05082024 0800</enddatetime><personnelid>CO5831</personnelid><radioid /><vehicleid /></Table></CADRosterView>