<CADRosterView><LoadFor><service>F</service><districtid>M567</districtid><shiftid>1</shiftid><startdatetime>05072024 0500</startdatetime><enddatetime>05082024 0500</enddatetime><date>05072024</date></LoadFor><Table><apparatusid>M567</apparatusid><startdatetime>05072024 0500</startdatetime><enddatetime>05072024 1500</enddatetime><personnelid>RA1215</personnelid><radioid /><vehicleid /></Table><Table><apparatusid>M567</apparatusid><startdatetime>05072024 0500</startdatetime><enddatetime>05072024 1500</enddatetime><personnelid>ST4826</personnelid><radioid /><vehicleid /></Table><Table><apparatusid>M567</apparatusid><startdatetime>05072024 1630</startdatetime><enddatetime>05072024 1700</enddatetime><personnelid>GA2418</personnelid><radioid /><vehicleid /></Table><Table><apparatusid>M567</apparatusid><startdatetime>05072024 1700</startdatetime><enddatetime>05082024 0430</enddatetime><personnelid>DO1909</personnelid><radioid /><vehicleid /></Table><Table><apparatusid>M567</apparatusid><startdatetime>05072024 1700</startdatetime><enddatetime>05082024 0430</enddatetime><personnelid>GA2418</personnelid><radioid /><vehicleid /></Table><Table><apparatusid>M567</apparatusid><startdatetime>05072024 1700</startdatetime><enddatetime>05082024 0430</enddatetime><personnelid>JO3231</personnelid><radioid /><vehicleid /></Table><Table><apparatusid>M567</apparatusid><startdatetime>05082024 0430</startdatetime><enddatetime>05082024 0500</enddatetime><personnelid>DO1909</personnelid><radioid /><vehicleid /></Table><Table><apparatusid>M567</apparatusid><startdatetime>05082024 0430</startdatetime><enddatetime>05082024 0500</enddatetime><personnelid>JO3231</personnelid><radioid /><vehicleid /></Table></CADRosterView>