<CADRosterView><LoadFor><service>F</service><districtid>B02</districtid><shiftid>1</shiftid><startdatetime>05072024 0800</startdatetime><enddatetime>05082024 0800</enddatetime><date>05072024</date></LoadFor><Table><apparatusid>B02</apparatusid><startdatetime>05072024 0800</startdatetime><enddatetime>05082024 0800</enddatetime><personnelid>HI8693</personnelid><radioid /><vehicleid /></Table><Table><apparatusid>B02</apparatusid><startdatetime>05072024 0800</startdatetime><enddatetime>05082024 0800</enddatetime><personnelid>VI6015</personnelid><radioid /><vehicleid /></Table></CADRosterView>