<CADRosterView><LoadFor><service>P</service><districtid>IAD</districtid><shiftid>2</shiftid><startdatetime>05082024 0600</startdatetime><enddatetime>05082024 2100</enddatetime><date>05082024</date></LoadFor><Table><apparatusid>1E101</apparatusid><startdatetime>05082024 1100</startdatetime><enddatetime>05082024 2100</enddatetime><personnelid>A06273</personnelid><radioid>52489</radioid><vehicleid /></Table><Table><apparatusid>1E102</apparatusid><startdatetime>05082024 0600</startdatetime><enddatetime>05082024 1600</enddatetime><personnelid>A10682</personnelid><radioid>6000190</radioid><vehicleid /></Table><Table><apparatusid>1E103</apparatusid><startdatetime>05082024 0600</startdatetime><enddatetime>05082024 1600</enddatetime><personnelid>A10618</personnelid><radioid>6001225</radioid><vehicleid /></Table><Table><apparatusid>1E104</apparatusid><startdatetime>05082024 0600</startdatetime><enddatetime>05082024 1600</enddatetime><personnelid>A11159</personnelid><radioid>6001410</radioid><vehicleid /></Table><Table><apparatusid>1E105</apparatusid><startdatetime>05082024 1100</startdatetime><enddatetime>05082024 2100</enddatetime><personnelid>A21400</personnelid><radioid>52481</radioid><vehicleid /></Table><Table><apparatusid>1E106</apparatusid><startdatetime>05082024 0900</startdatetime><enddatetime>05082024 1900</enddatetime><personnelid>A08363</personnelid><radioid>6001867</radioid><vehicleid /></Table><Table><apparatusid>1E112</apparatusid><startdatetime>05082024 0700</startdatetime><enddatetime>05082024 1700</enddatetime><personnelid>A20830</personnelid><radioid>6001927</radioid><vehicleid /></Table><Table><apparatusid>1E200</apparatusid><startdatetime>05082024 0600</startdatetime><enddatetime>05082024 1600</enddatetime><personnelid>A06941</personnelid><radioid>6000866</radioid><vehicleid /></Table></CADRosterView>