<CADRosterView><LoadFor><service>F</service><districtid>E34</districtid><shiftid>1</shiftid><startdatetime>05082024 0800</startdatetime><enddatetime>05092024 0800</enddatetime><date>05082024</date></LoadFor><Table><apparatusid>E34</apparatusid><startdatetime>05082024 0800</startdatetime><enddatetime>05092024 0800</enddatetime><personnelid>ST3930</personnelid><radioid /><vehicleid /></Table><Table><apparatusid>E34</apparatusid><startdatetime>05082024 0800</startdatetime><enddatetime>05092024 0800</enddatetime><personnelid>MA5161</personnelid><radioid /><vehicleid /></Table></CADRosterView>