<CADRosterView><LoadFor><service>F</service><districtid>M577</districtid><shiftid>1</shiftid><startdatetime>03022024 0630</startdatetime><enddatetime>03032024 0730</enddatetime><date>03022024</date></LoadFor><Table><apparatusid>M577</apparatusid><startdatetime>03022024 0630</startdatetime><enddatetime>03022024 1830</enddatetime><personnelid>LE3544</personnelid><radioid /><vehicleid /></Table><Table><apparatusid>M577</apparatusid><startdatetime>03022024 0630</startdatetime><enddatetime>03022024 1830</enddatetime><personnelid>SO2574</personnelid><radioid /><vehicleid /></Table><Table><apparatusid>M577</apparatusid><startdatetime>03022024 1830</startdatetime><enddatetime>03022024 2230</enddatetime><personnelid>LA1878</personnelid><radioid /><vehicleid /></Table><Table><apparatusid>M577</apparatusid><startdatetime>03022024 1830</startdatetime><enddatetime>03022024 2230</enddatetime><personnelid>PR1050</personnelid><radioid /><vehicleid /></Table><Table><apparatusid>M577</apparatusid><startdatetime>03022024 2230</startdatetime><enddatetime>03032024 0230</enddatetime><personnelid>LA1878</personnelid><radioid /><vehicleid /></Table><Table><apparatusid>M577</apparatusid><startdatetime>03022024 2230</startdatetime><enddatetime>03032024 0230</enddatetime><personnelid>PR1050</personnelid><radioid /><vehicleid /></Table><Table><apparatusid>M577</apparatusid><startdatetime>03032024 0230</startdatetime><enddatetime>03032024 0630</enddatetime><personnelid>LA1878</personnelid><radioid /><vehicleid /></Table><Table><apparatusid>M577</apparatusid><startdatetime>03032024 0230</startdatetime><enddatetime>03032024 0630</enddatetime><personnelid>PR1050</personnelid><radioid /><vehicleid /></Table><Table><apparatusid>M577</apparatusid><startdatetime>03032024 0630</startdatetime><enddatetime>03032024 0730</enddatetime><personnelid>LA1878</personnelid><radioid /><vehicleid /></Table><Table><apparatusid>M577</apparatusid><startdatetime>03032024 0630</startdatetime><enddatetime>03032024 0730</enddatetime><personnelid>PR1050</personnelid><radioid /><vehicleid /></Table></CADRosterView>