<CADRosterView><LoadFor><service>P</service><districtid>NORT</districtid><shiftid>1</shiftid><startdatetime>05082024 1400</startdatetime><enddatetime>05092024 0000</enddatetime><date>05092024</date></LoadFor><Table><apparatusid>3E138</apparatusid><startdatetime>05082024 1400</startdatetime><enddatetime>05092024 0000</enddatetime><personnelid>A07835</personnelid><radioid>14057</radioid><vehicleid /></Table><Table><apparatusid>3E38B</apparatusid><startdatetime>05082024 1400</startdatetime><enddatetime>05092024 0000</enddatetime><personnelid>A10634</personnelid><radioid>6002517</radioid><vehicleid /></Table></CADRosterView>