<CADRosterView><LoadFor><service>P</service><districtid>TEND</districtid><shiftid>3</shiftid><startdatetime>05072024 1200</startdatetime><enddatetime>05082024 0700</enddatetime><date>05072024</date></LoadFor><Table><apparatusid>3J138</apparatusid><startdatetime>05072024 1200</startdatetime><enddatetime>05072024 2200</enddatetime><personnelid>A09609</personnelid><radioid>6000920</radioid><vehicleid /></Table><Table><apparatusid>3J38A</apparatusid><startdatetime>05072024 1200</startdatetime><enddatetime>05072024 2200</enddatetime><personnelid>A22024</personnelid><radioid>6000776</radioid><vehicleid /></Table><Table><apparatusid>3J38B</apparatusid><startdatetime>05072024 1200</startdatetime><enddatetime>05072024 2200</enddatetime><personnelid>A22872</personnelid><radioid>6002061</radioid><vehicleid /></Table><Table><apparatusid>3J38C</apparatusid><startdatetime>05072024 1200</startdatetime><enddatetime>05072024 2200</enddatetime><personnelid>A10858</personnelid><radioid>6001180</radioid><vehicleid /></Table><Table><apparatusid>3J38D</apparatusid><startdatetime>05072024 1200</startdatetime><enddatetime>05072024 2200</enddatetime><personnelid>A22061</personnelid><radioid>6001137</radioid><vehicleid /></Table><Table><apparatusid>3J102</apparatusid><startdatetime>05072024 1500</startdatetime><enddatetime>05082024 0100</enddatetime><personnelid>A07676</personnelid><radioid>51357</radioid><vehicleid>B1070</vehicleid></Table><Table><apparatusid>3J107</apparatusid><startdatetime>05072024 2100</startdatetime><enddatetime>05082024 0700</enddatetime><personnelid>A09467</personnelid><radioid>6000809</radioid><vehicleid>B012</vehicleid></Table><Table><apparatusid>3J119</apparatusid><startdatetime>05072024 1800</startdatetime><enddatetime>05082024 0400</enddatetime><personnelid>A09720</personnelid><radioid>6002472</radioid><vehicleid>BW119</vehicleid></Table><Table><apparatusid>3J11D</apparatusid><startdatetime>05072024 1500</startdatetime><enddatetime>05082024 0100</enddatetime><personnelid>A20971</personnelid><radioid>6001555</radioid><vehicleid /></Table><Table><apparatusid>3J11D</apparatusid><startdatetime>05072024 1500</startdatetime><enddatetime>05082024 0100</enddatetime><personnelid>A04975</personnelid><radioid>6001087</radioid><vehicleid /></Table><Table><apparatusid>3J12D</apparatusid><startdatetime>05072024 1500</startdatetime><enddatetime>05082024 0100</enddatetime><personnelid>A21695</personnelid><radioid>6000613</radioid><vehicleid /></Table><Table><apparatusid>3J12D</apparatusid><startdatetime>05072024 1500</startdatetime><enddatetime>05082024 0100</enddatetime><personnelid>A25455</personnelid><radioid>6000201</radioid><vehicleid /></Table><Table><apparatusid>3J12E</apparatusid><startdatetime>05072024 2100</startdatetime><enddatetime>05082024 0700</enddatetime><personnelid>A22050</personnelid><radioid>6001575</radioid><vehicleid /></Table><Table><apparatusid>3J12E</apparatusid><startdatetime>05072024 2100</startdatetime><enddatetime>05082024 0700</enddatetime><personnelid>A21671</personnelid><radioid>6000900</radioid><vehicleid /></Table><Table><apparatusid>3J13D</apparatusid><startdatetime>05072024 1500</startdatetime><enddatetime>05082024 0100</enddatetime><personnelid>A23224</personnelid><radioid>6002191</radioid><vehicleid /></Table><Table><apparatusid>3J13D</apparatusid><startdatetime>05072024 1500</startdatetime><enddatetime>05082024 0100</enddatetime><personnelid>A23179</personnelid><radioid>6002141</radioid><vehicleid /></Table><Table><apparatusid>3J14D</apparatusid><startdatetime>05072024 1500</startdatetime><enddatetime>05082024 0100</enddatetime><personnelid>A23039</personnelid><radioid>6002069</radioid><vehicleid /></Table><Table><apparatusid>3J14D</apparatusid><startdatetime>05072024 1500</startdatetime><enddatetime>05082024 0100</enddatetime><personnelid>A23610</personnelid><radioid>6002300</radioid><vehicleid /></Table><Table><apparatusid>3J14E</apparatusid><startdatetime>05072024 2100</startdatetime><enddatetime>05082024 0700</enddatetime><personnelid>A24427</personnelid><radioid>6000765</radioid><vehicleid /></Table><Table><apparatusid>3J14E</apparatusid><startdatetime>05072024 2100</startdatetime><enddatetime>05082024 0700</enddatetime><personnelid>A24419</personnelid><radioid>6001277</radioid><vehicleid /></Table><Table><apparatusid>3J15D</apparatusid><startdatetime>05072024 1500</startdatetime><enddatetime>05082024 0100</enddatetime><personnelid>A22598</personnelid><radioid /><vehicleid /></Table><Table><apparatusid>3J15E</apparatusid><startdatetime>05072024 2100</startdatetime><enddatetime>05082024 0700</enddatetime><personnelid>A21380</personnelid><radioid>6002539</radioid><vehicleid /></Table><Table><apparatusid>3J15E</apparatusid><startdatetime>05072024 2100</startdatetime><enddatetime>05082024 0700</enddatetime><personnelid>A24815</personnelid><radioid /><vehicleid /></Table><Table><apparatusid>3J1E</apparatusid><startdatetime>05072024 2000</startdatetime><enddatetime>05082024 0600</enddatetime><personnelid>A07451</personnelid><radioid>51315</radioid><vehicleid /></Table><Table><apparatusid>3J32</apparatusid><startdatetime>05072024 2100</startdatetime><enddatetime>05082024 0700</enddatetime><personnelid>A21776</personnelid><radioid>6001648</radioid><vehicleid /></Table><Table><apparatusid>3J32</apparatusid><startdatetime>05072024 2100</startdatetime><enddatetime>05082024 0700</enddatetime><personnelid>A07057</personnelid><radioid>6002116</radioid><vehicleid /></Table><Table><apparatusid>3J40</apparatusid><startdatetime>05072024 1800</startdatetime><enddatetime>05082024 0400</enddatetime><personnelid>A21876</personnelid><radioid>6002251</radioid><vehicleid /></Table><Table><apparatusid>3J40</apparatusid><startdatetime>05072024 1800</startdatetime><enddatetime>05082024 0400</enddatetime><personnelid>A23878</personnelid><radioid>6001731</radioid><vehicleid /></Table><Table><apparatusid>3J45</apparatusid><startdatetime>05072024 1800</startdatetime><enddatetime>05082024 0400</enddatetime><personnelid>A24556</personnelid><radioid>6000103</radioid><vehicleid /></Table><Table><apparatusid>3J45</apparatusid><startdatetime>05072024 1800</startdatetime><enddatetime>05082024 0400</enddatetime><personnelid>A24650</personnelid><radioid>6001675</radioid><vehicleid /></Table><Table><apparatusid>3JSD</apparatusid><startdatetime>05072024 1430</startdatetime><enddatetime>05082024 0030</enddatetime><personnelid>A24128</personnelid><radioid /><vehicleid /></Table></CADRosterView>