<CADRosterView><LoadFor><service>P</service><districtid>SOUT</districtid><shiftid>4</shiftid><startdatetime>05092024 0600</startdatetime><enddatetime>05092024 2200</enddatetime><date>05092024</date></LoadFor><Table><apparatusid>3B152</apparatusid><startdatetime>05092024 0600</startdatetime><enddatetime>05092024 1800</enddatetime><personnelid>A09962</personnelid><radioid /><vehicleid /></Table><Table><apparatusid>3B52A</apparatusid><startdatetime>05092024 0600</startdatetime><enddatetime>05092024 1800</enddatetime><personnelid>A21074</personnelid><radioid /><vehicleid /></Table><Table><apparatusid>3B52B</apparatusid><startdatetime>05092024 0600</startdatetime><enddatetime>05092024 1800</enddatetime><personnelid>A21808</personnelid><radioid /><vehicleid /></Table><Table><apparatusid>3B52B</apparatusid><startdatetime>05092024 0600</startdatetime><enddatetime>05092024 1800</enddatetime><personnelid>A09636</personnelid><radioid /><vehicleid /></Table><Table><apparatusid>3B52C</apparatusid><startdatetime>05092024 0700</startdatetime><enddatetime>05092024 1100</enddatetime><personnelid>A21268</personnelid><radioid /><vehicleid /></Table><Table><apparatusid>3B52D</apparatusid><startdatetime>05092024 0900</startdatetime><enddatetime>05092024 1500</enddatetime><personnelid>A23178</personnelid><radioid /><vehicleid /></Table><Table><apparatusid>3B52E</apparatusid><startdatetime>05092024 0900</startdatetime><enddatetime>05092024 1500</enddatetime><personnelid>A10959</personnelid><radioid /><vehicleid /></Table><Table><apparatusid>3B52E</apparatusid><startdatetime>05092024 1500</startdatetime><enddatetime>05092024 2100</enddatetime><personnelid>A10959</personnelid><radioid /><vehicleid /></Table><Table><apparatusid>3B52E</apparatusid><startdatetime>05092024 1500</startdatetime><enddatetime>05092024 2100</enddatetime><personnelid>A10354</personnelid><radioid /><vehicleid /></Table><Table><apparatusid>3B53A</apparatusid><startdatetime>05092024 1600</startdatetime><enddatetime>05092024 2100</enddatetime><personnelid>A23693</personnelid><radioid /><vehicleid /></Table><Table><apparatusid>3B53B</apparatusid><startdatetime>05092024 1600</startdatetime><enddatetime>05092024 2100</enddatetime><personnelid>A06698</personnelid><radioid /><vehicleid /></Table><Table><apparatusid>3B53C</apparatusid><startdatetime>05092024 1600</startdatetime><enddatetime>05092024 2200</enddatetime><personnelid>A22877</personnelid><radioid /><vehicleid /></Table><Table><apparatusid>3B53C</apparatusid><startdatetime>05092024 1600</startdatetime><enddatetime>05092024 2200</enddatetime><personnelid>A22483</personnelid><radioid /><vehicleid /></Table><Table><apparatusid>3B53D</apparatusid><startdatetime>05092024 1600</startdatetime><enddatetime>05092024 2200</enddatetime><personnelid>A10086</personnelid><radioid /><vehicleid /></Table><Table><apparatusid>3B53E</apparatusid><startdatetime>05092024 1600</startdatetime><enddatetime>05092024 2200</enddatetime><personnelid>A20696</personnelid><radioid /><vehicleid /></Table><Table><apparatusid>3B53F</apparatusid><startdatetime>05092024 1600</startdatetime><enddatetime>05092024 2200</enddatetime><personnelid>A10854</personnelid><radioid /><vehicleid /></Table><Table><apparatusid>3B53G</apparatusid><startdatetime>05092024 1600</startdatetime><enddatetime>05092024 2200</enddatetime><personnelid>A08695</personnelid><radioid /><vehicleid /></Table><Table><apparatusid>3B53G</apparatusid><startdatetime>05092024 1600</startdatetime><enddatetime>05092024 2200</enddatetime><personnelid>A10212</personnelid><radioid /><vehicleid /></Table></CADRosterView>