<CADRosterView><LoadFor><service>F</service><districtid>E28</districtid><shiftid>1</shiftid><startdatetime>05082024 0800</startdatetime><enddatetime>05092024 0800</enddatetime><date>05082024</date></LoadFor><Table><apparatusid>E28</apparatusid><startdatetime>05082024 0800</startdatetime><enddatetime>05092024 0800</enddatetime><personnelid>AP0421</personnelid><radioid /><vehicleid /></Table><Table><apparatusid>E28</apparatusid><startdatetime>05082024 0800</startdatetime><enddatetime>05092024 0800</enddatetime><personnelid>HA2634</personnelid><radioid /><vehicleid /></Table></CADRosterView>