<CADRosterView><LoadFor><service>P</service><districtid>TECH</districtid><shiftid>2</shiftid><startdatetime>05082024 0800</startdatetime><enddatetime>05082024 1600</enddatetime><date>05082024</date></LoadFor><Table><apparatusid>2U10</apparatusid><startdatetime>05082024 0800</startdatetime><enddatetime>05082024 1600</enddatetime><personnelid>A25344</personnelid><radioid /><vehicleid /></Table><Table><apparatusid>2U2</apparatusid><startdatetime>05082024 0800</startdatetime><enddatetime>05082024 1300</enddatetime><personnelid>A05367</personnelid><radioid /><vehicleid /></Table></CADRosterView>