<CADRosterView><LoadFor><service>F</service><districtid>E22</districtid><shiftid>1</shiftid><startdatetime>05082024 0800</startdatetime><enddatetime>05092024 0800</enddatetime><date>05082024</date></LoadFor><Table><apparatusid>E22</apparatusid><startdatetime>05082024 0800</startdatetime><enddatetime>05092024 0800</enddatetime><personnelid>KI8274</personnelid><radioid /><vehicleid /></Table><Table><apparatusid>E22</apparatusid><startdatetime>05082024 0800</startdatetime><enddatetime>05092024 0800</enddatetime><personnelid>CR8559</personnelid><radioid /><vehicleid /></Table><Table><apparatusid>E22</apparatusid><startdatetime>05082024 0800</startdatetime><enddatetime>05092024 0800</enddatetime><personnelid>HA1389</personnelid><radioid /><vehicleid /></Table><Table><apparatusid>E22</apparatusid><startdatetime>05082024 0800</startdatetime><enddatetime>05092024 0800</enddatetime><personnelid>VI2988</personnelid><radioid /><vehicleid /></Table></CADRosterView>