<CADRosterView><LoadFor><service>F</service><districtid>E03</districtid><shiftid>1</shiftid><startdatetime>05072024 0800</startdatetime><enddatetime>05082024 0800</enddatetime><date>05072024</date></LoadFor><Table><apparatusid>E03</apparatusid><startdatetime>05072024 0800</startdatetime><enddatetime>05082024 0800</enddatetime><personnelid>BR2426</personnelid><radioid /><vehicleid /></Table><Table><apparatusid>E03</apparatusid><startdatetime>05072024 0800</startdatetime><enddatetime>05082024 0800</enddatetime><personnelid>PO2468</personnelid><radioid /><vehicleid /></Table><Table><apparatusid>E03</apparatusid><startdatetime>05072024 0800</startdatetime><enddatetime>05082024 0800</enddatetime><personnelid>PR1413</personnelid><radioid /><vehicleid /></Table><Table><apparatusid>E03</apparatusid><startdatetime>05072024 0800</startdatetime><enddatetime>05082024 0800</enddatetime><personnelid>YE1036</personnelid><radioid /><vehicleid /></Table><Table><apparatusid>E03</apparatusid><startdatetime>05072024 0800</startdatetime><enddatetime>05082024 0800</enddatetime><personnelid>AR2287</personnelid><radioid /><vehicleid /></Table></CADRosterView>