<CADRosterView><LoadFor><service>F</service><districtid>E38</districtid><shiftid>1</shiftid><startdatetime>05082024 0800</startdatetime><enddatetime>05092024 0800</enddatetime><date>05082024</date></LoadFor><Table><apparatusid>E38</apparatusid><startdatetime>05082024 0800</startdatetime><enddatetime>05092024 0800</enddatetime><personnelid>CH7124</personnelid><radioid /><vehicleid /></Table><Table><apparatusid>E38</apparatusid><startdatetime>05082024 0800</startdatetime><enddatetime>05092024 0800</enddatetime><personnelid>CH3157</personnelid><radioid /><vehicleid /></Table><Table><apparatusid>E38</apparatusid><startdatetime>05082024 0800</startdatetime><enddatetime>05092024 0800</enddatetime><personnelid>DE2503</personnelid><radioid /><vehicleid /></Table><Table><apparatusid>E38</apparatusid><startdatetime>05082024 0800</startdatetime><enddatetime>05092024 0800</enddatetime><personnelid>SW3345</personnelid><radioid /><vehicleid /></Table><Table><apparatusid>E38</apparatusid><startdatetime>05082024 0800</startdatetime><enddatetime>05092024 0800</enddatetime><personnelid>WI2165</personnelid><radioid /><vehicleid /></Table></CADRosterView>