<CADRosterView><LoadFor><service>F</service><districtid>E18</districtid><shiftid>1</shiftid><startdatetime>05082024 0800</startdatetime><enddatetime>05092024 0800</enddatetime><date>05082024</date></LoadFor><Table><apparatusid>E18</apparatusid><startdatetime>05082024 0800</startdatetime><enddatetime>05092024 0800</enddatetime><personnelid>SI1216</personnelid><radioid /><vehicleid /></Table><Table><apparatusid>E18</apparatusid><startdatetime>05082024 0800</startdatetime><enddatetime>05092024 0800</enddatetime><personnelid>KO5554</personnelid><radioid /><vehicleid /></Table><Table><apparatusid>E18</apparatusid><startdatetime>05082024 0800</startdatetime><enddatetime>05092024 0800</enddatetime><personnelid>MA3131</personnelid><radioid /><vehicleid /></Table><Table><apparatusid>E18</apparatusid><startdatetime>05082024 0800</startdatetime><enddatetime>05092024 0800</enddatetime><personnelid>LO1408</personnelid><radioid /><vehicleid /></Table></CADRosterView>