<CADRosterView><LoadFor><service>P</service><districtid>HSU</districtid><shiftid>2</shiftid><startdatetime>05082024 0700</startdatetime><enddatetime>05082024 1700</enddatetime><date>05082024</date></LoadFor><Table><apparatusid>4X201</apparatusid><startdatetime>05082024 0700</startdatetime><enddatetime>05082024 1700</enddatetime><personnelid>A09468</personnelid><radioid>6001447</radioid><vehicleid>C1049</vehicleid></Table><Table><apparatusid>4X28</apparatusid><startdatetime>05082024 0800</startdatetime><enddatetime>05082024 1600</enddatetime><personnelid>A20883</personnelid><radioid /><vehicleid /></Table></CADRosterView>