<CADRosterView><LoadFor><service>F</service><districtid>T18</districtid><shiftid>1</shiftid><startdatetime>05072024 0800</startdatetime><enddatetime>05082024 0800</enddatetime><date>05072024</date></LoadFor><Table><apparatusid>T18</apparatusid><startdatetime>05072024 0800</startdatetime><enddatetime>05082024 0800</enddatetime><personnelid>WA7573</personnelid><radioid /><vehicleid /></Table><Table><apparatusid>T18</apparatusid><startdatetime>05072024 0800</startdatetime><enddatetime>05082024 0800</enddatetime><personnelid>JA2688</personnelid><radioid /><vehicleid /></Table><Table><apparatusid>T18</apparatusid><startdatetime>05072024 0800</startdatetime><enddatetime>05082024 0800</enddatetime><personnelid>TA1861</personnelid><radioid /><vehicleid /></Table><Table><apparatusid>T18</apparatusid><startdatetime>05072024 0800</startdatetime><enddatetime>05082024 0800</enddatetime><personnelid>KL4552</personnelid><radioid /><vehicleid /></Table></CADRosterView>