<CADRosterView><LoadFor><service>F</service><districtid>E24</districtid><shiftid>1</shiftid><startdatetime>05082024 0800</startdatetime><enddatetime>05092024 0800</enddatetime><date>05082024</date></LoadFor><Table><apparatusid>E24</apparatusid><startdatetime>05082024 0800</startdatetime><enddatetime>05092024 0800</enddatetime><personnelid>PL2333</personnelid><radioid /><vehicleid /></Table><Table><apparatusid>E24</apparatusid><startdatetime>05082024 0800</startdatetime><enddatetime>05092024 0800</enddatetime><personnelid>SC2670</personnelid><radioid /><vehicleid /></Table><Table><apparatusid>E24</apparatusid><startdatetime>05082024 0800</startdatetime><enddatetime>05092024 0800</enddatetime><personnelid>PY1961</personnelid><radioid /><vehicleid /></Table></CADRosterView>