<CADRosterView><LoadFor><service>F</service><districtid>E40</districtid><shiftid>1</shiftid><startdatetime>05072024 0800</startdatetime><enddatetime>05082024 0800</enddatetime><date>05072024</date></LoadFor><Table><apparatusid>E40</apparatusid><startdatetime>05072024 0800</startdatetime><enddatetime>05082024 0800</enddatetime><personnelid>KR5573</personnelid><radioid /><vehicleid /></Table><Table><apparatusid>E40</apparatusid><startdatetime>05072024 0800</startdatetime><enddatetime>05082024 0800</enddatetime><personnelid>BO1052</personnelid><radioid /><vehicleid /></Table><Table><apparatusid>E40</apparatusid><startdatetime>05072024 0800</startdatetime><enddatetime>05082024 0800</enddatetime><personnelid>WI1000</personnelid><radioid /><vehicleid /></Table><Table><apparatusid>E40</apparatusid><startdatetime>05072024 0800</startdatetime><enddatetime>05082024 0800</enddatetime><personnelid>MU5436</personnelid><radioid /><vehicleid /></Table></CADRosterView>