<CADRosterView><LoadFor><service>P</service><districtid>SOUT</districtid><shiftid>3</shiftid><startdatetime>05072024 0100</startdatetime><enddatetime>05082024 0700</enddatetime><date>05072024</date></LoadFor><Table><apparatusid>3B00C</apparatusid><startdatetime>05072024 1500</startdatetime><enddatetime>05082024 0100</enddatetime><personnelid>A25405</personnelid><radioid /><vehicleid /></Table><Table><apparatusid>3B00D</apparatusid><startdatetime>05072024 2100</startdatetime><enddatetime>05082024 0700</enddatetime><personnelid>A22652</personnelid><radioid /><vehicleid /></Table><Table><apparatusid>3B105</apparatusid><startdatetime>05072024 1500</startdatetime><enddatetime>05082024 0100</enddatetime><personnelid>A21544</personnelid><radioid>6001065</radioid><vehicleid /></Table><Table><apparatusid>3B108</apparatusid><startdatetime>05072024 2100</startdatetime><enddatetime>05082024 0700</enddatetime><personnelid>A09707</personnelid><radioid>6001145</radioid><vehicleid>BW182</vehicleid></Table><Table><apparatusid>3B109</apparatusid><startdatetime>05072024 2100</startdatetime><enddatetime>05082024 0700</enddatetime><personnelid>A21554</personnelid><radioid>6000643</radioid><vehicleid>B1302</vehicleid></Table><Table><apparatusid>3B118</apparatusid><startdatetime>05072024 1500</startdatetime><enddatetime>05082024 0100</enddatetime><personnelid>A09721</personnelid><radioid>6001464</radioid><vehicleid>BW182</vehicleid></Table><Table><apparatusid>3B12D</apparatusid><startdatetime>05072024 1500</startdatetime><enddatetime>05082024 0100</enddatetime><personnelid>A25457</personnelid><radioid /><vehicleid /></Table><Table><apparatusid>3B12D</apparatusid><startdatetime>05072024 1500</startdatetime><enddatetime>05082024 0100</enddatetime><personnelid>A23614</personnelid><radioid>6002307</radioid><vehicleid /></Table><Table><apparatusid>3B12E</apparatusid><startdatetime>05072024 2100</startdatetime><enddatetime>05082024 0700</enddatetime><personnelid>A25643</personnelid><radioid>6001320</radioid><vehicleid>B1277</vehicleid></Table><Table><apparatusid>3B12E</apparatusid><startdatetime>05072024 2100</startdatetime><enddatetime>05082024 0700</enddatetime><personnelid>A24911</personnelid><radioid>6002551</radioid><vehicleid>B1277</vehicleid></Table><Table><apparatusid>3B13D</apparatusid><startdatetime>05072024 1500</startdatetime><enddatetime>05082024 0100</enddatetime><personnelid>A24820</personnelid><radioid /><vehicleid>B014</vehicleid></Table><Table><apparatusid>3B13D</apparatusid><startdatetime>05072024 1500</startdatetime><enddatetime>05082024 0100</enddatetime><personnelid>A24750</personnelid><radioid>6000796</radioid><vehicleid>B014</vehicleid></Table><Table><apparatusid>3B13E</apparatusid><startdatetime>05072024 2100</startdatetime><enddatetime>05082024 0700</enddatetime><personnelid>A25456</personnelid><radioid>6000728</radioid><vehicleid>BW103</vehicleid></Table><Table><apparatusid>3B13E</apparatusid><startdatetime>05072024 2100</startdatetime><enddatetime>05082024 0700</enddatetime><personnelid>A22161</personnelid><radioid>6001126</radioid><vehicleid>BW103</vehicleid></Table><Table><apparatusid>3B14E</apparatusid><startdatetime>05072024 2100</startdatetime><enddatetime>05082024 0700</enddatetime><personnelid>A22159</personnelid><radioid>6000575</radioid><vehicleid /></Table><Table><apparatusid>3B14E</apparatusid><startdatetime>05072024 2100</startdatetime><enddatetime>05082024 0700</enddatetime><personnelid>A23191</personnelid><radioid>6002276</radioid><vehicleid /></Table><Table><apparatusid>3B15D</apparatusid><startdatetime>05072024 1500</startdatetime><enddatetime>05082024 0100</enddatetime><personnelid>A22298</personnelid><radioid>6000899</radioid><vehicleid /></Table><Table><apparatusid>3B15D</apparatusid><startdatetime>05072024 1500</startdatetime><enddatetime>05082024 0100</enddatetime><personnelid>A23693</personnelid><radioid>6002358</radioid><vehicleid /></Table><Table><apparatusid>3B16D</apparatusid><startdatetime>05072024 1400</startdatetime><enddatetime>05072024 1500</enddatetime><personnelid>A10331</personnelid><radioid>6000701</radioid><vehicleid>B1142</vehicleid></Table><Table><apparatusid>3B16D</apparatusid><startdatetime>05072024 1500</startdatetime><enddatetime>05082024 0100</enddatetime><personnelid>A10331</personnelid><radioid>6000701</radioid><vehicleid>B1142</vehicleid></Table><Table><apparatusid>3B16D</apparatusid><startdatetime>05072024 1500</startdatetime><enddatetime>05082024 0100</enddatetime><personnelid>A22403</personnelid><radioid>6000611</radioid><vehicleid>B1142</vehicleid></Table><Table><apparatusid>3B16D</apparatusid><startdatetime>05072024 0100</startdatetime><enddatetime>05082024 0000</enddatetime><personnelid>A10331</personnelid><radioid>6000701</radioid><vehicleid>B1142</vehicleid></Table><Table><apparatusid>3B16E</apparatusid><startdatetime>05072024 2100</startdatetime><enddatetime>05082024 0700</enddatetime><personnelid>A21398</personnelid><radioid>6001423</radioid><vehicleid>B1142</vehicleid></Table><Table><apparatusid>3B16E</apparatusid><startdatetime>05072024 2100</startdatetime><enddatetime>05082024 0700</enddatetime><personnelid>A23859</personnelid><radioid>6002296</radioid><vehicleid>B1142</vehicleid></Table><Table><apparatusid>3B202</apparatusid><startdatetime>05072024 1430</startdatetime><enddatetime>05082024 0030</enddatetime><personnelid>A09304</personnelid><radioid>6000253</radioid><vehicleid>B032</vehicleid></Table><Table><apparatusid>3B5E</apparatusid><startdatetime>05072024 2100</startdatetime><enddatetime>05082024 0700</enddatetime><personnelid>A22134</personnelid><radioid>6001446</radioid><vehicleid /></Table><Table><apparatusid>3BSD</apparatusid><startdatetime>05072024 1500</startdatetime><enddatetime>05082024 0100</enddatetime><personnelid>A23054</personnelid><radioid>6002079</radioid><vehicleid /></Table><Table><apparatusid>3BSK</apparatusid><startdatetime>05072024 1400</startdatetime><enddatetime>05072024 2100</enddatetime><personnelid>A07406</personnelid><radioid>6002448</radioid><vehicleid /></Table><Table><apparatusid>3BSK</apparatusid><startdatetime>05072024 2100</startdatetime><enddatetime>05082024 0700</enddatetime><personnelid>A07406</personnelid><radioid>6002448</radioid><vehicleid /></Table><Table><apparatusid>3BSK</apparatusid><startdatetime>05072024 2100</startdatetime><enddatetime>05082024 0700</enddatetime><personnelid>A06683</personnelid><radioid>6001451</radioid><vehicleid /></Table><Table><apparatusid>3BSK</apparatusid><startdatetime>05072024 0700</startdatetime><enddatetime>05082024 0000</enddatetime><personnelid>A07406</personnelid><radioid>6002448</radioid><vehicleid /></Table></CADRosterView>