<CADRosterView><LoadFor><service>F</service><districtid>D3</districtid><shiftid>1</shiftid><startdatetime>05072024 0800</startdatetime><enddatetime>05082024 0800</enddatetime><date>05072024</date></LoadFor><Table><apparatusid>D3</apparatusid><startdatetime>05072024 0800</startdatetime><enddatetime>05082024 0800</enddatetime><personnelid>JU0801</personnelid><radioid /><vehicleid /></Table><Table><apparatusid>D3</apparatusid><startdatetime>05072024 0800</startdatetime><enddatetime>05082024 0800</enddatetime><personnelid>MA4473</personnelid><radioid /><vehicleid /></Table></CADRosterView>