<CADRosterView><LoadFor><service>F</service><districtid>KM10</districtid><shiftid>1</shiftid><startdatetime>05072024 0630</startdatetime><enddatetime>05082024 0630</enddatetime><date>05072024</date></LoadFor><Table><apparatusid>KM102</apparatusid><startdatetime>05072024 0630</startdatetime><enddatetime>05072024 1830</enddatetime><personnelid>MX0521</personnelid><radioid /><vehicleid>K00002</vehicleid></Table><Table><apparatusid>KM102</apparatusid><startdatetime>05072024 0630</startdatetime><enddatetime>05072024 1830</enddatetime><personnelid>MX0719</personnelid><radioid /><vehicleid>K00002</vehicleid></Table><Table><apparatusid>KM102</apparatusid><startdatetime>05072024 1830</startdatetime><enddatetime>05082024 0630</enddatetime><personnelid>MX0337</personnelid><radioid /><vehicleid>K00002</vehicleid></Table><Table><apparatusid>KM102</apparatusid><startdatetime>05072024 1830</startdatetime><enddatetime>05082024 0630</enddatetime><personnelid>MX1959</personnelid><radioid /><vehicleid>K00002</vehicleid></Table><Table><apparatusid>KM107</apparatusid><startdatetime>05072024 1830</startdatetime><enddatetime>05082024 0630</enddatetime><personnelid>MX0739</personnelid><radioid /><vehicleid>K00007</vehicleid></Table><Table><apparatusid>KM107</apparatusid><startdatetime>05072024 1830</startdatetime><enddatetime>05082024 0630</enddatetime><personnelid>MX1924</personnelid><radioid /><vehicleid>K00007</vehicleid></Table><Table><apparatusid>KM108</apparatusid><startdatetime>05072024 0630</startdatetime><enddatetime>05072024 1830</enddatetime><personnelid>MX0621</personnelid><radioid /><vehicleid>K00008</vehicleid></Table><Table><apparatusid>KM108</apparatusid><startdatetime>05072024 0630</startdatetime><enddatetime>05072024 1830</enddatetime><personnelid>MX1942</personnelid><radioid /><vehicleid>K00008</vehicleid></Table></CADRosterView>