<CADRosterView><LoadFor><service>F</service><districtid>M555</districtid><shiftid>1</shiftid><startdatetime>05082024 0630</startdatetime><enddatetime>05092024 0630</enddatetime><date>05082024</date></LoadFor><Table><apparatusid>M555</apparatusid><startdatetime>05082024 0630</startdatetime><enddatetime>05082024 1830</enddatetime><personnelid>BA3909</personnelid><radioid /><vehicleid /></Table><Table><apparatusid>M555</apparatusid><startdatetime>05082024 0630</startdatetime><enddatetime>05082024 1830</enddatetime><personnelid>VA4203</personnelid><radioid /><vehicleid /></Table><Table><apparatusid>M555</apparatusid><startdatetime>05082024 1830</startdatetime><enddatetime>05092024 0630</enddatetime><personnelid>MA3301</personnelid><radioid /><vehicleid /></Table></CADRosterView>