<CADRosterView><LoadFor><service>F</service><districtid>M530</districtid><shiftid>1</shiftid><startdatetime>05082024 0500</startdatetime><enddatetime>05092024 0100</enddatetime><date>05082024</date></LoadFor><Table><apparatusid>M530</apparatusid><startdatetime>05082024 0500</startdatetime><enddatetime>05082024 1500</enddatetime><personnelid>LA1212</personnelid><radioid /><vehicleid /></Table><Table><apparatusid>M530</apparatusid><startdatetime>05082024 0500</startdatetime><enddatetime>05082024 1500</enddatetime><personnelid>VE6256</personnelid><radioid /><vehicleid /></Table><Table><apparatusid>M530</apparatusid><startdatetime>05082024 1500</startdatetime><enddatetime>05092024 0100</enddatetime><personnelid>CA5186</personnelid><radioid /><vehicleid /></Table><Table><apparatusid>M530</apparatusid><startdatetime>05082024 1500</startdatetime><enddatetime>05092024 0100</enddatetime><personnelid>HA1567</personnelid><radioid /><vehicleid /></Table></CADRosterView>