<CADRosterView><LoadFor><service>F</service><districtid>B01</districtid><shiftid>1</shiftid><startdatetime>05072024 0800</startdatetime><enddatetime>05082024 0800</enddatetime><date>05072024</date></LoadFor><Table><apparatusid>B01</apparatusid><startdatetime>05072024 0800</startdatetime><enddatetime>05082024 0800</enddatetime><personnelid>LE1207</personnelid><radioid /><vehicleid /></Table><Table><apparatusid>B01</apparatusid><startdatetime>05072024 0800</startdatetime><enddatetime>05082024 0800</enddatetime><personnelid>HO4855</personnelid><radioid /><vehicleid /></Table></CADRosterView>