<CADRosterView><LoadFor><service>P</service><districtid>TARA</districtid><shiftid>2</shiftid><startdatetime>05082024 0530</startdatetime><enddatetime>05082024 2100</enddatetime><date>05082024</date></LoadFor><Table><apparatusid>3I103</apparatusid><startdatetime>05082024 0630</startdatetime><enddatetime>05082024 1230</enddatetime><personnelid>A09534</personnelid><radioid>6000966</radioid><vehicleid>B1218</vehicleid></Table><Table><apparatusid>3I13A</apparatusid><startdatetime>05082024 0600</startdatetime><enddatetime>05082024 1600</enddatetime><personnelid>A20728</personnelid><radioid>6000648</radioid><vehicleid /></Table><Table><apparatusid>3I13A</apparatusid><startdatetime>05082024 0600</startdatetime><enddatetime>05082024 1600</enddatetime><personnelid>A24583</personnelid><radioid>6000005</radioid><vehicleid /></Table><Table><apparatusid>3I15A</apparatusid><startdatetime>05082024 0600</startdatetime><enddatetime>05082024 1600</enddatetime><personnelid>A22686</personnelid><radioid /><vehicleid /></Table><Table><apparatusid>3I16A</apparatusid><startdatetime>05082024 0600</startdatetime><enddatetime>05082024 1600</enddatetime><personnelid>A20696</personnelid><radioid>6000875</radioid><vehicleid /></Table><Table><apparatusid>3I16A</apparatusid><startdatetime>05082024 0600</startdatetime><enddatetime>05082024 1600</enddatetime><personnelid>A22410</personnelid><radioid>6001159</radioid><vehicleid /></Table><Table><apparatusid>3I1A</apparatusid><startdatetime>05082024 0600</startdatetime><enddatetime>05082024 1600</enddatetime><personnelid>A08833</personnelid><radioid>6001071</radioid><vehicleid /></Table><Table><apparatusid>3I200</apparatusid><startdatetime>05082024 0530</startdatetime><enddatetime>05082024 1530</enddatetime><personnelid>A08081</personnelid><radioid>6000835</radioid><vehicleid>B1218</vehicleid></Table><Table><apparatusid>3I21</apparatusid><startdatetime>05082024 0600</startdatetime><enddatetime>05082024 1600</enddatetime><personnelid>A09489</personnelid><radioid>6003969</radioid><vehicleid /></Table><Table><apparatusid>3I23</apparatusid><startdatetime>05082024 0600</startdatetime><enddatetime>05082024 1600</enddatetime><personnelid>A08075</personnelid><radioid>6000331</radioid><vehicleid>C541</vehicleid></Table><Table><apparatusid>3I2A</apparatusid><startdatetime>05082024 0600</startdatetime><enddatetime>05082024 1600</enddatetime><personnelid>A09608</personnelid><radioid>6000299</radioid><vehicleid /></Table><Table><apparatusid>3I41</apparatusid><startdatetime>05082024 1100</startdatetime><enddatetime>05082024 2100</enddatetime><personnelid>A10358</personnelid><radioid>6000344</radioid><vehicleid /></Table><Table><apparatusid>3I46</apparatusid><startdatetime>05082024 1100</startdatetime><enddatetime>05082024 2100</enddatetime><personnelid>A22326</personnelid><radioid>6002036</radioid><vehicleid /></Table><Table><apparatusid>3I4A</apparatusid><startdatetime>05082024 0600</startdatetime><enddatetime>05082024 1600</enddatetime><personnelid>A20701</personnelid><radioid>6000414</radioid><vehicleid /></Table></CADRosterView>