<CADRosterView><LoadFor><service>P</service><districtid>TARA</districtid><shiftid>3</shiftid><startdatetime>05072024 1500</startdatetime><enddatetime>05082024 0700</enddatetime><date>05072024</date></LoadFor><Table><apparatusid>3I105</apparatusid><startdatetime>05072024 1500</startdatetime><enddatetime>05082024 0100</enddatetime><personnelid>A10488</personnelid><radioid>6000981</radioid><vehicleid>BW161</vehicleid></Table><Table><apparatusid>3I107</apparatusid><startdatetime>05072024 1500</startdatetime><enddatetime>05082024 0100</enddatetime><personnelid>A09306</personnelid><radioid>6001094</radioid><vehicleid>BW161</vehicleid></Table><Table><apparatusid>3I114</apparatusid><startdatetime>05072024 2100</startdatetime><enddatetime>05082024 0700</enddatetime><personnelid>A08687</personnelid><radioid>6001247</radioid><vehicleid>B1248</vehicleid></Table><Table><apparatusid>3I115</apparatusid><startdatetime>05072024 2100</startdatetime><enddatetime>05082024 0700</enddatetime><personnelid>A08177</personnelid><radioid>6000268</radioid><vehicleid>B1218</vehicleid></Table><Table><apparatusid>3I11D</apparatusid><startdatetime>05072024 1500</startdatetime><enddatetime>05082024 0100</enddatetime><personnelid>A21996</personnelid><radioid>6002048</radioid><vehicleid /></Table><Table><apparatusid>3I11D</apparatusid><startdatetime>05072024 1500</startdatetime><enddatetime>05082024 0100</enddatetime><personnelid>A21524</personnelid><radioid>6000311</radioid><vehicleid /></Table><Table><apparatusid>3I11E</apparatusid><startdatetime>05072024 2100</startdatetime><enddatetime>05082024 0700</enddatetime><personnelid>A22150</personnelid><radioid>6001434</radioid><vehicleid /></Table><Table><apparatusid>3I11E</apparatusid><startdatetime>05072024 2100</startdatetime><enddatetime>05082024 0700</enddatetime><personnelid>A11196</personnelid><radioid>6004846</radioid><vehicleid /></Table><Table><apparatusid>3I13E</apparatusid><startdatetime>05072024 2100</startdatetime><enddatetime>05082024 0700</enddatetime><personnelid>A10742</personnelid><radioid>6001329</radioid><vehicleid>B022</vehicleid></Table><Table><apparatusid>3I13E</apparatusid><startdatetime>05072024 2100</startdatetime><enddatetime>05082024 0700</enddatetime><personnelid>A23882</personnelid><radioid>6001657</radioid><vehicleid>B022</vehicleid></Table><Table><apparatusid>3I16D</apparatusid><startdatetime>05072024 1500</startdatetime><enddatetime>05082024 0100</enddatetime><personnelid>A25296</personnelid><radioid>6001536</radioid><vehicleid>BW079</vehicleid></Table><Table><apparatusid>3I16D</apparatusid><startdatetime>05072024 1500</startdatetime><enddatetime>05082024 0100</enddatetime><personnelid>A25013</personnelid><radioid>6001188</radioid><vehicleid>BW079</vehicleid></Table><Table><apparatusid>3I16E</apparatusid><startdatetime>05072024 2100</startdatetime><enddatetime>05082024 0700</enddatetime><personnelid>A24404</personnelid><radioid>6000152</radioid><vehicleid>B006</vehicleid></Table><Table><apparatusid>3I16E</apparatusid><startdatetime>05072024 2100</startdatetime><enddatetime>05082024 0700</enddatetime><personnelid>A23164</personnelid><radioid>6001847</radioid><vehicleid>B006</vehicleid></Table><Table><apparatusid>3I2D</apparatusid><startdatetime>05072024 1500</startdatetime><enddatetime>05082024 0100</enddatetime><personnelid>A24594</personnelid><radioid>6000362</radioid><vehicleid /></Table><Table><apparatusid>3I4E</apparatusid><startdatetime>05072024 2100</startdatetime><enddatetime>05082024 0700</enddatetime><personnelid>A10229</personnelid><radioid>6000367</radioid><vehicleid /></Table><Table><apparatusid>3I5E</apparatusid><startdatetime>05072024 2100</startdatetime><enddatetime>05082024 0700</enddatetime><personnelid>A24544</personnelid><radioid>6000934</radioid><vehicleid /></Table></CADRosterView>