<CADRosterView><LoadFor><service>P</service><districtid>TARA</districtid><shiftid>3</shiftid><startdatetime>05082024 1500</startdatetime><enddatetime>05092024 0700</enddatetime><date>05082024</date></LoadFor><Table><apparatusid>3I16E</apparatusid><startdatetime>05082024 2100</startdatetime><enddatetime>05082024 2300</enddatetime><personnelid>A24302</personnelid><radioid>6001229</radioid><vehicleid>B006</vehicleid></Table><Table><apparatusid>3I</apparatusid><startdatetime>05082024 1500</startdatetime><enddatetime>05092024 0100</enddatetime><personnelid>A25013</personnelid><radioid>6001188</radioid><vehicleid /></Table><Table><apparatusid>3I</apparatusid><startdatetime>05082024 1500</startdatetime><enddatetime>05092024 0100</enddatetime><personnelid>A25296</personnelid><radioid>6001536</radioid><vehicleid /></Table><Table><apparatusid>3I101</apparatusid><startdatetime>05082024 1500</startdatetime><enddatetime>05092024 0100</enddatetime><personnelid>A10965</personnelid><radioid>6002278</radioid><vehicleid>BW161</vehicleid></Table><Table><apparatusid>3I105</apparatusid><startdatetime>05082024 1500</startdatetime><enddatetime>05092024 0100</enddatetime><personnelid>A10488</personnelid><radioid>6000981</radioid><vehicleid>BW161</vehicleid></Table><Table><apparatusid>3I106</apparatusid><startdatetime>05082024 1500</startdatetime><enddatetime>05092024 0100</enddatetime><personnelid>A10106</personnelid><radioid>6001172</radioid><vehicleid>BW136</vehicleid></Table><Table><apparatusid>3I107</apparatusid><startdatetime>05082024 1500</startdatetime><enddatetime>05092024 0100</enddatetime><personnelid>A09306</personnelid><radioid>6001094</radioid><vehicleid>BW161</vehicleid></Table><Table><apparatusid>3I108</apparatusid><startdatetime>05082024 2100</startdatetime><enddatetime>05092024 0700</enddatetime><personnelid>A21690</personnelid><radioid>6002483</radioid><vehicleid>BW161</vehicleid></Table><Table><apparatusid>3I113</apparatusid><startdatetime>05082024 2100</startdatetime><enddatetime>05092024 0700</enddatetime><personnelid>A11068</personnelid><radioid>6138112</radioid><vehicleid>BW134</vehicleid></Table><Table><apparatusid>3I114</apparatusid><startdatetime>05082024 2100</startdatetime><enddatetime>05092024 0700</enddatetime><personnelid>A08687</personnelid><radioid>6001247</radioid><vehicleid>B1248</vehicleid></Table><Table><apparatusid>3I115</apparatusid><startdatetime>05082024 2100</startdatetime><enddatetime>05092024 0700</enddatetime><personnelid>A08177</personnelid><radioid>6000268</radioid><vehicleid>B1218</vehicleid></Table><Table><apparatusid>3I11D</apparatusid><startdatetime>05082024 1500</startdatetime><enddatetime>05092024 0100</enddatetime><personnelid>A21524</personnelid><radioid>6000311</radioid><vehicleid /></Table><Table><apparatusid>3I11E</apparatusid><startdatetime>05082024 2100</startdatetime><enddatetime>05092024 0700</enddatetime><personnelid>A22710</personnelid><radioid>6001600</radioid><vehicleid /></Table><Table><apparatusid>3I11E</apparatusid><startdatetime>05082024 2100</startdatetime><enddatetime>05092024 0700</enddatetime><personnelid>A22150</personnelid><radioid>6001434</radioid><vehicleid /></Table><Table><apparatusid>3I11E</apparatusid><startdatetime>05082024 2100</startdatetime><enddatetime>05092024 0700</enddatetime><personnelid>A11196</personnelid><radioid>6004846</radioid><vehicleid /></Table><Table><apparatusid>3I11E</apparatusid><startdatetime>05082024 2100</startdatetime><enddatetime>05092024 0700</enddatetime><personnelid>A10045</personnelid><radioid>6000341</radioid><vehicleid /></Table><Table><apparatusid>3I13D</apparatusid><startdatetime>05082024 1500</startdatetime><enddatetime>05092024 0100</enddatetime><personnelid>A21996</personnelid><radioid>6002048</radioid><vehicleid>B1268</vehicleid></Table><Table><apparatusid>3I13D</apparatusid><startdatetime>05082024 1500</startdatetime><enddatetime>05092024 0100</enddatetime><personnelid>A22072</personnelid><radioid>6002122</radioid><vehicleid>B1268</vehicleid></Table><Table><apparatusid>3I13E</apparatusid><startdatetime>05082024 2100</startdatetime><enddatetime>05092024 0700</enddatetime><personnelid>A10764</personnelid><radioid>6000370</radioid><vehicleid>B022</vehicleid></Table><Table><apparatusid>3I13E</apparatusid><startdatetime>05082024 2100</startdatetime><enddatetime>05092024 0700</enddatetime><personnelid>A10742</personnelid><radioid>6001329</radioid><vehicleid>B022</vehicleid></Table><Table><apparatusid>3I13E</apparatusid><startdatetime>05082024 2100</startdatetime><enddatetime>05092024 0700</enddatetime><personnelid>A23882</personnelid><radioid>6001657</radioid><vehicleid>B022</vehicleid></Table><Table><apparatusid>3I13E</apparatusid><startdatetime>05082024 2100</startdatetime><enddatetime>05092024 0700</enddatetime><personnelid>A22448</personnelid><radioid>6002345</radioid><vehicleid>B022</vehicleid></Table><Table><apparatusid>3I16D</apparatusid><startdatetime>05082024 1500</startdatetime><enddatetime>05092024 0100</enddatetime><personnelid>A25300</personnelid><radioid>6001759</radioid><vehicleid>BW079</vehicleid></Table><Table><apparatusid>3I16D</apparatusid><startdatetime>05082024 1500</startdatetime><enddatetime>05092024 0100</enddatetime><personnelid>A24389</personnelid><radioid>6000472</radioid><vehicleid>BW079</vehicleid></Table><Table><apparatusid>3I16E</apparatusid><startdatetime>05082024 2100</startdatetime><enddatetime>05092024 0700</enddatetime><personnelid>A24582</personnelid><radioid>6001350</radioid><vehicleid>B006</vehicleid></Table><Table><apparatusid>3I2D</apparatusid><startdatetime>05082024 1500</startdatetime><enddatetime>05092024 0100</enddatetime><personnelid>A24594</personnelid><radioid>6000362</radioid><vehicleid /></Table><Table><apparatusid>3I2E</apparatusid><startdatetime>05082024 2100</startdatetime><enddatetime>05092024 0700</enddatetime><personnelid>A23169</personnelid><radioid>6000863</radioid><vehicleid /></Table><Table><apparatusid>3I2E</apparatusid><startdatetime>05082024 2100</startdatetime><enddatetime>05092024 0700</enddatetime><personnelid>A24544</personnelid><radioid>6000934</radioid><vehicleid /></Table><Table><apparatusid>3I4E</apparatusid><startdatetime>05082024 2100</startdatetime><enddatetime>05092024 0700</enddatetime><personnelid>A10229</personnelid><radioid>6000367</radioid><vehicleid /></Table><Table><apparatusid>3I4E</apparatusid><startdatetime>05082024 2100</startdatetime><enddatetime>05092024 0700</enddatetime><personnelid>A22511</personnelid><radioid>52443</radioid><vehicleid /></Table><Table><apparatusid>3I5E</apparatusid><startdatetime>05082024 2100</startdatetime><enddatetime>05092024 0700</enddatetime><personnelid>A24596</personnelid><radioid>600839</radioid><vehicleid /></Table></CADRosterView>