<CADRosterView><LoadFor><service>P</service><districtid>TACT</districtid><shiftid>3</shiftid><startdatetime>05092024 0530</startdatetime><enddatetime>05102024 1530</enddatetime><date>05092024</date></LoadFor><Table><apparatusid>4T109</apparatusid><startdatetime>05102024 0530</startdatetime><enddatetime>05102024 1530</enddatetime><personnelid>A04895</personnelid><radioid>52011</radioid><vehicleid>B1026</vehicleid></Table><Table><apparatusid>4T9H</apparatusid><startdatetime>05102024 0530</startdatetime><enddatetime>05102024 1530</enddatetime><personnelid>A06396</personnelid><radioid>6002433</radioid><vehicleid>B020</vehicleid></Table><Table><apparatusid>4T9A</apparatusid><startdatetime>05092024 1800</startdatetime><enddatetime>05102024 0400</enddatetime><personnelid>A06925</personnelid><radioid>6001413</radioid><vehicleid>B1290</vehicleid></Table></CADRosterView>