<CADRosterView><LoadFor><service>P</service><districtid>BURG</districtid><shiftid>2</shiftid><startdatetime>05092024 0600</startdatetime><enddatetime>05092024 2000</enddatetime><date>05092024</date></LoadFor><Table><apparatusid>5D1</apparatusid><startdatetime>05092024 1000</startdatetime><enddatetime>05092024 2000</enddatetime><personnelid>A10363</personnelid><radioid>6000350</radioid><vehicleid /></Table><Table><apparatusid>5D101</apparatusid><startdatetime>05092024 0600</startdatetime><enddatetime>05092024 1600</enddatetime><personnelid>A06000</personnelid><radioid>6000275</radioid><vehicleid /></Table><Table><apparatusid>5D102</apparatusid><startdatetime>05092024 0600</startdatetime><enddatetime>05092024 1600</enddatetime><personnelid>A07695</personnelid><radioid>6001457</radioid><vehicleid /></Table><Table><apparatusid>5D104</apparatusid><startdatetime>05092024 0600</startdatetime><enddatetime>05092024 1600</enddatetime><personnelid>A10502</personnelid><radioid>52539</radioid><vehicleid /></Table><Table><apparatusid>5D107</apparatusid><startdatetime>05092024 0600</startdatetime><enddatetime>05092024 1600</enddatetime><personnelid>A08192</personnelid><radioid>6001602</radioid><vehicleid /></Table><Table><apparatusid>5D111</apparatusid><startdatetime>05092024 0600</startdatetime><enddatetime>05092024 1600</enddatetime><personnelid>A10601</personnelid><radioid>6001859</radioid><vehicleid /></Table><Table><apparatusid>5D112</apparatusid><startdatetime>05092024 0600</startdatetime><enddatetime>05092024 1600</enddatetime><personnelid>A09709</personnelid><radioid>6001824</radioid><vehicleid /></Table><Table><apparatusid>5D114</apparatusid><startdatetime>05092024 0600</startdatetime><enddatetime>05092024 1600</enddatetime><personnelid>A20826</personnelid><radioid>6000992</radioid><vehicleid /></Table><Table><apparatusid>5D118</apparatusid><startdatetime>05092024 0800</startdatetime><enddatetime>05092024 1800</enddatetime><personnelid>A20824</personnelid><radioid>6000079</radioid><vehicleid /></Table><Table><apparatusid>5D130</apparatusid><startdatetime>05092024 0600</startdatetime><enddatetime>05092024 1600</enddatetime><personnelid>A07047</personnelid><radioid>6001552</radioid><vehicleid /></Table><Table><apparatusid>5D131</apparatusid><startdatetime>05092024 0800</startdatetime><enddatetime>05092024 1800</enddatetime><personnelid>A20084</personnelid><radioid>6001467</radioid><vehicleid /></Table><Table><apparatusid>5D132</apparatusid><startdatetime>05092024 0600</startdatetime><enddatetime>05092024 1600</enddatetime><personnelid>A10334</personnelid><radioid>6001861</radioid><vehicleid /></Table><Table><apparatusid>5D137</apparatusid><startdatetime>05092024 0700</startdatetime><enddatetime>05092024 1700</enddatetime><personnelid>A05005</personnelid><radioid>6000282</radioid><vehicleid /></Table></CADRosterView>