<CADRosterView><LoadFor><service>P</service><districtid>SOUT</districtid><shiftid>3</shiftid><startdatetime>05092024 0700</startdatetime><enddatetime>05102024 0700</enddatetime><date>05092024</date></LoadFor><Table><apparatusid>3B00C</apparatusid><startdatetime>05092024 1500</startdatetime><enddatetime>05102024 0100</enddatetime><personnelid>A24121</personnelid><radioid /><vehicleid /></Table><Table><apparatusid>3B100</apparatusid><startdatetime>05092024 2030</startdatetime><enddatetime>05102024 0630</enddatetime><personnelid>A08685</personnelid><radioid>6001495</radioid><vehicleid>B1102</vehicleid></Table><Table><apparatusid>3B101</apparatusid><startdatetime>05092024 1500</startdatetime><enddatetime>05102024 0100</enddatetime><personnelid>A11409</personnelid><radioid>6001460</radioid><vehicleid /></Table><Table><apparatusid>3B103</apparatusid><startdatetime>05092024 2100</startdatetime><enddatetime>05102024 0700</enddatetime><personnelid>A09161</personnelid><radioid>6001452</radioid><vehicleid /></Table><Table><apparatusid>3B16D</apparatusid><startdatetime>05092024 1400</startdatetime><enddatetime>05102024 0000</enddatetime><personnelid>A11423</personnelid><radioid>6001521</radioid><vehicleid>B1142</vehicleid></Table><Table><apparatusid>3B16E</apparatusid><startdatetime>05092024 2100</startdatetime><enddatetime>05102024 0700</enddatetime><personnelid>A07632</personnelid><radioid>6001405</radioid><vehicleid>B1142</vehicleid></Table><Table><apparatusid>3B16E</apparatusid><startdatetime>05092024 2100</startdatetime><enddatetime>05102024 0700</enddatetime><personnelid>A07630</personnelid><radioid>6001384</radioid><vehicleid>B1142</vehicleid></Table><Table><apparatusid>3B204</apparatusid><startdatetime>05092024 1400</startdatetime><enddatetime>05102024 0000</enddatetime><personnelid>A07797</personnelid><radioid /><vehicleid>B032</vehicleid></Table><Table><apparatusid>3BSK</apparatusid><startdatetime>05092024 1400</startdatetime><enddatetime>05092024 2100</enddatetime><personnelid>A07854</personnelid><radioid>6001474</radioid><vehicleid /></Table><Table><apparatusid>3BSK</apparatusid><startdatetime>05092024 1400</startdatetime><enddatetime>05092024 2100</enddatetime><personnelid>A10341</personnelid><radioid>6001426</radioid><vehicleid /></Table><Table><apparatusid>3BSK</apparatusid><startdatetime>05092024 2100</startdatetime><enddatetime>05102024 0700</enddatetime><personnelid>A07854</personnelid><radioid>6001474</radioid><vehicleid /></Table><Table><apparatusid>3BSK</apparatusid><startdatetime>05092024 2100</startdatetime><enddatetime>05102024 0700</enddatetime><personnelid>A10341</personnelid><radioid>6001426</radioid><vehicleid /></Table><Table><apparatusid>3BSK</apparatusid><startdatetime>05092024 2100</startdatetime><enddatetime>05102024 0700</enddatetime><personnelid>A08063</personnelid><radioid>6001588</radioid><vehicleid /></Table><Table><apparatusid>3BSK</apparatusid><startdatetime>05092024 0700</startdatetime><enddatetime>05102024 0000</enddatetime><personnelid>A07854</personnelid><radioid>6001474</radioid><vehicleid /></Table><Table><apparatusid>3BSK</apparatusid><startdatetime>05092024 0700</startdatetime><enddatetime>05102024 0000</enddatetime><personnelid>A10341</personnelid><radioid>6001426</radioid><vehicleid /></Table></CADRosterView>