<CADRosterView><LoadFor><service>P</service><districtid>CENT</districtid><shiftid>3</shiftid><startdatetime>05082024 1430</startdatetime><enddatetime>05092024 0700</enddatetime><date>05082024</date></LoadFor><Table><apparatusid>3A100</apparatusid><startdatetime>05082024 2100</startdatetime><enddatetime>05092024 0700</enddatetime><personnelid>A10868</personnelid><radioid>52677</radioid><vehicleid /></Table><Table><apparatusid>3A109</apparatusid><startdatetime>05082024 2100</startdatetime><enddatetime>05092024 0700</enddatetime><personnelid>A07035</personnelid><radioid>51675</radioid><vehicleid /></Table><Table><apparatusid>3A111</apparatusid><startdatetime>05082024 1500</startdatetime><enddatetime>05092024 0100</enddatetime><personnelid>A22389</personnelid><radioid>6002505</radioid><vehicleid /></Table><Table><apparatusid>3A113</apparatusid><startdatetime>05082024 2100</startdatetime><enddatetime>05092024 0700</enddatetime><personnelid>A10941</personnelid><radioid>51688</radioid><vehicleid /></Table><Table><apparatusid>3A117</apparatusid><startdatetime>05082024 1500</startdatetime><enddatetime>05092024 0100</enddatetime><personnelid>A22302</personnelid><radioid>6001324</radioid><vehicleid>BW233</vehicleid></Table><Table><apparatusid>3A119</apparatusid><startdatetime>05082024 2100</startdatetime><enddatetime>05092024 0700</enddatetime><personnelid>A10230</personnelid><radioid>6000732</radioid><vehicleid /></Table><Table><apparatusid>3A11E</apparatusid><startdatetime>05082024 2100</startdatetime><enddatetime>05092024 0700</enddatetime><personnelid>A25105</personnelid><radioid>6002093</radioid><vehicleid /></Table><Table><apparatusid>3A12D</apparatusid><startdatetime>05082024 1500</startdatetime><enddatetime>05092024 0100</enddatetime><personnelid>A25011</personnelid><radioid>6001988</radioid><vehicleid>BW061</vehicleid></Table><Table><apparatusid>3A12D</apparatusid><startdatetime>05082024 1500</startdatetime><enddatetime>05092024 0100</enddatetime><personnelid>A24555</personnelid><radioid>6001586</radioid><vehicleid>BW061</vehicleid></Table><Table><apparatusid>3A12E</apparatusid><startdatetime>05082024 2100</startdatetime><enddatetime>05092024 0700</enddatetime><personnelid>A24812</personnelid><radioid>6002563</radioid><vehicleid /></Table><Table><apparatusid>3A12E</apparatusid><startdatetime>05082024 2100</startdatetime><enddatetime>05092024 0700</enddatetime><personnelid>A25646</personnelid><radioid>6000525</radioid><vehicleid /></Table><Table><apparatusid>3A13D</apparatusid><startdatetime>05082024 1500</startdatetime><enddatetime>05092024 0100</enddatetime><personnelid>A22583</personnelid><radioid>52121</radioid><vehicleid /></Table><Table><apparatusid>3A13D</apparatusid><startdatetime>05082024 1500</startdatetime><enddatetime>05092024 0100</enddatetime><personnelid>A22632</personnelid><radioid>53109</radioid><vehicleid /></Table><Table><apparatusid>3A13E</apparatusid><startdatetime>05082024 2100</startdatetime><enddatetime>05092024 0700</enddatetime><personnelid>A23056</personnelid><radioid>6000088</radioid><vehicleid /></Table><Table><apparatusid>3A13E</apparatusid><startdatetime>05082024 2100</startdatetime><enddatetime>05092024 0700</enddatetime><personnelid>A22713</personnelid><radioid>52803</radioid><vehicleid /></Table><Table><apparatusid>3A14D</apparatusid><startdatetime>05082024 1500</startdatetime><enddatetime>05092024 0100</enddatetime><personnelid>A21266</personnelid><radioid>51490</radioid><vehicleid /></Table><Table><apparatusid>3A14D</apparatusid><startdatetime>05082024 1500</startdatetime><enddatetime>05092024 0100</enddatetime><personnelid>A07480</personnelid><radioid>51948</radioid><vehicleid /></Table><Table><apparatusid>3A14E</apparatusid><startdatetime>05082024 2100</startdatetime><enddatetime>05092024 0700</enddatetime><personnelid>A24730</personnelid><radioid /><vehicleid /></Table><Table><apparatusid>3A14E</apparatusid><startdatetime>05082024 2100</startdatetime><enddatetime>05092024 0700</enddatetime><personnelid>A23216</personnelid><radioid>6001153</radioid><vehicleid /></Table><Table><apparatusid>3A15D</apparatusid><startdatetime>05082024 1500</startdatetime><enddatetime>05092024 0100</enddatetime><personnelid>A22556</personnelid><radioid>53116</radioid><vehicleid /></Table><Table><apparatusid>3A15D</apparatusid><startdatetime>05082024 1500</startdatetime><enddatetime>05092024 0100</enddatetime><personnelid>A21798</personnelid><radioid>6002518</radioid><vehicleid /></Table><Table><apparatusid>3A15E</apparatusid><startdatetime>05082024 2100</startdatetime><enddatetime>05092024 0700</enddatetime><personnelid>A24912</personnelid><radioid>6000838</radioid><vehicleid /></Table><Table><apparatusid>3A15E</apparatusid><startdatetime>05082024 2100</startdatetime><enddatetime>05092024 0700</enddatetime><personnelid>A22696</personnelid><radioid>52792</radioid><vehicleid /></Table><Table><apparatusid>3A203</apparatusid><startdatetime>05082024 1430</startdatetime><enddatetime>05092024 0030</enddatetime><personnelid>A06709</personnelid><radioid>6001761</radioid><vehicleid>BW140</vehicleid></Table><Table><apparatusid>3A204</apparatusid><startdatetime>05082024 1430</startdatetime><enddatetime>05092024 0030</enddatetime><personnelid>A04904</personnelid><radioid>51840</radioid><vehicleid>BW140</vehicleid></Table><Table><apparatusid>3A32</apparatusid><startdatetime>05082024 2100</startdatetime><enddatetime>05092024 0700</enddatetime><personnelid>A09298</personnelid><radioid>51866</radioid><vehicleid /></Table><Table><apparatusid>3ASD</apparatusid><startdatetime>05082024 1500</startdatetime><enddatetime>05092024 0100</enddatetime><personnelid>A25570</personnelid><radioid /><vehicleid /></Table><Table><apparatusid>3ASD</apparatusid><startdatetime>05082024 1500</startdatetime><enddatetime>05092024 0100</enddatetime><personnelid>A20292</personnelid><radioid /><vehicleid /></Table><Table><apparatusid>3ASK</apparatusid><startdatetime>05082024 1600</startdatetime><enddatetime>05092024 0200</enddatetime><personnelid>A04934</personnelid><radioid>51939</radioid><vehicleid /></Table></CADRosterView>