<CADRosterView><LoadFor><service>F</service><districtid>AR1</districtid><shiftid>1</shiftid><startdatetime>05082024 1200</startdatetime><enddatetime>05092024 1200</enddatetime><date>05082024</date></LoadFor><Table><apparatusid>AR1</apparatusid><startdatetime>05082024 1200</startdatetime><enddatetime>05092024 1200</enddatetime><personnelid>KE4007</personnelid><radioid /><vehicleid /></Table><Table><apparatusid>AR1</apparatusid><startdatetime>05082024 1200</startdatetime><enddatetime>05092024 1200</enddatetime><personnelid>RA6810</personnelid><radioid /><vehicleid /></Table><Table><apparatusid>AR1</apparatusid><startdatetime>05082024 1200</startdatetime><enddatetime>05092024 1200</enddatetime><personnelid>RE1110</personnelid><radioid /><vehicleid /></Table></CADRosterView>