<CADRosterView><LoadFor><service>F</service><districtid>E43</districtid><shiftid>1</shiftid><startdatetime>05082024 0800</startdatetime><enddatetime>05092024 0800</enddatetime><date>05082024</date></LoadFor><Table><apparatusid>E43</apparatusid><startdatetime>05082024 0800</startdatetime><enddatetime>05092024 0800</enddatetime><personnelid>FU6118</personnelid><radioid /><vehicleid /></Table><Table><apparatusid>E43</apparatusid><startdatetime>05082024 0800</startdatetime><enddatetime>05092024 0800</enddatetime><personnelid>FL1349</personnelid><radioid /><vehicleid /></Table><Table><apparatusid>E43</apparatusid><startdatetime>05082024 0800</startdatetime><enddatetime>05092024 0800</enddatetime><personnelid>LU2428</personnelid><radioid /><vehicleid /></Table><Table><apparatusid>E43</apparatusid><startdatetime>05082024 0800</startdatetime><enddatetime>05092024 0800</enddatetime><personnelid>TH2051</personnelid><radioid /><vehicleid /></Table></CADRosterView>