<CADRosterView><LoadFor><service>F</service><districtid>T17</districtid><shiftid>1</shiftid><startdatetime>05072024 0800</startdatetime><enddatetime>05082024 0800</enddatetime><date>05072024</date></LoadFor><Table><apparatusid>T17</apparatusid><startdatetime>05072024 0800</startdatetime><enddatetime>05082024 0800</enddatetime><personnelid>ST1655</personnelid><radioid /><vehicleid /></Table><Table><apparatusid>T17</apparatusid><startdatetime>05072024 0800</startdatetime><enddatetime>05082024 0800</enddatetime><personnelid>AN5101</personnelid><radioid /><vehicleid /></Table><Table><apparatusid>T17</apparatusid><startdatetime>05072024 0800</startdatetime><enddatetime>05082024 0800</enddatetime><personnelid>KA3008</personnelid><radioid /><vehicleid /></Table><Table><apparatusid>T17</apparatusid><startdatetime>05072024 0800</startdatetime><enddatetime>05082024 0800</enddatetime><personnelid>YI0870</personnelid><radioid /><vehicleid /></Table><Table><apparatusid>T17</apparatusid><startdatetime>05072024 0800</startdatetime><enddatetime>05082024 0800</enddatetime><personnelid>JE2868</personnelid><radioid /><vehicleid /></Table></CADRosterView>