<CADRosterView><LoadFor><service>P</service><districtid>NORT</districtid><shiftid>2</shiftid><startdatetime>05092024 0400</startdatetime><enddatetime>05092024 1700</enddatetime><date>05092024</date></LoadFor><Table><apparatusid>3E00B</apparatusid><startdatetime>05092024 0700</startdatetime><enddatetime>05092024 1500</enddatetime><personnelid>A23968</personnelid><radioid /><vehicleid /></Table><Table><apparatusid>3E113</apparatusid><startdatetime>05092024 0600</startdatetime><enddatetime>05092024 1600</enddatetime><personnelid>A07677</personnelid><radioid>6000911</radioid><vehicleid /></Table><Table><apparatusid>3E11A</apparatusid><startdatetime>05092024 0600</startdatetime><enddatetime>05092024 1600</enddatetime><personnelid>A22691</personnelid><radioid>6001825</radioid><vehicleid>B1281</vehicleid></Table><Table><apparatusid>3E11A</apparatusid><startdatetime>05092024 0600</startdatetime><enddatetime>05092024 1600</enddatetime><personnelid>A20187</personnelid><radioid>6000319</radioid><vehicleid>B1281</vehicleid></Table><Table><apparatusid>3E11A</apparatusid><startdatetime>05092024 0600</startdatetime><enddatetime>05092024 1600</enddatetime><personnelid>A22573</personnelid><radioid>6001444</radioid><vehicleid>B1281</vehicleid></Table><Table><apparatusid>3E120</apparatusid><startdatetime>05092024 0600</startdatetime><enddatetime>05092024 1600</enddatetime><personnelid>A10348</personnelid><radioid>6000975</radioid><vehicleid /></Table><Table><apparatusid>3E12A</apparatusid><startdatetime>05092024 0600</startdatetime><enddatetime>05092024 1600</enddatetime><personnelid>A21519</personnelid><radioid>6000181</radioid><vehicleid /></Table><Table><apparatusid>3E12A</apparatusid><startdatetime>05092024 0600</startdatetime><enddatetime>05092024 1600</enddatetime><personnelid>A20963</personnelid><radioid>6000936</radioid><vehicleid /></Table><Table><apparatusid>3E13A</apparatusid><startdatetime>05092024 0600</startdatetime><enddatetime>05092024 1600</enddatetime><personnelid>A22136</personnelid><radioid>6001069</radioid><vehicleid /></Table><Table><apparatusid>3E13A</apparatusid><startdatetime>05092024 0600</startdatetime><enddatetime>05092024 1600</enddatetime><personnelid>A22479</personnelid><radioid>6000954</radioid><vehicleid /></Table><Table><apparatusid>3E14A</apparatusid><startdatetime>05092024 0600</startdatetime><enddatetime>05092024 1600</enddatetime><personnelid>A10619</personnelid><radioid /><vehicleid /></Table><Table><apparatusid>3E14A</apparatusid><startdatetime>05092024 0600</startdatetime><enddatetime>05092024 1600</enddatetime><personnelid>A21173</personnelid><radioid>6001032</radioid><vehicleid /></Table><Table><apparatusid>3E15A</apparatusid><startdatetime>05092024 0600</startdatetime><enddatetime>05092024 1600</enddatetime><personnelid>A23708</personnelid><radioid>6002280</radioid><vehicleid /></Table><Table><apparatusid>3E15A</apparatusid><startdatetime>05092024 0600</startdatetime><enddatetime>05092024 1600</enddatetime><personnelid>A20987</personnelid><radioid>6001006</radioid><vehicleid /></Table><Table><apparatusid>3E16A</apparatusid><startdatetime>05092024 0400</startdatetime><enddatetime>05092024 0600</enddatetime><personnelid>A11414</personnelid><radioid>6001206</radioid><vehicleid /></Table><Table><apparatusid>3E16A</apparatusid><startdatetime>05092024 0400</startdatetime><enddatetime>05092024 0600</enddatetime><personnelid>A09632</personnelid><radioid>6000601</radioid><vehicleid /></Table><Table><apparatusid>3E16A</apparatusid><startdatetime>05092024 0600</startdatetime><enddatetime>05092024 1400</enddatetime><personnelid>A11414</personnelid><radioid>6001206</radioid><vehicleid /></Table><Table><apparatusid>3E16A</apparatusid><startdatetime>05092024 0600</startdatetime><enddatetime>05092024 1400</enddatetime><personnelid>A09632</personnelid><radioid>6000601</radioid><vehicleid /></Table><Table><apparatusid>3E16A</apparatusid><startdatetime>05092024 0600</startdatetime><enddatetime>05092024 1400</enddatetime><personnelid>A22264</personnelid><radioid>6000685</radioid><vehicleid /></Table><Table><apparatusid>3E16A</apparatusid><startdatetime>05092024 0600</startdatetime><enddatetime>05092024 1400</enddatetime><personnelid>A22602</personnelid><radioid>6001829</radioid><vehicleid /></Table><Table><apparatusid>3E16A</apparatusid><startdatetime>05092024 1400</startdatetime><enddatetime>05092024 1600</enddatetime><personnelid>A22264</personnelid><radioid>6000685</radioid><vehicleid /></Table><Table><apparatusid>3E16A</apparatusid><startdatetime>05092024 1400</startdatetime><enddatetime>05092024 1600</enddatetime><personnelid>A22602</personnelid><radioid>6001829</radioid><vehicleid /></Table><Table><apparatusid>3E202</apparatusid><startdatetime>05092024 0530</startdatetime><enddatetime>05092024 1530</enddatetime><personnelid>A05444</personnelid><radioid>1057</radioid><vehicleid>BW127</vehicleid></Table><Table><apparatusid>3E21</apparatusid><startdatetime>05092024 0700</startdatetime><enddatetime>05092024 1700</enddatetime><personnelid>A21418</personnelid><radioid>6000914</radioid><vehicleid /></Table><Table><apparatusid>3E22</apparatusid><startdatetime>05092024 0700</startdatetime><enddatetime>05092024 1700</enddatetime><personnelid>A04994</personnelid><radioid>6001028</radioid><vehicleid /></Table><Table><apparatusid>3E23</apparatusid><startdatetime>05092024 0600</startdatetime><enddatetime>05092024 1600</enddatetime><personnelid>A21560</personnelid><radioid>6000931</radioid><vehicleid /></Table><Table><apparatusid>3E25</apparatusid><startdatetime>05092024 0600</startdatetime><enddatetime>05092024 1600</enddatetime><personnelid>A21441</personnelid><radioid>6001979</radioid><vehicleid>C008</vehicleid></Table><Table><apparatusid>3E300</apparatusid><startdatetime>05092024 0800</startdatetime><enddatetime>05092024 1600</enddatetime><personnelid>A04962</personnelid><radioid>6000715</radioid><vehicleid>B034</vehicleid></Table><Table><apparatusid>3E50B</apparatusid><startdatetime>05092024 0700</startdatetime><enddatetime>05092024 1700</enddatetime><personnelid>A08825</personnelid><radioid>6001790</radioid><vehicleid /></Table></CADRosterView>