<CADRosterView><LoadFor><service>P</service><districtid>STAF</districtid><shiftid>2</shiftid><startdatetime>05082024 0400</startdatetime><enddatetime>05082024 1900</enddatetime><date>05082024</date></LoadFor><Table><apparatusid>2S100</apparatusid><startdatetime>05082024 0700</startdatetime><enddatetime>05082024 1700</enddatetime><personnelid>A09629</personnelid><radioid>12840</radioid><vehicleid /></Table><Table><apparatusid>2S101</apparatusid><startdatetime>05082024 0600</startdatetime><enddatetime>05082024 1600</enddatetime><personnelid>A09890</personnelid><radioid>6001763</radioid><vehicleid /></Table><Table><apparatusid>2S103</apparatusid><startdatetime>05082024 0600</startdatetime><enddatetime>05082024 1600</enddatetime><personnelid>A09490</personnelid><radioid>6000013</radioid><vehicleid /></Table><Table><apparatusid>2S104</apparatusid><startdatetime>05082024 0700</startdatetime><enddatetime>05082024 1500</enddatetime><personnelid>A07337</personnelid><radioid>6001514</radioid><vehicleid /></Table><Table><apparatusid>2S109</apparatusid><startdatetime>05082024 0400</startdatetime><enddatetime>05082024 1400</enddatetime><personnelid>A10354</personnelid><radioid>6001987</radioid><vehicleid>C569</vehicleid></Table><Table><apparatusid>2S13</apparatusid><startdatetime>05082024 0800</startdatetime><enddatetime>05082024 1800</enddatetime><personnelid>A09460</personnelid><radioid>6000924</radioid><vehicleid /></Table><Table><apparatusid>2S14</apparatusid><startdatetime>05082024 0800</startdatetime><enddatetime>05082024 1800</enddatetime><personnelid>A10371</personnelid><radioid>52461</radioid><vehicleid /></Table><Table><apparatusid>2S14</apparatusid><startdatetime>05082024 0800</startdatetime><enddatetime>05082024 1800</enddatetime><personnelid>A21238</personnelid><radioid>6001362</radioid><vehicleid /></Table><Table><apparatusid>2S200</apparatusid><startdatetime>05082024 0830</startdatetime><enddatetime>05082024 1630</enddatetime><personnelid>A08214</personnelid><radioid>6000377</radioid><vehicleid /></Table><Table><apparatusid>2S201</apparatusid><startdatetime>05082024 1200</startdatetime><enddatetime>05082024 1600</enddatetime><personnelid>A07856</personnelid><radioid>6000164</radioid><vehicleid /></Table><Table><apparatusid>2S203</apparatusid><startdatetime>05082024 0900</startdatetime><enddatetime>05082024 1900</enddatetime><personnelid>A06936</personnelid><radioid>6001200</radioid><vehicleid /></Table><Table><apparatusid>2S3</apparatusid><startdatetime>05082024 0700</startdatetime><enddatetime>05082024 1700</enddatetime><personnelid>A09621</personnelid><radioid>6001189</radioid><vehicleid /></Table><Table><apparatusid>2S300</apparatusid><startdatetime>05082024 0800</startdatetime><enddatetime>05082024 1600</enddatetime><personnelid>A09626</personnelid><radioid>53332</radioid><vehicleid /></Table><Table><apparatusid>2S53</apparatusid><startdatetime>05082024 0800</startdatetime><enddatetime>05082024 1200</enddatetime><personnelid>A21835</personnelid><radioid>6001179</radioid><vehicleid /></Table></CADRosterView>