<CADRosterView><LoadFor><service>F</service><districtid>M555</districtid><shiftid>1</shiftid><startdatetime>05072024 0630</startdatetime><enddatetime>05082024 0630</enddatetime><date>05072024</date></LoadFor><Table><apparatusid>M555</apparatusid><startdatetime>05072024 0630</startdatetime><enddatetime>05072024 1830</enddatetime><personnelid>FL2858</personnelid><radioid /><vehicleid /></Table><Table><apparatusid>M555</apparatusid><startdatetime>05072024 0630</startdatetime><enddatetime>05072024 1830</enddatetime><personnelid>HE4903</personnelid><radioid /><vehicleid /></Table><Table><apparatusid>M555</apparatusid><startdatetime>05072024 1830</startdatetime><enddatetime>05082024 0630</enddatetime><personnelid>LY1603</personnelid><radioid /><vehicleid /></Table></CADRosterView>