<CADRosterView><LoadFor><service>F</service><districtid>M563</districtid><shiftid>1</shiftid><startdatetime>05072024 0500</startdatetime><enddatetime>05082024 0500</enddatetime><date>05072024</date></LoadFor><Table><apparatusid>M563</apparatusid><startdatetime>05072024 0500</startdatetime><enddatetime>05072024 1700</enddatetime><personnelid>BA3479</personnelid><radioid /><vehicleid /></Table><Table><apparatusid>M563</apparatusid><startdatetime>05072024 0500</startdatetime><enddatetime>05072024 1700</enddatetime><personnelid>CA3991</personnelid><radioid /><vehicleid /></Table><Table><apparatusid>M563</apparatusid><startdatetime>05072024 1700</startdatetime><enddatetime>05082024 0500</enddatetime><personnelid>DI3315</personnelid><radioid /><vehicleid /></Table><Table><apparatusid>M563</apparatusid><startdatetime>05072024 1700</startdatetime><enddatetime>05082024 0500</enddatetime><personnelid>HE4678</personnelid><radioid /><vehicleid /></Table></CADRosterView>