<CADRosterView><LoadFor><service>F</service><districtid>E04</districtid><shiftid>1</shiftid><startdatetime>05082024 0800</startdatetime><enddatetime>05092024 0800</enddatetime><date>05082024</date></LoadFor><Table><apparatusid>E04</apparatusid><startdatetime>05082024 0800</startdatetime><enddatetime>05092024 0800</enddatetime><personnelid>DE0551</personnelid><radioid /><vehicleid /></Table><Table><apparatusid>E04</apparatusid><startdatetime>05082024 0800</startdatetime><enddatetime>05092024 0800</enddatetime><personnelid>MA1785</personnelid><radioid /><vehicleid /></Table><Table><apparatusid>E04</apparatusid><startdatetime>05082024 0800</startdatetime><enddatetime>05092024 0800</enddatetime><personnelid>JO5174</personnelid><radioid /><vehicleid /></Table></CADRosterView>