<CADRosterView><LoadFor><service>F</service><districtid>M503</districtid><shiftid>1</shiftid><startdatetime>05072024 0700</startdatetime><enddatetime>05072024 1900</enddatetime><date>05072024</date></LoadFor><Table><apparatusid>M503</apparatusid><startdatetime>05072024 0700</startdatetime><enddatetime>05072024 1900</enddatetime><personnelid>DR4631</personnelid><radioid /><vehicleid /></Table><Table><apparatusid>M503</apparatusid><startdatetime>05072024 0700</startdatetime><enddatetime>05072024 1900</enddatetime><personnelid>MU1665</personnelid><radioid /><vehicleid /></Table></CADRosterView>