<CADRosterView><LoadFor><service>P</service><districtid>LEGA</districtid><shiftid>2</shiftid><startdatetime>05072024 0600</startdatetime><enddatetime>05072024 1700</enddatetime><date>05072024</date></LoadFor><Table><apparatusid>1E134</apparatusid><startdatetime>05072024 0900</startdatetime><enddatetime>05072024 1700</enddatetime><personnelid>A10099</personnelid><radioid>6001662</radioid><vehicleid /></Table><Table><apparatusid>1E136</apparatusid><startdatetime>05072024 0600</startdatetime><enddatetime>05072024 1600</enddatetime><personnelid>A10490</personnelid><radioid>6000843</radioid><vehicleid>C1101</vehicleid></Table></CADRosterView>