<CADRosterView><LoadFor><service>F</service><districtid>E16</districtid><shiftid>1</shiftid><startdatetime>05072024 0800</startdatetime><enddatetime>05082024 0800</enddatetime><date>05072024</date></LoadFor><Table><apparatusid>E16</apparatusid><startdatetime>05072024 0800</startdatetime><enddatetime>05082024 0800</enddatetime><personnelid>AS9242</personnelid><radioid /><vehicleid /></Table><Table><apparatusid>E16</apparatusid><startdatetime>05072024 0800</startdatetime><enddatetime>05082024 0800</enddatetime><personnelid>MO3816</personnelid><radioid /><vehicleid /></Table><Table><apparatusid>E16</apparatusid><startdatetime>05072024 0800</startdatetime><enddatetime>05082024 0800</enddatetime><personnelid>BE4760</personnelid><radioid /><vehicleid /></Table></CADRosterView>