<CADRosterView><LoadFor><service>F</service><districtid>M582</districtid><shiftid>1</shiftid><startdatetime>05072024 1100</startdatetime><enddatetime>05072024 2200</enddatetime><date>05072024</date></LoadFor><Table><apparatusid>M582</apparatusid><startdatetime>05072024 1100</startdatetime><enddatetime>05072024 2200</enddatetime><personnelid>CU6637</personnelid><radioid /><vehicleid /></Table><Table><apparatusid>M582</apparatusid><startdatetime>05072024 1100</startdatetime><enddatetime>05072024 2200</enddatetime><personnelid>KE2660</personnelid><radioid /><vehicleid /></Table></CADRosterView>