<CADRosterView><LoadFor><service>F</service><districtid>M546</districtid><shiftid>1</shiftid><startdatetime>05072024 1100</startdatetime><enddatetime>05082024 0020</enddatetime><date>05072024</date></LoadFor><Table><apparatusid>M546</apparatusid><startdatetime>05072024 1100</startdatetime><enddatetime>05082024 0020</enddatetime><personnelid>CH1021</personnelid><radioid /><vehicleid /></Table><Table><apparatusid>M546</apparatusid><startdatetime>05072024 1100</startdatetime><enddatetime>05082024 0020</enddatetime><personnelid>WR2007</personnelid><radioid /><vehicleid /></Table></CADRosterView>