<CADRosterView><LoadFor><service>F</service><districtid>E25</districtid><shiftid>1</shiftid><startdatetime>05082024 0800</startdatetime><enddatetime>05092024 0800</enddatetime><date>05082024</date></LoadFor><Table><apparatusid>E25</apparatusid><startdatetime>05082024 0800</startdatetime><enddatetime>05092024 0800</enddatetime><personnelid>TU4821</personnelid><radioid /><vehicleid /></Table><Table><apparatusid>E25</apparatusid><startdatetime>05082024 0800</startdatetime><enddatetime>05092024 0800</enddatetime><personnelid>ST3065</personnelid><radioid /><vehicleid /></Table><Table><apparatusid>E25</apparatusid><startdatetime>05082024 0800</startdatetime><enddatetime>05092024 0800</enddatetime><personnelid>MI2915</personnelid><radioid /><vehicleid /></Table><Table><apparatusid>E25</apparatusid><startdatetime>05082024 0800</startdatetime><enddatetime>05092024 0800</enddatetime><personnelid>BR1263</personnelid><radioid /><vehicleid /></Table></CADRosterView>