<CADRosterView><LoadFor><service>F</service><districtid>E28</districtid><shiftid>1</shiftid><startdatetime>05072024 0800</startdatetime><enddatetime>05082024 0800</enddatetime><date>05072024</date></LoadFor><Table><apparatusid>E28</apparatusid><startdatetime>05072024 0800</startdatetime><enddatetime>05082024 0800</enddatetime><personnelid>HA2238</personnelid><radioid /><vehicleid /></Table><Table><apparatusid>E28</apparatusid><startdatetime>05072024 0800</startdatetime><enddatetime>05082024 0800</enddatetime><personnelid>GO2883</personnelid><radioid /><vehicleid /></Table><Table><apparatusid>E28</apparatusid><startdatetime>05072024 0800</startdatetime><enddatetime>05082024 0800</enddatetime><personnelid>SM4729</personnelid><radioid /><vehicleid /></Table><Table><apparatusid>E28</apparatusid><startdatetime>05072024 0800</startdatetime><enddatetime>05082024 0800</enddatetime><personnelid>YO1583</personnelid><radioid /><vehicleid /></Table><Table><apparatusid>E28</apparatusid><startdatetime>05072024 0800</startdatetime><enddatetime>05082024 0800</enddatetime><personnelid>AI5684</personnelid><radioid /><vehicleid /></Table></CADRosterView>