<CADRosterView><LoadFor><service>P</service><districtid>FOB</districtid><shiftid>3</shiftid><startdatetime>05072024 1200</startdatetime><enddatetime>05072024 2200</enddatetime><date>05072024</date></LoadFor><Table><apparatusid>3X00</apparatusid><startdatetime>05072024 1200</startdatetime><enddatetime>05072024 2200</enddatetime><personnelid>A25406</personnelid><radioid /><vehicleid /></Table><Table><apparatusid>3X138</apparatusid><startdatetime>05072024 1200</startdatetime><enddatetime>05072024 2200</enddatetime><personnelid>A21528</personnelid><radioid>6001564</radioid><vehicleid /></Table><Table><apparatusid>3X38A</apparatusid><startdatetime>05072024 1200</startdatetime><enddatetime>05072024 2200</enddatetime><personnelid>A10758</personnelid><radioid>6001502</radioid><vehicleid /></Table><Table><apparatusid>3X38B</apparatusid><startdatetime>05072024 1200</startdatetime><enddatetime>05072024 2200</enddatetime><personnelid>A20693</personnelid><radioid>6001151</radioid><vehicleid /></Table><Table><apparatusid>3X38C</apparatusid><startdatetime>05072024 1200</startdatetime><enddatetime>05072024 2200</enddatetime><personnelid>A22692</personnelid><radioid>52788</radioid><vehicleid /></Table><Table><apparatusid>3X38D</apparatusid><startdatetime>05072024 1200</startdatetime><enddatetime>05072024 2200</enddatetime><personnelid>A20827</personnelid><radioid>6002496</radioid><vehicleid /></Table><Table><apparatusid>3X38E</apparatusid><startdatetime>05072024 1200</startdatetime><enddatetime>05072024 2200</enddatetime><personnelid>A21915</personnelid><radioid>6001416</radioid><vehicleid /></Table><Table><apparatusid>3X38F</apparatusid><startdatetime>05072024 1200</startdatetime><enddatetime>05072024 2200</enddatetime><personnelid>A21298</personnelid><radioid>6000996</radioid><vehicleid /></Table></CADRosterView>