<CADRosterView><LoadFor><service>F</service><districtid>E16</districtid><shiftid>1</shiftid><startdatetime>05082024 0800</startdatetime><enddatetime>05092024 0800</enddatetime><date>05082024</date></LoadFor><Table><apparatusid>E16</apparatusid><startdatetime>05082024 0800</startdatetime><enddatetime>05092024 0800</enddatetime><personnelid>RA3098</personnelid><radioid /><vehicleid /></Table><Table><apparatusid>E16</apparatusid><startdatetime>05082024 0800</startdatetime><enddatetime>05092024 0800</enddatetime><personnelid>RA2530</personnelid><radioid /><vehicleid /></Table><Table><apparatusid>E16</apparatusid><startdatetime>05082024 0800</startdatetime><enddatetime>05092024 0800</enddatetime><personnelid>BA2628</personnelid><radioid /><vehicleid /></Table></CADRosterView>