<CADRosterView><LoadFor><service>P</service><districtid>SIU</districtid><shiftid>2</shiftid><startdatetime>05072024 0600</startdatetime><enddatetime>05082024 0700</enddatetime><date>05072024</date></LoadFor><Table><apparatusid>5R10</apparatusid><startdatetime>05072024 1200</startdatetime><enddatetime>05072024 2200</enddatetime><personnelid>A05457</personnelid><radioid /><vehicleid /></Table><Table><apparatusid>5R100</apparatusid><startdatetime>05072024 1200</startdatetime><enddatetime>05072024 2200</enddatetime><personnelid>A11420</personnelid><radioid /><vehicleid /></Table><Table><apparatusid>5R11</apparatusid><startdatetime>05072024 0600</startdatetime><enddatetime>05072024 1600</enddatetime><personnelid>A07855</personnelid><radioid /><vehicleid /></Table><Table><apparatusid>5R112</apparatusid><startdatetime>05072024 1200</startdatetime><enddatetime>05072024 2200</enddatetime><personnelid>A06997</personnelid><radioid /><vehicleid /></Table><Table><apparatusid>5R118</apparatusid><startdatetime>05072024 1200</startdatetime><enddatetime>05072024 2200</enddatetime><personnelid>A08179</personnelid><radioid /><vehicleid /></Table><Table><apparatusid>5R13</apparatusid><startdatetime>05072024 1000</startdatetime><enddatetime>05072024 2000</enddatetime><personnelid>A20962</personnelid><radioid /><vehicleid /></Table><Table><apparatusid>5R15</apparatusid><startdatetime>05072024 1200</startdatetime><enddatetime>05072024 2200</enddatetime><personnelid>A20641</personnelid><radioid /><vehicleid /></Table><Table><apparatusid>5R16</apparatusid><startdatetime>05072024 1200</startdatetime><enddatetime>05072024 2200</enddatetime><personnelid>A21780</personnelid><radioid /><vehicleid /></Table><Table><apparatusid>5R2</apparatusid><startdatetime>05072024 0800</startdatetime><enddatetime>05072024 1800</enddatetime><personnelid>A22714</personnelid><radioid /><vehicleid /></Table><Table><apparatusid>5R200</apparatusid><startdatetime>05072024 0800</startdatetime><enddatetime>05072024 1600</enddatetime><personnelid>A09301</personnelid><radioid>6002090</radioid><vehicleid /></Table><Table><apparatusid>5R106</apparatusid><startdatetime>05072024 2100</startdatetime><enddatetime>05082024 0700</enddatetime><personnelid>A22259</personnelid><radioid /><vehicleid /></Table><Table><apparatusid>5R108</apparatusid><startdatetime>05072024 1400</startdatetime><enddatetime>05082024 0000</enddatetime><personnelid>A06374</personnelid><radioid /><vehicleid /></Table><Table><apparatusid>5R110</apparatusid><startdatetime>05072024 2100</startdatetime><enddatetime>05082024 0700</enddatetime><personnelid>A22269</personnelid><radioid /><vehicleid /></Table><Table><apparatusid>5R114</apparatusid><startdatetime>05072024 2100</startdatetime><enddatetime>05082024 0700</enddatetime><personnelid>A22025</personnelid><radioid /><vehicleid /></Table></CADRosterView>