<CADRosterView><LoadFor><service>P</service><districtid>FOB</districtid><shiftid>1</shiftid><startdatetime>05082024 0600</startdatetime><enddatetime>05082024 2200</enddatetime><date>05082024</date></LoadFor><Table><apparatusid>3X115</apparatusid><startdatetime>05082024 1200</startdatetime><enddatetime>05082024 2200</enddatetime><personnelid>A07646</personnelid><radioid>52019</radioid><vehicleid /></Table><Table><apparatusid>3X170</apparatusid><startdatetime>05082024 0600</startdatetime><enddatetime>05082024 1600</enddatetime><personnelid>A21280</personnelid><radioid>6002469</radioid><vehicleid /></Table><Table><apparatusid>3X171</apparatusid><startdatetime>05082024 0600</startdatetime><enddatetime>05082024 1600</enddatetime><personnelid>A09145</personnelid><radioid>6001362</radioid><vehicleid /></Table><Table><apparatusid>3X208</apparatusid><startdatetime>05082024 0600</startdatetime><enddatetime>05082024 1600</enddatetime><personnelid>A09184</personnelid><radioid>6000629</radioid><vehicleid>C1078</vehicleid></Table><Table><apparatusid>3X52A</apparatusid><startdatetime>05082024 1200</startdatetime><enddatetime>05082024 2200</enddatetime><personnelid>A22300</personnelid><radioid /><vehicleid /></Table><Table><apparatusid>3X52E</apparatusid><startdatetime>05082024 1200</startdatetime><enddatetime>05082024 2200</enddatetime><personnelid>A23776</personnelid><radioid>6002258</radioid><vehicleid /></Table><Table><apparatusid>3X52G</apparatusid><startdatetime>05082024 1200</startdatetime><enddatetime>05082024 2200</enddatetime><personnelid>A24731</personnelid><radioid /><vehicleid /></Table><Table><apparatusid>3X71</apparatusid><startdatetime>05082024 0600</startdatetime><enddatetime>05082024 1600</enddatetime><personnelid>A21725</personnelid><radioid>52748</radioid><vehicleid /></Table><Table><apparatusid>3X72</apparatusid><startdatetime>05082024 0600</startdatetime><enddatetime>05082024 1600</enddatetime><personnelid>A23242</personnelid><radioid>6002207</radioid><vehicleid>BW165</vehicleid></Table><Table><apparatusid>3X72</apparatusid><startdatetime>05082024 0600</startdatetime><enddatetime>05082024 1600</enddatetime><personnelid>A22719</personnelid><radioid>6002103</radioid><vehicleid>BW165</vehicleid></Table><Table><apparatusid>3X74</apparatusid><startdatetime>05082024 0600</startdatetime><enddatetime>05082024 1600</enddatetime><personnelid>A22684</personnelid><radioid>6001578</radioid><vehicleid /></Table><Table><apparatusid>3X74</apparatusid><startdatetime>05082024 0600</startdatetime><enddatetime>05082024 1600</enddatetime><personnelid>A10962</personnelid><radioid>6000542</radioid><vehicleid /></Table><Table><apparatusid>3X75</apparatusid><startdatetime>05082024 0600</startdatetime><enddatetime>05082024 1600</enddatetime><personnelid>A21940</personnelid><radioid>6000431</radioid><vehicleid /></Table><Table><apparatusid>3X75</apparatusid><startdatetime>05082024 0600</startdatetime><enddatetime>05082024 1600</enddatetime><personnelid>A22047</personnelid><radioid>6001524</radioid><vehicleid /></Table><Table><apparatusid>3X76</apparatusid><startdatetime>05082024 0600</startdatetime><enddatetime>05082024 1600</enddatetime><personnelid>A22612</personnelid><radioid>6001918</radioid><vehicleid /></Table><Table><apparatusid>5N1</apparatusid><startdatetime>05082024 1200</startdatetime><enddatetime>05082024 2200</enddatetime><personnelid>A22245</personnelid><radioid>52100</radioid><vehicleid /></Table><Table><apparatusid>5N11</apparatusid><startdatetime>05082024 1200</startdatetime><enddatetime>05082024 2200</enddatetime><personnelid>A23078</personnelid><radioid>53311</radioid><vehicleid /></Table><Table><apparatusid>5N111</apparatusid><startdatetime>05082024 0600</startdatetime><enddatetime>05082024 1400</enddatetime><personnelid>A06382</personnelid><radioid>6001874</radioid><vehicleid>C1157</vehicleid></Table><Table><apparatusid>5N13</apparatusid><startdatetime>05082024 1200</startdatetime><enddatetime>05082024 2200</enddatetime><personnelid>A22093</personnelid><radioid>6001950</radioid><vehicleid /></Table><Table><apparatusid>5N14</apparatusid><startdatetime>05082024 1200</startdatetime><enddatetime>05082024 2200</enddatetime><personnelid>A07052</personnelid><radioid>13986</radioid><vehicleid /></Table><Table><apparatusid>5N15</apparatusid><startdatetime>05082024 1200</startdatetime><enddatetime>05082024 2200</enddatetime><personnelid>A22254</personnelid><radioid>52151</radioid><vehicleid /></Table><Table><apparatusid>5N151</apparatusid><startdatetime>05082024 1200</startdatetime><enddatetime>05082024 2200</enddatetime><personnelid>A06711</personnelid><radioid>52453</radioid><vehicleid /></Table><Table><apparatusid>5N170</apparatusid><startdatetime>05082024 1200</startdatetime><enddatetime>05082024 2200</enddatetime><personnelid>A07420</personnelid><radioid>13389</radioid><vehicleid /></Table><Table><apparatusid>5N200</apparatusid><startdatetime>05082024 0600</startdatetime><enddatetime>05082024 1400</enddatetime><personnelid>A04657</personnelid><radioid>51477</radioid><vehicleid>C1201</vehicleid></Table><Table><apparatusid>5N5</apparatusid><startdatetime>05082024 0900</startdatetime><enddatetime>05082024 1700</enddatetime><personnelid>A05024</personnelid><radioid /><vehicleid /></Table></CADRosterView>