<CADRosterView><LoadFor><service>P</service><districtid>AIRP</districtid><shiftid>3</shiftid><startdatetime>05082024 1400</startdatetime><enddatetime>05092024 0700</enddatetime><date>05082024</date></LoadFor><Table><apparatusid>6M11</apparatusid><startdatetime>05082024 1400</startdatetime><enddatetime>05092024 0000</enddatetime><personnelid>A20807</personnelid><radioid>6001165</radioid><vehicleid /></Table><Table><apparatusid>6M8</apparatusid><startdatetime>05082024 1400</startdatetime><enddatetime>05092024 0000</enddatetime><personnelid>A20806</personnelid><radioid>6138319</radioid><vehicleid /></Table><Table><apparatusid>6M9</apparatusid><startdatetime>05082024 1400</startdatetime><enddatetime>05092024 0000</enddatetime><personnelid>A08206</personnelid><radioid>6001706</radioid><vehicleid /></Table><Table><apparatusid>6P88</apparatusid><startdatetime>05082024 2100</startdatetime><enddatetime>05092024 0700</enddatetime><personnelid>A20185</personnelid><radioid>52263</radioid><vehicleid /></Table><Table><apparatusid>6P90</apparatusid><startdatetime>05082024 2100</startdatetime><enddatetime>05092024 0700</enddatetime><personnelid>A20267</personnelid><radioid /><vehicleid /></Table></CADRosterView>