<CADRosterView><LoadFor><service>P</service><districtid>DOC</districtid><shiftid>3</shiftid><startdatetime>05082024 1500</startdatetime><enddatetime>05092024 0700</enddatetime><date>05082024</date></LoadFor><Table><apparatusid>2V00</apparatusid><startdatetime>05082024 2100</startdatetime><enddatetime>05092024 0700</enddatetime><personnelid>A22262</personnelid><radioid>6001565</radioid><vehicleid /></Table><Table><apparatusid>2V00</apparatusid><startdatetime>05082024 2100</startdatetime><enddatetime>05092024 0700</enddatetime><personnelid>A23601</personnelid><radioid>6002292</radioid><vehicleid /></Table><Table><apparatusid>2V00</apparatusid><startdatetime>05082024 2100</startdatetime><enddatetime>05092024 0700</enddatetime><personnelid>A23741</personnelid><radioid>6002281</radioid><vehicleid /></Table><Table><apparatusid>2V100</apparatusid><startdatetime>05082024 1500</startdatetime><enddatetime>05082024 2100</enddatetime><personnelid>A04969</personnelid><radioid>6001104</radioid><vehicleid /></Table><Table><apparatusid>2V100</apparatusid><startdatetime>05082024 2100</startdatetime><enddatetime>05092024 0100</enddatetime><personnelid>A04969</personnelid><radioid>6001104</radioid><vehicleid /></Table><Table><apparatusid>2V100</apparatusid><startdatetime>05082024 2100</startdatetime><enddatetime>05092024 0100</enddatetime><personnelid>A07671</personnelid><radioid>6000252</radioid><vehicleid /></Table><Table><apparatusid>2V100</apparatusid><startdatetime>05082024 2100</startdatetime><enddatetime>05092024 0100</enddatetime><personnelid>A22491</personnelid><radioid>6000764</radioid><vehicleid /></Table><Table><apparatusid>2V100</apparatusid><startdatetime>05092024 0100</startdatetime><enddatetime>05092024 0700</enddatetime><personnelid>A07671</personnelid><radioid>6000252</radioid><vehicleid /></Table><Table><apparatusid>2V100</apparatusid><startdatetime>05092024 0100</startdatetime><enddatetime>05092024 0700</enddatetime><personnelid>A22491</personnelid><radioid>6000764</radioid><vehicleid /></Table><Table><apparatusid>2V11</apparatusid><startdatetime>05082024 2100</startdatetime><enddatetime>05092024 0700</enddatetime><personnelid>A04702</personnelid><radioid>6001260</radioid><vehicleid /></Table></CADRosterView>