<CADRosterView><LoadFor><service>F</service><districtid>E42</districtid><shiftid>1</shiftid><startdatetime>05072024 0800</startdatetime><enddatetime>05082024 0800</enddatetime><date>05072024</date></LoadFor><Table><apparatusid>E42</apparatusid><startdatetime>05072024 0800</startdatetime><enddatetime>05082024 0800</enddatetime><personnelid>LI3191</personnelid><radioid /><vehicleid /></Table><Table><apparatusid>E42</apparatusid><startdatetime>05072024 0800</startdatetime><enddatetime>05082024 0800</enddatetime><personnelid>HU2314</personnelid><radioid /><vehicleid /></Table><Table><apparatusid>E42</apparatusid><startdatetime>05072024 0800</startdatetime><enddatetime>05082024 0800</enddatetime><personnelid>RI7356</personnelid><radioid /><vehicleid /></Table><Table><apparatusid>E42</apparatusid><startdatetime>05072024 0800</startdatetime><enddatetime>05082024 0800</enddatetime><personnelid>MA8269</personnelid><radioid /><vehicleid /></Table><Table><apparatusid>E42</apparatusid><startdatetime>05072024 0800</startdatetime><enddatetime>05082024 0800</enddatetime><personnelid>AT3449</personnelid><radioid /><vehicleid /></Table><Table><apparatusid>E42</apparatusid><startdatetime>05072024 0800</startdatetime><enddatetime>05082024 0800</enddatetime><personnelid>ZI3038</personnelid><radioid /><vehicleid /></Table></CADRosterView>