<CADRosterView><LoadFor><service>P</service><districtid>SOUT</districtid><shiftid>4</shiftid><startdatetime>05072024 0600</startdatetime><enddatetime>05072024 2200</enddatetime><date>05072024</date></LoadFor><Table><apparatusid>3B52A</apparatusid><startdatetime>05072024 0600</startdatetime><enddatetime>05072024 1100</enddatetime><personnelid>A07047</personnelid><radioid /><vehicleid /></Table><Table><apparatusid>3B52A</apparatusid><startdatetime>05072024 0600</startdatetime><enddatetime>05072024 1100</enddatetime><personnelid>A10334</personnelid><radioid /><vehicleid /></Table><Table><apparatusid>3B52B</apparatusid><startdatetime>05072024 0600</startdatetime><enddatetime>05072024 1800</enddatetime><personnelid>A23178</personnelid><radioid /><vehicleid /></Table><Table><apparatusid>3B52B</apparatusid><startdatetime>05072024 0600</startdatetime><enddatetime>05072024 1800</enddatetime><personnelid>A22877</personnelid><radioid /><vehicleid /></Table><Table><apparatusid>3B52C</apparatusid><startdatetime>05072024 0600</startdatetime><enddatetime>05072024 1800</enddatetime><personnelid>A22121</personnelid><radioid /><vehicleid /></Table><Table><apparatusid>3B52D</apparatusid><startdatetime>05072024 0800</startdatetime><enddatetime>05072024 1400</enddatetime><personnelid>A21074</personnelid><radioid /><vehicleid /></Table><Table><apparatusid>3B52E</apparatusid><startdatetime>05072024 0900</startdatetime><enddatetime>05072024 1500</enddatetime><personnelid>A23693</personnelid><radioid /><vehicleid /></Table><Table><apparatusid>3B53A</apparatusid><startdatetime>05072024 1500</startdatetime><enddatetime>05072024 1600</enddatetime><personnelid>A23191</personnelid><radioid /><vehicleid /></Table><Table><apparatusid>3B53A</apparatusid><startdatetime>05072024 1600</startdatetime><enddatetime>05072024 2100</enddatetime><personnelid>A23191</personnelid><radioid /><vehicleid /></Table><Table><apparatusid>3B53A</apparatusid><startdatetime>05072024 1600</startdatetime><enddatetime>05072024 2100</enddatetime><personnelid>A21103</personnelid><radioid /><vehicleid /></Table><Table><apparatusid>3B53B</apparatusid><startdatetime>05072024 1600</startdatetime><enddatetime>05072024 2100</enddatetime><personnelid>A06698</personnelid><radioid /><vehicleid /></Table><Table><apparatusid>3B53B</apparatusid><startdatetime>05072024 1600</startdatetime><enddatetime>05072024 2100</enddatetime><personnelid>A22483</personnelid><radioid /><vehicleid /></Table><Table><apparatusid>3B53B</apparatusid><startdatetime>05072024 2100</startdatetime><enddatetime>05072024 2200</enddatetime><personnelid>A22483</personnelid><radioid /><vehicleid /></Table><Table><apparatusid>3B53C</apparatusid><startdatetime>05072024 1600</startdatetime><enddatetime>05072024 2200</enddatetime><personnelid>A10854</personnelid><radioid /><vehicleid /></Table><Table><apparatusid>3B53C</apparatusid><startdatetime>05072024 1600</startdatetime><enddatetime>05072024 2200</enddatetime><personnelid>A10086</personnelid><radioid /><vehicleid /></Table><Table><apparatusid>3B53D</apparatusid><startdatetime>05072024 1600</startdatetime><enddatetime>05072024 2200</enddatetime><personnelid>A20696</personnelid><radioid /><vehicleid /></Table><Table><apparatusid>3B53E</apparatusid><startdatetime>05072024 1600</startdatetime><enddatetime>05072024 2200</enddatetime><personnelid>A21949</personnelid><radioid /><vehicleid /></Table><Table><apparatusid>3B53F</apparatusid><startdatetime>05072024 1600</startdatetime><enddatetime>05072024 2100</enddatetime><personnelid>A09960</personnelid><radioid /><vehicleid /></Table><Table><apparatusid>3B53G</apparatusid><startdatetime>05072024 1700</startdatetime><enddatetime>05072024 2200</enddatetime><personnelid>A07409</personnelid><radioid /><vehicleid /></Table></CADRosterView>