<CADRosterView><LoadFor><service>F</service><districtid>M580</districtid><shiftid>1</shiftid><startdatetime>05072024 0500</startdatetime><enddatetime>05082024 0430</enddatetime><date>05072024</date></LoadFor><Table><apparatusid>M580</apparatusid><startdatetime>05072024 0500</startdatetime><enddatetime>05072024 1500</enddatetime><personnelid>GE1330</personnelid><radioid /><vehicleid /></Table><Table><apparatusid>M580</apparatusid><startdatetime>05072024 0500</startdatetime><enddatetime>05072024 1500</enddatetime><personnelid>KI1963</personnelid><radioid /><vehicleid /></Table><Table><apparatusid>M580</apparatusid><startdatetime>05072024 1630</startdatetime><enddatetime>05082024 0430</enddatetime><personnelid>DA3472</personnelid><radioid /><vehicleid /></Table><Table><apparatusid>M580</apparatusid><startdatetime>05072024 1630</startdatetime><enddatetime>05082024 0430</enddatetime><personnelid>FA6340</personnelid><radioid /><vehicleid /></Table></CADRosterView>