<CADRosterView><LoadFor><service>F</service><districtid>B09</districtid><shiftid>1</shiftid><startdatetime>05072024 0800</startdatetime><enddatetime>05082024 0800</enddatetime><date>05072024</date></LoadFor><Table><apparatusid>B09</apparatusid><startdatetime>05072024 0800</startdatetime><enddatetime>05082024 0800</enddatetime><personnelid>DA4388</personnelid><radioid /><vehicleid /></Table><Table><apparatusid>B09</apparatusid><startdatetime>05072024 0800</startdatetime><enddatetime>05082024 0800</enddatetime><personnelid>DA0719</personnelid><radioid /><vehicleid /></Table></CADRosterView>