<CADRosterView><LoadFor><service>P</service><districtid>TACT</districtid><shiftid>1</shiftid><startdatetime>05082024 0600</startdatetime><enddatetime>05082024 2200</enddatetime><date>05082024</date></LoadFor><Table><apparatusid>4T00</apparatusid><startdatetime>05082024 0900</startdatetime><enddatetime>05082024 1700</enddatetime><personnelid>A23911</personnelid><radioid /><vehicleid /></Table><Table><apparatusid>4T101</apparatusid><startdatetime>05082024 1200</startdatetime><enddatetime>05082024 2200</enddatetime><personnelid>A08320</personnelid><radioid>6002421</radioid><vehicleid>B1246</vehicleid></Table><Table><apparatusid>4T102</apparatusid><startdatetime>05082024 1200</startdatetime><enddatetime>05082024 2200</enddatetime><personnelid>A11397</personnelid><radioid>6002523</radioid><vehicleid>B1132</vehicleid></Table><Table><apparatusid>4T103</apparatusid><startdatetime>05082024 1200</startdatetime><enddatetime>05082024 2200</enddatetime><personnelid>A10001</personnelid><radioid>6002427</radioid><vehicleid /></Table><Table><apparatusid>4T104</apparatusid><startdatetime>05082024 1200</startdatetime><enddatetime>05082024 2200</enddatetime><personnelid>A10110</personnelid><radioid>6002416</radioid><vehicleid>B1220</vehicleid></Table><Table><apparatusid>4T1D</apparatusid><startdatetime>05082024 1200</startdatetime><enddatetime>05082024 2200</enddatetime><personnelid>A20355</personnelid><radioid>6002435</radioid><vehicleid /></Table><Table><apparatusid>4T1E</apparatusid><startdatetime>05082024 1200</startdatetime><enddatetime>05082024 2200</enddatetime><personnelid>A10191</personnelid><radioid>6002522</radioid><vehicleid /></Table><Table><apparatusid>4T1G</apparatusid><startdatetime>05082024 1200</startdatetime><enddatetime>05082024 2200</enddatetime><personnelid>A21726</personnelid><radioid>6002390</radioid><vehicleid /></Table><Table><apparatusid>4T1I</apparatusid><startdatetime>05082024 1200</startdatetime><enddatetime>05082024 2200</enddatetime><personnelid>A22558</personnelid><radioid>52085</radioid><vehicleid /></Table><Table><apparatusid>4T201</apparatusid><startdatetime>05082024 1200</startdatetime><enddatetime>05082024 2200</enddatetime><personnelid>A06573</personnelid><radioid>1167</radioid><vehicleid>C1122</vehicleid></Table><Table><apparatusid>4T202</apparatusid><startdatetime>05082024 1200</startdatetime><enddatetime>05082024 2200</enddatetime><personnelid>A09737</personnelid><radioid>6001860</radioid><vehicleid /></Table><Table><apparatusid>4T2A</apparatusid><startdatetime>05082024 1200</startdatetime><enddatetime>05082024 2200</enddatetime><personnelid>A10345</personnelid><radioid>6002399</radioid><vehicleid>B1115</vehicleid></Table><Table><apparatusid>4T2B</apparatusid><startdatetime>05082024 1200</startdatetime><enddatetime>05082024 2200</enddatetime><personnelid>A21704</personnelid><radioid>6002510</radioid><vehicleid>B1115</vehicleid></Table><Table><apparatusid>4T2E</apparatusid><startdatetime>05082024 1200</startdatetime><enddatetime>05082024 2200</enddatetime><personnelid>A22362</personnelid><radioid>6002397</radioid><vehicleid>BW108</vehicleid></Table><Table><apparatusid>4T3B</apparatusid><startdatetime>05082024 1200</startdatetime><enddatetime>05082024 2200</enddatetime><personnelid>A20089</personnelid><radioid>6002437</radioid><vehicleid /></Table><Table><apparatusid>4T3C</apparatusid><startdatetime>05082024 1200</startdatetime><enddatetime>05082024 2200</enddatetime><personnelid>A20986</personnelid><radioid>6002436</radioid><vehicleid /></Table><Table><apparatusid>4T3G</apparatusid><startdatetime>05082024 1200</startdatetime><enddatetime>05082024 2200</enddatetime><personnelid>A22585</personnelid><radioid>6002454</radioid><vehicleid /></Table><Table><apparatusid>4T4A</apparatusid><startdatetime>05082024 1200</startdatetime><enddatetime>05082024 2200</enddatetime><personnelid>A21833</personnelid><radioid>6002389</radioid><vehicleid /></Table><Table><apparatusid>4T4B</apparatusid><startdatetime>05082024 1200</startdatetime><enddatetime>05082024 2200</enddatetime><personnelid>A22058</personnelid><radioid>6001346</radioid><vehicleid /></Table><Table><apparatusid>4T4E</apparatusid><startdatetime>05082024 1200</startdatetime><enddatetime>05082024 2200</enddatetime><personnelid>A10077</personnelid><radioid>6002532</radioid><vehicleid /></Table><Table><apparatusid>4T4F</apparatusid><startdatetime>05082024 1200</startdatetime><enddatetime>05082024 2200</enddatetime><personnelid>A10759</personnelid><radioid>6002426</radioid><vehicleid /></Table><Table><apparatusid>4T4G</apparatusid><startdatetime>05082024 1200</startdatetime><enddatetime>05082024 2200</enddatetime><personnelid>A21699</personnelid><radioid>6002521</radioid><vehicleid>B1132</vehicleid></Table><Table><apparatusid>4T84</apparatusid><startdatetime>05082024 0600</startdatetime><enddatetime>05082024 1600</enddatetime><personnelid>A07402</personnelid><radioid>6002538</radioid><vehicleid /></Table><Table><apparatusid>4T86</apparatusid><startdatetime>05082024 0600</startdatetime><enddatetime>05082024 1600</enddatetime><personnelid>A09878</personnelid><radioid>6002418</radioid><vehicleid /></Table><Table><apparatusid>4T87</apparatusid><startdatetime>05082024 0600</startdatetime><enddatetime>05082024 1600</enddatetime><personnelid>A10315</personnelid><radioid>6002540</radioid><vehicleid /></Table><Table><apparatusid>4T88</apparatusid><startdatetime>05082024 0700</startdatetime><enddatetime>05082024 1700</enddatetime><personnelid>A01537</personnelid><radioid>6002428</radioid><vehicleid /></Table></CADRosterView>