<CADRosterView><LoadFor><service>P</service><districtid>NORT</districtid><shiftid>3</shiftid><startdatetime>05072024 1500</startdatetime><enddatetime>05082024 0700</enddatetime><date>05072024</date></LoadFor><Table><apparatusid>3E108</apparatusid><startdatetime>05072024 1500</startdatetime><enddatetime>05082024 0100</enddatetime><personnelid>A10679</personnelid><radioid>6000310</radioid><vehicleid>B011</vehicleid></Table><Table><apparatusid>3E109</apparatusid><startdatetime>05072024 2100</startdatetime><enddatetime>05082024 0700</enddatetime><personnelid>A05345</personnelid><radioid>6001018</radioid><vehicleid /></Table><Table><apparatusid>3E110</apparatusid><startdatetime>05072024 2100</startdatetime><enddatetime>05082024 0700</enddatetime><personnelid>A10872</personnelid><radioid>6000993</radioid><vehicleid>B1221</vehicleid></Table><Table><apparatusid>3E114</apparatusid><startdatetime>05072024 1500</startdatetime><enddatetime>05082024 0100</enddatetime><personnelid>A04971</personnelid><radioid>6001024</radioid><vehicleid /></Table><Table><apparatusid>3E12D</apparatusid><startdatetime>05072024 1500</startdatetime><enddatetime>05082024 0100</enddatetime><personnelid>A23586</personnelid><radioid>6002312</radioid><vehicleid /></Table><Table><apparatusid>3E12D</apparatusid><startdatetime>05072024 1500</startdatetime><enddatetime>05082024 0100</enddatetime><personnelid>A23773</personnelid><radioid>6002261</radioid><vehicleid /></Table><Table><apparatusid>3E12D</apparatusid><startdatetime>05072024 1500</startdatetime><enddatetime>05082024 0100</enddatetime><personnelid>A23593</personnelid><radioid /><vehicleid /></Table><Table><apparatusid>3E13D</apparatusid><startdatetime>05072024 1500</startdatetime><enddatetime>05082024 0100</enddatetime><personnelid>A22576</personnelid><radioid>6001835</radioid><vehicleid>B1298</vehicleid></Table><Table><apparatusid>3E13D</apparatusid><startdatetime>05072024 1500</startdatetime><enddatetime>05082024 0100</enddatetime><personnelid>A22555</personnelid><radioid>6001816</radioid><vehicleid>B1298</vehicleid></Table><Table><apparatusid>3E13E</apparatusid><startdatetime>05072024 2100</startdatetime><enddatetime>05082024 0700</enddatetime><personnelid>A23660</personnelid><radioid>6000990</radioid><vehicleid>B1206</vehicleid></Table><Table><apparatusid>3E13E</apparatusid><startdatetime>05072024 2100</startdatetime><enddatetime>05082024 0700</enddatetime><personnelid>A24238</personnelid><radioid>6001286</radioid><vehicleid>B1206</vehicleid></Table><Table><apparatusid>3E13E</apparatusid><startdatetime>05072024 2100</startdatetime><enddatetime>05082024 0700</enddatetime><personnelid>A23717</personnelid><radioid>6002348</radioid><vehicleid>B1206</vehicleid></Table><Table><apparatusid>3E14D</apparatusid><startdatetime>05072024 1500</startdatetime><enddatetime>05082024 0100</enddatetime><personnelid>A21522</personnelid><radioid>6000567</radioid><vehicleid>BW106</vehicleid></Table><Table><apparatusid>3E14D</apparatusid><startdatetime>05072024 1500</startdatetime><enddatetime>05082024 0100</enddatetime><personnelid>A21613</personnelid><radioid>6000418</radioid><vehicleid>BW106</vehicleid></Table><Table><apparatusid>3E14E</apparatusid><startdatetime>05072024 2100</startdatetime><enddatetime>05082024 0700</enddatetime><personnelid>A24309</personnelid><radioid>6000349</radioid><vehicleid /></Table><Table><apparatusid>3E14E</apparatusid><startdatetime>05072024 2100</startdatetime><enddatetime>05082024 0700</enddatetime><personnelid>A21945</personnelid><radioid>6000335</radioid><vehicleid /></Table><Table><apparatusid>3E15D</apparatusid><startdatetime>05072024 1500</startdatetime><enddatetime>05082024 0100</enddatetime><personnelid>A09879</personnelid><radioid>6000998</radioid><vehicleid>B1238</vehicleid></Table><Table><apparatusid>3E15D</apparatusid><startdatetime>05072024 1500</startdatetime><enddatetime>05082024 0100</enddatetime><personnelid>A10112</personnelid><radioid>6000994</radioid><vehicleid>B1238</vehicleid></Table><Table><apparatusid>3E15E</apparatusid><startdatetime>05072024 2100</startdatetime><enddatetime>05082024 0700</enddatetime><personnelid>A21523</personnelid><radioid>6001017</radioid><vehicleid /></Table><Table><apparatusid>3E15E</apparatusid><startdatetime>05072024 2100</startdatetime><enddatetime>05082024 0700</enddatetime><personnelid>A07673</personnelid><radioid>1243</radioid><vehicleid /></Table><Table><apparatusid>3E16D</apparatusid><startdatetime>05072024 1500</startdatetime><enddatetime>05082024 0100</enddatetime><personnelid>A20694</personnelid><radioid>6000930</radioid><vehicleid /></Table><Table><apparatusid>3E16D</apparatusid><startdatetime>05072024 1500</startdatetime><enddatetime>05082024 0100</enddatetime><personnelid>A23604</personnelid><radioid>6002303</radioid><vehicleid /></Table><Table><apparatusid>3E16D</apparatusid><startdatetime>05072024 1500</startdatetime><enddatetime>05082024 0100</enddatetime><personnelid>A21394</personnelid><radioid>6000902</radioid><vehicleid /></Table><Table><apparatusid>3E16E</apparatusid><startdatetime>05072024 2100</startdatetime><enddatetime>05082024 0700</enddatetime><personnelid>A22566</personnelid><radioid>6000781</radioid><vehicleid /></Table><Table><apparatusid>3E16E</apparatusid><startdatetime>05072024 2100</startdatetime><enddatetime>05082024 0700</enddatetime><personnelid>A23589</personnelid><radioid>6002314</radioid><vehicleid /></Table><Table><apparatusid>3E203</apparatusid><startdatetime>05072024 1500</startdatetime><enddatetime>05082024 0100</enddatetime><personnelid>A06158</personnelid><radioid>6001227</radioid><vehicleid>BW127</vehicleid></Table><Table><apparatusid>3E30</apparatusid><startdatetime>05072024 2100</startdatetime><enddatetime>05082024 0700</enddatetime><personnelid>A09705</personnelid><radioid>6001141</radioid><vehicleid /></Table></CADRosterView>