<CADRosterView><LoadFor><service>P</service><districtid>CED</districtid><shiftid>2</shiftid><startdatetime>05082024 0600</startdatetime><enddatetime>05082024 2000</enddatetime><date>05082024</date></LoadFor><Table><apparatusid>3L105</apparatusid><startdatetime>05082024 1000</startdatetime><enddatetime>05082024 2000</enddatetime><personnelid>A08068</personnelid><radioid>51626</radioid><vehicleid /></Table><Table><apparatusid>3L2</apparatusid><startdatetime>05082024 0600</startdatetime><enddatetime>05082024 1600</enddatetime><personnelid>A11402</personnelid><radioid>6001440</radioid><vehicleid /></Table><Table><apparatusid>3L200</apparatusid><startdatetime>05082024 0800</startdatetime><enddatetime>05082024 1600</enddatetime><personnelid>A04674</personnelid><radioid>6002200</radioid><vehicleid /></Table><Table><apparatusid>3L3</apparatusid><startdatetime>05082024 0600</startdatetime><enddatetime>05082024 1600</enddatetime><personnelid>A21157</personnelid><radioid>6001425</radioid><vehicleid /></Table><Table><apparatusid>AMB17</apparatusid><startdatetime>05082024 1000</startdatetime><enddatetime>05082024 2000</enddatetime><personnelid>A01018</personnelid><radioid /><vehicleid /></Table><Table><apparatusid>AMB17</apparatusid><startdatetime>05082024 1000</startdatetime><enddatetime>05082024 2000</enddatetime><personnelid>A06854</personnelid><radioid /><vehicleid /></Table><Table><apparatusid>AMB26</apparatusid><startdatetime>05082024 1000</startdatetime><enddatetime>05082024 2000</enddatetime><personnelid>A01189</personnelid><radioid /><vehicleid /></Table><Table><apparatusid>AMB26</apparatusid><startdatetime>05082024 1000</startdatetime><enddatetime>05082024 2000</enddatetime><personnelid>A00672</personnelid><radioid /><vehicleid /></Table><Table><apparatusid>AMB6</apparatusid><startdatetime>05082024 1000</startdatetime><enddatetime>05082024 2000</enddatetime><personnelid>A00968</personnelid><radioid /><vehicleid /></Table></CADRosterView>