<CADRosterView><LoadFor><service>P</service><districtid>RICH</districtid><shiftid>3</shiftid><startdatetime>05082024 1430</startdatetime><enddatetime>05092024 0700</enddatetime><date>05082024</date></LoadFor><Table><apparatusid>3G13D</apparatusid><startdatetime>05082024 1500</startdatetime><enddatetime>05082024 2300</enddatetime><personnelid>A21807</personnelid><radioid>6001711</radioid><vehicleid>BW092</vehicleid></Table><Table><apparatusid>3G103</apparatusid><startdatetime>05082024 2100</startdatetime><enddatetime>05092024 0700</enddatetime><personnelid>A10367</personnelid><radioid>6001506</radioid><vehicleid>B1120</vehicleid></Table><Table><apparatusid>3G105</apparatusid><startdatetime>05082024 1430</startdatetime><enddatetime>05092024 0030</enddatetime><personnelid>A09730</personnelid><radioid>6001486</radioid><vehicleid>E319</vehicleid></Table><Table><apparatusid>3G106</apparatusid><startdatetime>05082024 2100</startdatetime><enddatetime>05092024 0700</enddatetime><personnelid>A09988</personnelid><radioid>6001338</radioid><vehicleid>B590</vehicleid></Table><Table><apparatusid>3G111</apparatusid><startdatetime>05082024 1430</startdatetime><enddatetime>05092024 0030</enddatetime><personnelid>A09966</personnelid><radioid>6001800</radioid><vehicleid>BW138</vehicleid></Table><Table><apparatusid>3G117</apparatusid><startdatetime>05082024 2030</startdatetime><enddatetime>05092024 0630</enddatetime><personnelid>A07462</personnelid><radioid>6001323</radioid><vehicleid>B001</vehicleid></Table><Table><apparatusid>3G118</apparatusid><startdatetime>05082024 1430</startdatetime><enddatetime>05092024 0030</enddatetime><personnelid>A20714</personnelid><radioid>6001345</radioid><vehicleid>BW077</vehicleid></Table><Table><apparatusid>3G11D</apparatusid><startdatetime>05082024 1500</startdatetime><enddatetime>05092024 0100</enddatetime><personnelid>A22419</personnelid><radioid>6001204</radioid><vehicleid>BW062</vehicleid></Table><Table><apparatusid>3G11D</apparatusid><startdatetime>05082024 1500</startdatetime><enddatetime>05092024 0100</enddatetime><personnelid>A22073</personnelid><radioid>6001553</radioid><vehicleid>BW062</vehicleid></Table><Table><apparatusid>3G11E</apparatusid><startdatetime>05082024 2100</startdatetime><enddatetime>05092024 0700</enddatetime><personnelid>A23590</personnelid><radioid>6002313</radioid><vehicleid>B1282</vehicleid></Table><Table><apparatusid>3G11E</apparatusid><startdatetime>05082024 2100</startdatetime><enddatetime>05092024 0700</enddatetime><personnelid>A23617</personnelid><radioid>6002279</radioid><vehicleid>B1282</vehicleid></Table><Table><apparatusid>3G11E</apparatusid><startdatetime>05082024 2100</startdatetime><enddatetime>05092024 0700</enddatetime><personnelid>A23584</personnelid><radioid>6002360</radioid><vehicleid>B1282</vehicleid></Table><Table><apparatusid>3G12D</apparatusid><startdatetime>05082024 1500</startdatetime><enddatetime>05092024 0100</enddatetime><personnelid>A21694</personnelid><radioid /><vehicleid>BW072</vehicleid></Table><Table><apparatusid>3G12D</apparatusid><startdatetime>05082024 1500</startdatetime><enddatetime>05092024 0100</enddatetime><personnelid>A20688</personnelid><radioid>6001142</radioid><vehicleid>BW072</vehicleid></Table><Table><apparatusid>3G12E</apparatusid><startdatetime>05082024 2100</startdatetime><enddatetime>05092024 0700</enddatetime><personnelid>A22880</personnelid><radioid>6002035</radioid><vehicleid /></Table><Table><apparatusid>3G12E</apparatusid><startdatetime>05082024 2100</startdatetime><enddatetime>05092024 0700</enddatetime><personnelid>A23996</personnelid><radioid>6000356</radioid><vehicleid /></Table><Table><apparatusid>3G13D</apparatusid><startdatetime>05082024 1500</startdatetime><enddatetime>05092024 0100</enddatetime><personnelid>A21796</personnelid><radioid>6001709</radioid><vehicleid>BW092</vehicleid></Table><Table><apparatusid>3G13E</apparatusid><startdatetime>05082024 2100</startdatetime><enddatetime>05092024 0700</enddatetime><personnelid>A22096</personnelid><radioid>6001784</radioid><vehicleid /></Table><Table><apparatusid>3G13E</apparatusid><startdatetime>05082024 2100</startdatetime><enddatetime>05092024 0700</enddatetime><personnelid>A24304</personnelid><radioid /><vehicleid /></Table><Table><apparatusid>3G14D</apparatusid><startdatetime>05082024 1500</startdatetime><enddatetime>05092024 0100</enddatetime><personnelid>A22129</personnelid><radioid>6000642</radioid><vehicleid>BW105</vehicleid></Table><Table><apparatusid>3G14D</apparatusid><startdatetime>05082024 1500</startdatetime><enddatetime>05092024 0100</enddatetime><personnelid>A22273</personnelid><radioid>6001576</radioid><vehicleid>BW105</vehicleid></Table><Table><apparatusid>3G14E</apparatusid><startdatetime>05082024 2100</startdatetime><enddatetime>05092024 0700</enddatetime><personnelid>A21708</personnelid><radioid>6001525</radioid><vehicleid /></Table><Table><apparatusid>3G14E</apparatusid><startdatetime>05082024 2100</startdatetime><enddatetime>05092024 0700</enddatetime><personnelid>A22717</personnelid><radioid>6001607</radioid><vehicleid /></Table><Table><apparatusid>3G15D</apparatusid><startdatetime>05082024 1500</startdatetime><enddatetime>05092024 0100</enddatetime><personnelid>A24914</personnelid><radioid>6002569</radioid><vehicleid>BW044</vehicleid></Table><Table><apparatusid>3G15D</apparatusid><startdatetime>05082024 1500</startdatetime><enddatetime>05092024 0100</enddatetime><personnelid>A21392</personnelid><radioid>6001278</radioid><vehicleid>BW044</vehicleid></Table><Table><apparatusid>3G15E</apparatusid><startdatetime>05082024 2100</startdatetime><enddatetime>05092024 0700</enddatetime><personnelid>A24395</personnelid><radioid>6001311</radioid><vehicleid>B1260</vehicleid></Table><Table><apparatusid>3G15E</apparatusid><startdatetime>05082024 2100</startdatetime><enddatetime>05092024 0700</enddatetime><personnelid>A22572</personnelid><radioid>6002198</radioid><vehicleid>B1260</vehicleid></Table><Table><apparatusid>3G202</apparatusid><startdatetime>05082024 1430</startdatetime><enddatetime>05092024 0030</enddatetime><personnelid>A03246</personnelid><radioid>6000880</radioid><vehicleid>BW183</vehicleid></Table><Table><apparatusid>3G204</apparatusid><startdatetime>05082024 1430</startdatetime><enddatetime>05092024 0030</enddatetime><personnelid>A05013</personnelid><radioid>6000266</radioid><vehicleid>BW183</vehicleid></Table><Table><apparatusid>3G43</apparatusid><startdatetime>05082024 2100</startdatetime><enddatetime>05092024 0000</enddatetime><personnelid>A03032</personnelid><radioid>6001364</radioid><vehicleid /></Table><Table><apparatusid>3G60</apparatusid><startdatetime>05082024 1500</startdatetime><enddatetime>05092024 0100</enddatetime><personnelid>A20775</personnelid><radioid>6000681</radioid><vehicleid>B590</vehicleid></Table><Table><apparatusid>3G90</apparatusid><startdatetime>05082024 1500</startdatetime><enddatetime>05092024 0100</enddatetime><personnelid>A09471</personnelid><radioid>6001315</radioid><vehicleid /></Table><Table><apparatusid>3G90</apparatusid><startdatetime>05082024 1500</startdatetime><enddatetime>05092024 0100</enddatetime><personnelid>A20846</personnelid><radioid>6001182</radioid><vehicleid /></Table><Table><apparatusid>3G91</apparatusid><startdatetime>05082024 2100</startdatetime><enddatetime>05092024 0700</enddatetime><personnelid>A23048</personnelid><radioid>6002084</radioid><vehicleid /></Table><Table><apparatusid>3G91</apparatusid><startdatetime>05082024 2100</startdatetime><enddatetime>05092024 0700</enddatetime><personnelid>A23978</personnelid><radioid>6002119</radioid><vehicleid /></Table><Table><apparatusid>3GSD</apparatusid><startdatetime>05082024 1500</startdatetime><enddatetime>05082024 2100</enddatetime><personnelid>A20287</personnelid><radioid /><vehicleid /></Table><Table><apparatusid>3GSD</apparatusid><startdatetime>05082024 2100</startdatetime><enddatetime>05092024 0100</enddatetime><personnelid>A20287</personnelid><radioid /><vehicleid /></Table><Table><apparatusid>3GSD</apparatusid><startdatetime>05082024 2100</startdatetime><enddatetime>05092024 0100</enddatetime><personnelid>A20814</personnelid><radioid>6001843</radioid><vehicleid /></Table><Table><apparatusid>3GSD</apparatusid><startdatetime>05092024 0100</startdatetime><enddatetime>05092024 0700</enddatetime><personnelid>A20814</personnelid><radioid>6001843</radioid><vehicleid /></Table><Table><apparatusid>3GSK</apparatusid><startdatetime>05082024 1500</startdatetime><enddatetime>05092024 0000</enddatetime><personnelid>A10335</personnelid><radioid /><vehicleid /></Table><Table><apparatusid>3GSK</apparatusid><startdatetime>05092024 0000</startdatetime><enddatetime>05092024 0100</enddatetime><personnelid>A10335</personnelid><radioid>6001643</radioid><vehicleid /></Table><Table><apparatusid>3GSK</apparatusid><startdatetime>05092024 0000</startdatetime><enddatetime>05092024 0100</enddatetime><personnelid>A03032</personnelid><radioid>6001364</radioid><vehicleid /></Table></CADRosterView>