<CADRosterView><LoadFor><service>P</service><districtid>CSI</districtid><shiftid>1</shiftid><startdatetime>05082024 1400</startdatetime><enddatetime>05092024 0000</enddatetime><date>05092024</date></LoadFor><Table><apparatusid>5L4</apparatusid><startdatetime>05082024 1400</startdatetime><enddatetime>05092024 0000</enddatetime><personnelid>A21561</personnelid><radioid>6001293</radioid><vehicleid /></Table><Table><apparatusid>5L52</apparatusid><startdatetime>05082024 1400</startdatetime><enddatetime>05092024 0000</enddatetime><personnelid>A09485</personnelid><radioid>6001786</radioid><vehicleid /></Table></CADRosterView>