<CADRosterView><LoadFor><service>F</service><districtid>M573</districtid><shiftid>1</shiftid><startdatetime>05072024 0630</startdatetime><enddatetime>05082024 0600</enddatetime><date>05072024</date></LoadFor><Table><apparatusid>M573</apparatusid><startdatetime>05072024 0630</startdatetime><enddatetime>05072024 1630</enddatetime><personnelid>HA1757</personnelid><radioid /><vehicleid /></Table><Table><apparatusid>M573</apparatusid><startdatetime>05072024 0630</startdatetime><enddatetime>05072024 1630</enddatetime><personnelid>HE1595</personnelid><radioid /><vehicleid /></Table><Table><apparatusid>M573</apparatusid><startdatetime>05072024 1800</startdatetime><enddatetime>05082024 0600</enddatetime><personnelid>AN1458</personnelid><radioid /><vehicleid /></Table><Table><apparatusid>M573</apparatusid><startdatetime>05072024 1800</startdatetime><enddatetime>05082024 0600</enddatetime><personnelid>GU1002</personnelid><radioid /><vehicleid /></Table></CADRosterView>