<CADRosterView><LoadFor><service>P</service><districtid>COS</districtid><shiftid>2</shiftid><startdatetime>05072024 0700</startdatetime><enddatetime>05072024 1800</enddatetime><date>05072024</date></LoadFor><Table><apparatusid>1A101</apparatusid><startdatetime>05072024 0700</startdatetime><enddatetime>05072024 1700</enddatetime><personnelid>A09294</personnelid><radioid>6000008</radioid><vehicleid /></Table><Table><apparatusid>1A103</apparatusid><startdatetime>05072024 0800</startdatetime><enddatetime>05072024 1800</enddatetime><personnelid>A09164</personnelid><radioid>6001869</radioid><vehicleid /></Table><Table><apparatusid>1A121</apparatusid><startdatetime>05072024 0700</startdatetime><enddatetime>05072024 1700</enddatetime><personnelid>A20973</personnelid><radioid>6001199</radioid><vehicleid /></Table></CADRosterView>