<CADRosterView><LoadFor><service>F</service><districtid>M594</districtid><shiftid>1</shiftid><startdatetime>05072024 0430</startdatetime><enddatetime>05072024 1630</enddatetime><date>05072024</date></LoadFor><Table><apparatusid>M594</apparatusid><startdatetime>05072024 0430</startdatetime><enddatetime>05072024 1630</enddatetime><personnelid>CA3790</personnelid><radioid /><vehicleid /></Table><Table><apparatusid>M594</apparatusid><startdatetime>05072024 0430</startdatetime><enddatetime>05072024 1630</enddatetime><personnelid>GR5234</personnelid><radioid /><vehicleid /></Table></CADRosterView>