<CADRosterView><LoadFor><service>P</service><districtid>SVU</districtid><shiftid>2</shiftid><startdatetime>05082024 0400</startdatetime><enddatetime>05082024 2000</enddatetime><date>05082024</date></LoadFor><Table><apparatusid>5W101</apparatusid><startdatetime>05082024 0600</startdatetime><enddatetime>05082024 1600</enddatetime><personnelid>A21077</personnelid><radioid>6001381</radioid><vehicleid /></Table><Table><apparatusid>5W103</apparatusid><startdatetime>05082024 0800</startdatetime><enddatetime>05082024 1800</enddatetime><personnelid>A00827</personnelid><radioid>6000010</radioid><vehicleid /></Table><Table><apparatusid>5W106</apparatusid><startdatetime>05082024 0600</startdatetime><enddatetime>05082024 1600</enddatetime><personnelid>A20303</personnelid><radioid>6001186</radioid><vehicleid /></Table><Table><apparatusid>5W107</apparatusid><startdatetime>05082024 0600</startdatetime><enddatetime>05082024 1600</enddatetime><personnelid>A05997</personnelid><radioid>6000023</radioid><vehicleid /></Table><Table><apparatusid>5W108</apparatusid><startdatetime>05082024 0500</startdatetime><enddatetime>05082024 1500</enddatetime><personnelid>A07034</personnelid><radioid>6000017</radioid><vehicleid /></Table><Table><apparatusid>5W111</apparatusid><startdatetime>05082024 0600</startdatetime><enddatetime>05082024 1600</enddatetime><personnelid>A09960</personnelid><radioid>6000754</radioid><vehicleid /></Table><Table><apparatusid>5W112</apparatusid><startdatetime>05082024 0600</startdatetime><enddatetime>05082024 1600</enddatetime><personnelid>A10212</personnelid><radioid>6000030</radioid><vehicleid /></Table><Table><apparatusid>5W114</apparatusid><startdatetime>05082024 1000</startdatetime><enddatetime>05082024 1800</enddatetime><personnelid>A00521</personnelid><radioid>6000016</radioid><vehicleid /></Table><Table><apparatusid>5W117</apparatusid><startdatetime>05082024 0600</startdatetime><enddatetime>05082024 1600</enddatetime><personnelid>A09469</personnelid><radioid>6000960</radioid><vehicleid /></Table><Table><apparatusid>5W118</apparatusid><startdatetime>05082024 0600</startdatetime><enddatetime>05082024 1600</enddatetime><personnelid>A10765</personnelid><radioid>6001533</radioid><vehicleid /></Table><Table><apparatusid>5W120</apparatusid><startdatetime>05082024 0600</startdatetime><enddatetime>05082024 1600</enddatetime><personnelid>A20850</personnelid><radioid>6001456</radioid><vehicleid /></Table><Table><apparatusid>5W122</apparatusid><startdatetime>05082024 0600</startdatetime><enddatetime>05082024 1600</enddatetime><personnelid>A11394</personnelid><radioid>6001382</radioid><vehicleid /></Table><Table><apparatusid>5W125</apparatusid><startdatetime>05082024 0400</startdatetime><enddatetime>05082024 1400</enddatetime><personnelid>A07048</personnelid><radioid>6000012</radioid><vehicleid /></Table><Table><apparatusid>5W126</apparatusid><startdatetime>05082024 0600</startdatetime><enddatetime>05082024 1600</enddatetime><personnelid>A20849</personnelid><radioid>6000660</radioid><vehicleid /></Table><Table><apparatusid>5W128</apparatusid><startdatetime>05082024 0500</startdatetime><enddatetime>05082024 1500</enddatetime><personnelid>A10095</personnelid><radioid>6000055</radioid><vehicleid /></Table><Table><apparatusid>5W130</apparatusid><startdatetime>05082024 0900</startdatetime><enddatetime>05082024 1900</enddatetime><personnelid>A10957</personnelid><radioid>6001964</radioid><vehicleid /></Table><Table><apparatusid>5W132</apparatusid><startdatetime>05082024 0730</startdatetime><enddatetime>05082024 1730</enddatetime><personnelid>A04954</personnelid><radioid>6002184</radioid><vehicleid /></Table><Table><apparatusid>5W133</apparatusid><startdatetime>05082024 0600</startdatetime><enddatetime>05082024 1600</enddatetime><personnelid>A09472</personnelid><radioid>6001708</radioid><vehicleid /></Table><Table><apparatusid>5W135</apparatusid><startdatetime>05082024 0600</startdatetime><enddatetime>05082024 1600</enddatetime><personnelid>A10086</personnelid><radioid>6000621</radioid><vehicleid /></Table><Table><apparatusid>5W136</apparatusid><startdatetime>05082024 0600</startdatetime><enddatetime>05082024 1600</enddatetime><personnelid>A20307</personnelid><radioid>6001211</radioid><vehicleid /></Table><Table><apparatusid>5W137</apparatusid><startdatetime>05082024 1000</startdatetime><enddatetime>05082024 2000</enddatetime><personnelid>A08826</personnelid><radioid>6000020</radioid><vehicleid /></Table><Table><apparatusid>5W138</apparatusid><startdatetime>05082024 0600</startdatetime><enddatetime>05082024 1600</enddatetime><personnelid>A10886</personnelid><radioid>6000120</radioid><vehicleid /></Table><Table><apparatusid>5W139</apparatusid><startdatetime>05082024 0400</startdatetime><enddatetime>05082024 1400</enddatetime><personnelid>A10851</personnelid><radioid>6000019</radioid><vehicleid /></Table><Table><apparatusid>5W140</apparatusid><startdatetime>05082024 0600</startdatetime><enddatetime>05082024 1600</enddatetime><personnelid>A22593</personnelid><radioid>6001912</radioid><vehicleid /></Table><Table><apparatusid>5W141</apparatusid><startdatetime>05082024 0600</startdatetime><enddatetime>05082024 1600</enddatetime><personnelid>A10350</personnelid><radioid>52169</radioid><vehicleid /></Table><Table><apparatusid>5W143</apparatusid><startdatetime>05082024 0600</startdatetime><enddatetime>05082024 1600</enddatetime><personnelid>A21081</personnelid><radioid>6001429</radioid><vehicleid /></Table><Table><apparatusid>5W145</apparatusid><startdatetime>05082024 0600</startdatetime><enddatetime>05082024 1600</enddatetime><personnelid>A10351</personnelid><radioid>6001671</radioid><vehicleid /></Table><Table><apparatusid>5W146</apparatusid><startdatetime>05082024 0600</startdatetime><enddatetime>05082024 1600</enddatetime><personnelid>A05993</personnelid><radioid>6000014</radioid><vehicleid /></Table><Table><apparatusid>5W152</apparatusid><startdatetime>05082024 0600</startdatetime><enddatetime>05082024 1600</enddatetime><personnelid>A20773</personnelid><radioid>6001454</radioid><vehicleid /></Table><Table><apparatusid>5W153</apparatusid><startdatetime>05082024 0600</startdatetime><enddatetime>05082024 1600</enddatetime><personnelid>A09704</personnelid><radioid>6002137</radioid><vehicleid /></Table><Table><apparatusid>5W155</apparatusid><startdatetime>05082024 0600</startdatetime><enddatetime>05082024 1600</enddatetime><personnelid>A08853</personnelid><radioid>6001845</radioid><vehicleid /></Table><Table><apparatusid>5W159</apparatusid><startdatetime>05082024 1000</startdatetime><enddatetime>05082024 2000</enddatetime><personnelid>A10217</personnelid><radioid>6001340</radioid><vehicleid /></Table><Table><apparatusid>5W203</apparatusid><startdatetime>05082024 0700</startdatetime><enddatetime>05082024 1500</enddatetime><personnelid>A09638</personnelid><radioid>6001009</radioid><vehicleid /></Table></CADRosterView>