<CADRosterView><LoadFor><service>P</service><districtid>ADMN</districtid><shiftid>2</shiftid><startdatetime>05092024 0600</startdatetime><enddatetime>05092024 1700</enddatetime><date>05092024</date></LoadFor><Table><apparatusid>6A100</apparatusid><startdatetime>05092024 0900</startdatetime><enddatetime>05092024 1700</enddatetime><personnelid>A04800</personnelid><radioid>6138244</radioid><vehicleid /></Table><Table><apparatusid>6A400</apparatusid><startdatetime>05092024 0900</startdatetime><enddatetime>05092024 1700</enddatetime><personnelid>A02205</personnelid><radioid>6001758</radioid><vehicleid /></Table><Table><apparatusid>6A46</apparatusid><startdatetime>05092024 0600</startdatetime><enddatetime>05092024 1600</enddatetime><personnelid>A09648</personnelid><radioid>6001751</radioid><vehicleid /></Table><Table><apparatusid>6D100</apparatusid><startdatetime>05092024 0700</startdatetime><enddatetime>05092024 1700</enddatetime><personnelid>A07472</personnelid><radioid>6138357</radioid><vehicleid /></Table><Table><apparatusid>6N107</apparatusid><startdatetime>05092024 0600</startdatetime><enddatetime>05092024 1600</enddatetime><personnelid>A08299</personnelid><radioid>6001111</radioid><vehicleid /></Table><Table><apparatusid>6N6</apparatusid><startdatetime>05092024 0700</startdatetime><enddatetime>05092024 1700</enddatetime><personnelid>A10494</personnelid><radioid>6001106</radioid><vehicleid /></Table><Table><apparatusid>6N9</apparatusid><startdatetime>05092024 0700</startdatetime><enddatetime>05092024 1700</enddatetime><personnelid>A09331</personnelid><radioid>6000235</radioid><vehicleid /></Table></CADRosterView>