<CADRosterView><LoadFor><service>F</service><districtid>M576</districtid><shiftid>1</shiftid><startdatetime>05072024 1730</startdatetime><enddatetime>05082024 0530</enddatetime><date>05072024</date></LoadFor><Table><apparatusid>M576</apparatusid><startdatetime>05072024 1730</startdatetime><enddatetime>05082024 0530</enddatetime><personnelid>KI4405</personnelid><radioid /><vehicleid /></Table><Table><apparatusid>M576</apparatusid><startdatetime>05072024 1730</startdatetime><enddatetime>05082024 0530</enddatetime><personnelid>SH1972</personnelid><radioid /><vehicleid /></Table></CADRosterView>