<CADRosterView><LoadFor><service>F</service><districtid>E18</districtid><shiftid>1</shiftid><startdatetime>05072024 0800</startdatetime><enddatetime>05082024 0800</enddatetime><date>05072024</date></LoadFor><Table><apparatusid>E18</apparatusid><startdatetime>05072024 0800</startdatetime><enddatetime>05082024 0800</enddatetime><personnelid>RO1878</personnelid><radioid /><vehicleid /></Table><Table><apparatusid>E18</apparatusid><startdatetime>05072024 0800</startdatetime><enddatetime>05082024 0800</enddatetime><personnelid>CH3355</personnelid><radioid /><vehicleid /></Table><Table><apparatusid>E18</apparatusid><startdatetime>05072024 0800</startdatetime><enddatetime>05082024 0800</enddatetime><personnelid>CA1108</personnelid><radioid /><vehicleid /></Table></CADRosterView>