<CADRosterView><LoadFor><service>F</service><districtid>E33</districtid><shiftid>1</shiftid><startdatetime>05072024 0800</startdatetime><enddatetime>05082024 0800</enddatetime><date>05072024</date></LoadFor><Table><apparatusid>E33</apparatusid><startdatetime>05072024 0800</startdatetime><enddatetime>05082024 0800</enddatetime><personnelid>PA1494</personnelid><radioid /><vehicleid /></Table><Table><apparatusid>E33</apparatusid><startdatetime>05072024 0800</startdatetime><enddatetime>05082024 0800</enddatetime><personnelid>LA3908</personnelid><radioid /><vehicleid /></Table><Table><apparatusid>E33</apparatusid><startdatetime>05072024 0800</startdatetime><enddatetime>05082024 0800</enddatetime><personnelid>SA3566</personnelid><radioid /><vehicleid /></Table><Table><apparatusid>E33</apparatusid><startdatetime>05072024 0800</startdatetime><enddatetime>05082024 0800</enddatetime><personnelid>PH4856</personnelid><radioid /><vehicleid /></Table></CADRosterView>