<CADRosterView><LoadFor><service>P</service><districtid>PARK</districtid><shiftid>2</shiftid><startdatetime>05092024 0530</startdatetime><enddatetime>05092024 1600</enddatetime><date>05092024</date></LoadFor><Table><apparatusid>3F107</apparatusid><startdatetime>05092024 0530</startdatetime><enddatetime>05092024 1530</enddatetime><personnelid>A08863</personnelid><radioid>6001129</radioid><vehicleid>B274</vehicleid></Table><Table><apparatusid>3F200</apparatusid><startdatetime>05092024 0530</startdatetime><enddatetime>05092024 1530</enddatetime><personnelid>A10683</personnelid><radioid>6001275</radioid><vehicleid>B1011</vehicleid></Table><Table><apparatusid>3F300</apparatusid><startdatetime>05092024 0800</startdatetime><enddatetime>05092024 1600</enddatetime><personnelid>A06681</personnelid><radioid>13016</radioid><vehicleid>B1011</vehicleid></Table></CADRosterView>