<CADRosterView><LoadFor><service>F</service><districtid>M577</districtid><shiftid>1</shiftid><startdatetime>05072024 1830</startdatetime><enddatetime>05082024 0630</enddatetime><date>05072024</date></LoadFor><Table><apparatusid>M577</apparatusid><startdatetime>05072024 1830</startdatetime><enddatetime>05082024 0630</enddatetime><personnelid>LA1878</personnelid><radioid /><vehicleid /></Table><Table><apparatusid>M577</apparatusid><startdatetime>05072024 1830</startdatetime><enddatetime>05082024 0630</enddatetime><personnelid>PR1050</personnelid><radioid /><vehicleid /></Table></CADRosterView>