<CADRosterView><LoadFor><service>F</service><districtid>E20</districtid><shiftid>1</shiftid><startdatetime>05082024 0800</startdatetime><enddatetime>05092024 0800</enddatetime><date>05082024</date></LoadFor><Table><apparatusid>E20</apparatusid><startdatetime>05082024 0800</startdatetime><enddatetime>05092024 0800</enddatetime><personnelid>BE3660</personnelid><radioid /><vehicleid /></Table><Table><apparatusid>E20</apparatusid><startdatetime>05082024 0800</startdatetime><enddatetime>05092024 0800</enddatetime><personnelid>RU1464</personnelid><radioid /><vehicleid /></Table><Table><apparatusid>E20</apparatusid><startdatetime>05082024 0800</startdatetime><enddatetime>05092024 0800</enddatetime><personnelid>SI3925</personnelid><radioid /><vehicleid /></Table><Table><apparatusid>E20</apparatusid><startdatetime>05082024 0800</startdatetime><enddatetime>05092024 0800</enddatetime><personnelid>LO2895</personnelid><radioid /><vehicleid /></Table></CADRosterView>