<CADRosterView><LoadFor><service>F</service><districtid>T08</districtid><shiftid>1</shiftid><startdatetime>05072024 0800</startdatetime><enddatetime>05082024 0800</enddatetime><date>05072024</date></LoadFor><Table><apparatusid>T08</apparatusid><startdatetime>05072024 0800</startdatetime><enddatetime>05082024 0800</enddatetime><personnelid>WE1747</personnelid><radioid /><vehicleid /></Table><Table><apparatusid>T08</apparatusid><startdatetime>05072024 0800</startdatetime><enddatetime>05082024 0800</enddatetime><personnelid>CL2108</personnelid><radioid /><vehicleid /></Table><Table><apparatusid>T08</apparatusid><startdatetime>05072024 0800</startdatetime><enddatetime>05082024 0800</enddatetime><personnelid>SL1789</personnelid><radioid /><vehicleid /></Table></CADRosterView>