<CADRosterView><LoadFor><service>P</service><districtid>SID</districtid><shiftid>2</shiftid><startdatetime>05082024 0500</startdatetime><enddatetime>05082024 2300</enddatetime><date>05082024</date></LoadFor><Table><apparatusid>1M1</apparatusid><startdatetime>05082024 1300</startdatetime><enddatetime>05082024 2300</enddatetime><personnelid>A24595</personnelid><radioid>6000095</radioid><vehicleid /></Table><Table><apparatusid>1M10</apparatusid><startdatetime>05082024 0700</startdatetime><enddatetime>05082024 1700</enddatetime><personnelid>A22589</personnelid><radioid>52170</radioid><vehicleid /></Table><Table><apparatusid>1M100</apparatusid><startdatetime>05082024 1100</startdatetime><enddatetime>05082024 2100</enddatetime><personnelid>A07418</personnelid><radioid /><vehicleid /></Table><Table><apparatusid>1M3</apparatusid><startdatetime>05082024 1300</startdatetime><enddatetime>05082024 2300</enddatetime><personnelid>A22683</personnelid><radioid>6001577</radioid><vehicleid /></Table><Table><apparatusid>1M5</apparatusid><startdatetime>05082024 0800</startdatetime><enddatetime>05082024 1800</enddatetime><personnelid>A24203</personnelid><radioid>6002364</radioid><vehicleid /></Table><Table><apparatusid>1M6</apparatusid><startdatetime>05082024 0700</startdatetime><enddatetime>05082024 1700</enddatetime><personnelid>A23040</personnelid><radioid>6002074</radioid><vehicleid /></Table><Table><apparatusid>5S100</apparatusid><startdatetime>05082024 0600</startdatetime><enddatetime>05082024 1600</enddatetime><personnelid>A07867</personnelid><radioid>6001511</radioid><vehicleid /></Table><Table><apparatusid>5S101</apparatusid><startdatetime>05082024 0600</startdatetime><enddatetime>05082024 1600</enddatetime><personnelid>A09714</personnelid><radioid>6001065</radioid><vehicleid /></Table><Table><apparatusid>5S102</apparatusid><startdatetime>05082024 0800</startdatetime><enddatetime>05082024 1800</enddatetime><personnelid>A07874</personnelid><radioid>6001762</radioid><vehicleid /></Table><Table><apparatusid>5S104</apparatusid><startdatetime>05082024 0500</startdatetime><enddatetime>05082024 1500</enddatetime><personnelid>A07715</personnelid><radioid>6000669</radioid><vehicleid>C1030</vehicleid></Table><Table><apparatusid>5S106</apparatusid><startdatetime>05082024 0700</startdatetime><enddatetime>05082024 1700</enddatetime><personnelid>A09726</personnelid><radioid>6000752</radioid><vehicleid /></Table><Table><apparatusid>5S107</apparatusid><startdatetime>05082024 0900</startdatetime><enddatetime>05082024 1900</enddatetime><personnelid>A08308</personnelid><radioid>6001890</radioid><vehicleid /></Table><Table><apparatusid>5S108</apparatusid><startdatetime>05082024 0900</startdatetime><enddatetime>05082024 1900</enddatetime><personnelid>A08329</personnelid><radioid>6001772</radioid><vehicleid /></Table><Table><apparatusid>5S110</apparatusid><startdatetime>05082024 0600</startdatetime><enddatetime>05082024 1600</enddatetime><personnelid>A07448</personnelid><radioid>6000455</radioid><vehicleid /></Table><Table><apparatusid>5S115</apparatusid><startdatetime>05082024 0800</startdatetime><enddatetime>05082024 1800</enddatetime><personnelid>A07050</personnelid><radioid>6000002</radioid><vehicleid /></Table><Table><apparatusid>5S116</apparatusid><startdatetime>05082024 0600</startdatetime><enddatetime>05082024 1600</enddatetime><personnelid>A09892</personnelid><radioid>6000040</radioid><vehicleid /></Table><Table><apparatusid>5S200</apparatusid><startdatetime>05082024 0800</startdatetime><enddatetime>05082024 1600</enddatetime><personnelid>A05455</personnelid><radioid>6000180</radioid><vehicleid /></Table><Table><apparatusid>5S21</apparatusid><startdatetime>05082024 0800</startdatetime><enddatetime>05082024 1800</enddatetime><personnelid>A04905</personnelid><radioid>16134</radioid><vehicleid /></Table></CADRosterView>