<CADRosterView><LoadFor><service>P</service><districtid>TARA</districtid><shiftid>2</shiftid><startdatetime>05072024 0530</startdatetime><enddatetime>05072024 1600</enddatetime><date>05072024</date></LoadFor><Table><apparatusid>3I11A</apparatusid><startdatetime>05072024 0600</startdatetime><enddatetime>05072024 1600</enddatetime><personnelid>A22686</personnelid><radioid /><vehicleid /></Table><Table><apparatusid>3I11A</apparatusid><startdatetime>05072024 0600</startdatetime><enddatetime>05072024 1600</enddatetime><personnelid>A08833</personnelid><radioid>6001071</radioid><vehicleid /></Table><Table><apparatusid>3I13A</apparatusid><startdatetime>05072024 0600</startdatetime><enddatetime>05072024 1600</enddatetime><personnelid>A20728</personnelid><radioid>6000648</radioid><vehicleid /></Table><Table><apparatusid>3I13A</apparatusid><startdatetime>05072024 0600</startdatetime><enddatetime>05072024 1600</enddatetime><personnelid>A24583</personnelid><radioid>6000005</radioid><vehicleid /></Table><Table><apparatusid>3I16A</apparatusid><startdatetime>05072024 0600</startdatetime><enddatetime>05072024 1600</enddatetime><personnelid>A20696</personnelid><radioid>6000875</radioid><vehicleid /></Table><Table><apparatusid>3I16A</apparatusid><startdatetime>05072024 0600</startdatetime><enddatetime>05072024 1600</enddatetime><personnelid>A09489</personnelid><radioid>6003969</radioid><vehicleid /></Table><Table><apparatusid>3I200</apparatusid><startdatetime>05072024 0530</startdatetime><enddatetime>05072024 1530</enddatetime><personnelid>A08081</personnelid><radioid>6000835</radioid><vehicleid>B1218</vehicleid></Table><Table><apparatusid>3I23</apparatusid><startdatetime>05072024 0600</startdatetime><enddatetime>05072024 1600</enddatetime><personnelid>A08075</personnelid><radioid>6000331</radioid><vehicleid>C541</vehicleid></Table></CADRosterView>