<CADRosterView><LoadFor><service>P</service><districtid>TEND</districtid><shiftid>3</shiftid><startdatetime>05082024 1400</startdatetime><enddatetime>05092024 0700</enddatetime><date>05082024</date></LoadFor><Table><apparatusid>3J</apparatusid><startdatetime>05082024 1500</startdatetime><enddatetime>05082024 2000</enddatetime><personnelid>A25101</personnelid><radioid>6001488</radioid><vehicleid /></Table><Table><apparatusid>3J</apparatusid><startdatetime>05082024 1500</startdatetime><enddatetime>05082024 2000</enddatetime><personnelid>A25446</personnelid><radioid>6001369</radioid><vehicleid /></Table><Table><apparatusid>3J</apparatusid><startdatetime>05082024 1500</startdatetime><enddatetime>05082024 2000</enddatetime><personnelid>A25455</personnelid><radioid>6000201</radioid><vehicleid /></Table><Table><apparatusid>3J</apparatusid><startdatetime>05082024 1500</startdatetime><enddatetime>05082024 2000</enddatetime><personnelid>A25018</personnelid><radioid /><vehicleid /></Table><Table><apparatusid>3J</apparatusid><startdatetime>05082024 2000</startdatetime><enddatetime>05082024 2100</enddatetime><personnelid>A25101</personnelid><radioid>6001488</radioid><vehicleid /></Table><Table><apparatusid>3J</apparatusid><startdatetime>05082024 2000</startdatetime><enddatetime>05082024 2100</enddatetime><personnelid>A25446</personnelid><radioid>6001369</radioid><vehicleid /></Table><Table><apparatusid>3J</apparatusid><startdatetime>05082024 2000</startdatetime><enddatetime>05082024 2100</enddatetime><personnelid>A25455</personnelid><radioid>6000201</radioid><vehicleid /></Table><Table><apparatusid>3J</apparatusid><startdatetime>05082024 2000</startdatetime><enddatetime>05082024 2100</enddatetime><personnelid>A25018</personnelid><radioid /><vehicleid /></Table><Table><apparatusid>3J</apparatusid><startdatetime>05082024 2100</startdatetime><enddatetime>05092024 0100</enddatetime><personnelid>A25101</personnelid><radioid>6001488</radioid><vehicleid /></Table><Table><apparatusid>3J</apparatusid><startdatetime>05082024 2100</startdatetime><enddatetime>05092024 0100</enddatetime><personnelid>A25446</personnelid><radioid>6001369</radioid><vehicleid /></Table><Table><apparatusid>3J</apparatusid><startdatetime>05082024 2100</startdatetime><enddatetime>05092024 0100</enddatetime><personnelid>A25455</personnelid><radioid>6000201</radioid><vehicleid /></Table><Table><apparatusid>3J</apparatusid><startdatetime>05082024 2100</startdatetime><enddatetime>05092024 0100</enddatetime><personnelid>A25018</personnelid><radioid /><vehicleid /></Table><Table><apparatusid>3J</apparatusid><startdatetime>05092024 0100</startdatetime><enddatetime>05092024 0600</enddatetime><personnelid>A07451</personnelid><radioid>51315</radioid><vehicleid /></Table><Table><apparatusid>3J</apparatusid><startdatetime>05092024 0100</startdatetime><enddatetime>05092024 0600</enddatetime><personnelid>A24651</personnelid><radioid>6001992</radioid><vehicleid /></Table><Table><apparatusid>3J</apparatusid><startdatetime>05092024 0100</startdatetime><enddatetime>05092024 0600</enddatetime><personnelid>A25440</personnelid><radioid>6001512</radioid><vehicleid /></Table><Table><apparatusid>3J</apparatusid><startdatetime>05092024 0100</startdatetime><enddatetime>05092024 0600</enddatetime><personnelid>A10800</personnelid><radioid>6001561</radioid><vehicleid /></Table><Table><apparatusid>3J</apparatusid><startdatetime>05092024 0600</startdatetime><enddatetime>05092024 0700</enddatetime><personnelid>A24651</personnelid><radioid>6001992</radioid><vehicleid /></Table><Table><apparatusid>3J</apparatusid><startdatetime>05092024 0600</startdatetime><enddatetime>05092024 0700</enddatetime><personnelid>A25440</personnelid><radioid>6001512</radioid><vehicleid /></Table><Table><apparatusid>3J</apparatusid><startdatetime>05092024 0600</startdatetime><enddatetime>05092024 0700</enddatetime><personnelid>A10800</personnelid><radioid>6001561</radioid><vehicleid /></Table><Table><apparatusid>3J</apparatusid><startdatetime>05092024 0600</startdatetime><enddatetime>05092024 0700</enddatetime><personnelid>A21671</personnelid><radioid>6000900</radioid><vehicleid /></Table><Table><apparatusid>3J101</apparatusid><startdatetime>05082024 1800</startdatetime><enddatetime>05092024 0400</enddatetime><personnelid>A07685</personnelid><radioid>18273</radioid><vehicleid>BW119</vehicleid></Table><Table><apparatusid>3J102</apparatusid><startdatetime>05082024 1500</startdatetime><enddatetime>05092024 0100</enddatetime><personnelid>A07676</personnelid><radioid>51357</radioid><vehicleid>B1070</vehicleid></Table><Table><apparatusid>3J104</apparatusid><startdatetime>05082024 1500</startdatetime><enddatetime>05092024 0100</enddatetime><personnelid>A09858</personnelid><radioid>6001406</radioid><vehicleid>B033</vehicleid></Table><Table><apparatusid>3J107</apparatusid><startdatetime>05082024 2100</startdatetime><enddatetime>05092024 0700</enddatetime><personnelid>A09467</personnelid><radioid>6000809</radioid><vehicleid>B012</vehicleid></Table><Table><apparatusid>3J113</apparatusid><startdatetime>05082024 2100</startdatetime><enddatetime>05092024 0700</enddatetime><personnelid>A21210</personnelid><radioid>52781</radioid><vehicleid>BW240</vehicleid></Table><Table><apparatusid>3J117</apparatusid><startdatetime>05082024 1500</startdatetime><enddatetime>05092024 0100</enddatetime><personnelid>A21164</personnelid><radioid>6000587</radioid><vehicleid>B033</vehicleid></Table><Table><apparatusid>3J119</apparatusid><startdatetime>05082024 1800</startdatetime><enddatetime>05092024 0400</enddatetime><personnelid>A09720</personnelid><radioid>6002472</radioid><vehicleid>BW119</vehicleid></Table><Table><apparatusid>3J135</apparatusid><startdatetime>05082024 1400</startdatetime><enddatetime>05092024 0000</enddatetime><personnelid>A10761</personnelid><radioid>6000204</radioid><vehicleid>C1049</vehicleid></Table><Table><apparatusid>3J35</apparatusid><startdatetime>05082024 1400</startdatetime><enddatetime>05092024 0000</enddatetime><personnelid>A10480</personnelid><radioid>51337</radioid><vehicleid /></Table><Table><apparatusid>3J36</apparatusid><startdatetime>05082024 1400</startdatetime><enddatetime>05092024 0000</enddatetime><personnelid>A10728</personnelid><radioid>6002452</radioid><vehicleid>C102</vehicleid></Table><Table><apparatusid>3J37</apparatusid><startdatetime>05082024 1400</startdatetime><enddatetime>05092024 0000</enddatetime><personnelid>A22854</personnelid><radioid>6002038</radioid><vehicleid>C102</vehicleid></Table><Table><apparatusid>3J38</apparatusid><startdatetime>05082024 1400</startdatetime><enddatetime>05092024 0000</enddatetime><personnelid>A21782</personnelid><radioid>13777</radioid><vehicleid>C102</vehicleid></Table><Table><apparatusid>3J38A</apparatusid><startdatetime>05082024 1400</startdatetime><enddatetime>05092024 0000</enddatetime><personnelid>A22024</personnelid><radioid>6000776</radioid><vehicleid /></Table><Table><apparatusid>3J38B</apparatusid><startdatetime>05082024 1400</startdatetime><enddatetime>05092024 0000</enddatetime><personnelid>A22872</personnelid><radioid>6002061</radioid><vehicleid /></Table><Table><apparatusid>3J38D</apparatusid><startdatetime>05082024 1400</startdatetime><enddatetime>05092024 0000</enddatetime><personnelid>A22061</personnelid><radioid>6001137</radioid><vehicleid /></Table><Table><apparatusid>3J39</apparatusid><startdatetime>05082024 1400</startdatetime><enddatetime>05092024 0000</enddatetime><personnelid>A20715</personnelid><radioid>6000345</radioid><vehicleid /></Table><Table><apparatusid>3J40</apparatusid><startdatetime>05082024 1800</startdatetime><enddatetime>05092024 0400</enddatetime><personnelid>A24723</personnelid><radioid>6001735</radioid><vehicleid /></Table><Table><apparatusid>3J40</apparatusid><startdatetime>05082024 1800</startdatetime><enddatetime>05092024 0400</enddatetime><personnelid>A21876</personnelid><radioid>6002251</radioid><vehicleid /></Table><Table><apparatusid>3J40</apparatusid><startdatetime>05082024 1800</startdatetime><enddatetime>05092024 0400</enddatetime><personnelid>A23878</personnelid><radioid>6001731</radioid><vehicleid /></Table><Table><apparatusid>3J41</apparatusid><startdatetime>05082024 2000</startdatetime><enddatetime>05092024 0600</enddatetime><personnelid>A21960</personnelid><radioid>6001562</radioid><vehicleid /></Table><Table><apparatusid>3J43</apparatusid><startdatetime>05082024 2000</startdatetime><enddatetime>05092024 0600</enddatetime><personnelid>A22506</personnelid><radioid>6001471</radioid><vehicleid /></Table><Table><apparatusid>3J44</apparatusid><startdatetime>05082024 2000</startdatetime><enddatetime>05092024 0600</enddatetime><personnelid>A23418</personnelid><radioid>6002254</radioid><vehicleid /></Table><Table><apparatusid>3J45</apparatusid><startdatetime>05082024 1800</startdatetime><enddatetime>05092024 0400</enddatetime><personnelid>A24650</personnelid><radioid>6001675</radioid><vehicleid /></Table><Table><apparatusid>3J45</apparatusid><startdatetime>05082024 1800</startdatetime><enddatetime>05092024 0400</enddatetime><personnelid>A24556</personnelid><radioid>6000103</radioid><vehicleid /></Table><Table><apparatusid>3J46</apparatusid><startdatetime>05082024 2000</startdatetime><enddatetime>05092024 0600</enddatetime><personnelid>A24551</personnelid><radioid>6000425</radioid><vehicleid /></Table><Table><apparatusid>3J47</apparatusid><startdatetime>05082024 2000</startdatetime><enddatetime>05092024 0600</enddatetime><personnelid>A23161</personnelid><radioid>6000033</radioid><vehicleid /></Table><Table><apparatusid>3J48</apparatusid><startdatetime>05082024 2000</startdatetime><enddatetime>05092024 0600</enddatetime><personnelid>A22038</personnelid><radioid>6001441</radioid><vehicleid /></Table><Table><apparatusid>3JSD</apparatusid><startdatetime>05082024 1430</startdatetime><enddatetime>05092024 0030</enddatetime><personnelid>A25414</personnelid><radioid /><vehicleid /></Table></CADRosterView>