<CADRosterView><LoadFor><service>F</service><districtid>M505</districtid><shiftid>1</shiftid><startdatetime>05082024 0530</startdatetime><enddatetime>05092024 0530</enddatetime><date>05082024</date></LoadFor><Table><apparatusid>M505</apparatusid><startdatetime>05082024 0530</startdatetime><enddatetime>05082024 1730</enddatetime><personnelid>MC1298</personnelid><radioid /><vehicleid /></Table><Table><apparatusid>M505</apparatusid><startdatetime>05082024 1730</startdatetime><enddatetime>05092024 0530</enddatetime><personnelid>TO1252</personnelid><radioid /><vehicleid /></Table><Table><apparatusid>M505</apparatusid><startdatetime>05082024 1730</startdatetime><enddatetime>05092024 0530</enddatetime><personnelid>YO2631</personnelid><radioid /><vehicleid /></Table></CADRosterView>