<CADRosterView><LoadFor><service>P</service><districtid>NORT</districtid><shiftid>3</shiftid><startdatetime>05092024 0900</startdatetime><enddatetime>05102024 0700</enddatetime><date>05092024</date></LoadFor><Table><apparatusid>3E102</apparatusid><startdatetime>05092024 1500</startdatetime><enddatetime>05102024 0100</enddatetime><personnelid>A10320</personnelid><radioid>6001020</radioid><vehicleid /></Table><Table><apparatusid>3E103</apparatusid><startdatetime>05092024 2100</startdatetime><enddatetime>05102024 0700</enddatetime><personnelid>A09856</personnelid><radioid>6001729</radioid><vehicleid>B034</vehicleid></Table><Table><apparatusid>3E11D</apparatusid><startdatetime>05092024 1500</startdatetime><enddatetime>05102024 0100</enddatetime><personnelid>A20976</personnelid><radioid>6000529</radioid><vehicleid>B1281</vehicleid></Table><Table><apparatusid>3E11D</apparatusid><startdatetime>05092024 1500</startdatetime><enddatetime>05102024 0100</enddatetime><personnelid>A21296</personnelid><radioid>6001216</radioid><vehicleid>B1281</vehicleid></Table><Table><apparatusid>3E11E</apparatusid><startdatetime>05092024 2100</startdatetime><enddatetime>05102024 0700</enddatetime><personnelid>A24133</personnelid><radioid>6001833</radioid><vehicleid>B1259</vehicleid></Table><Table><apparatusid>3E11E</apparatusid><startdatetime>05092024 2100</startdatetime><enddatetime>05102024 0700</enddatetime><personnelid>A23988</personnelid><radioid>6002371</radioid><vehicleid>B1259</vehicleid></Table><Table><apparatusid>3E12D</apparatusid><startdatetime>05092024 1500</startdatetime><enddatetime>05102024 0100</enddatetime><personnelid>A22622</personnelid><radioid>6001618</radioid><vehicleid /></Table><Table><apparatusid>3E12D</apparatusid><startdatetime>05092024 1500</startdatetime><enddatetime>05102024 0100</enddatetime><personnelid>A24153</personnelid><radioid>6001496</radioid><vehicleid /></Table><Table><apparatusid>3E14D</apparatusid><startdatetime>05092024 1500</startdatetime><enddatetime>05102024 0100</enddatetime><personnelid>A22535</personnelid><radioid>6001911</radioid><vehicleid>BW106</vehicleid></Table><Table><apparatusid>3E14D</apparatusid><startdatetime>05092024 1500</startdatetime><enddatetime>05102024 0100</enddatetime><personnelid>A10726</personnelid><radioid>6002449</radioid><vehicleid>BW106</vehicleid></Table><Table><apparatusid>3E14E</apparatusid><startdatetime>05092024 2100</startdatetime><enddatetime>05102024 0700</enddatetime><personnelid>A22475</personnelid><radioid>6001556</radioid><vehicleid /></Table><Table><apparatusid>3E14E</apparatusid><startdatetime>05092024 2100</startdatetime><enddatetime>05102024 0700</enddatetime><personnelid>A22515</personnelid><radioid>6001270</radioid><vehicleid /></Table><Table><apparatusid>3E15D</apparatusid><startdatetime>05092024 1500</startdatetime><enddatetime>05102024 0100</enddatetime><personnelid>A20702</personnelid><radioid>6002463</radioid><vehicleid>B1238</vehicleid></Table><Table><apparatusid>3E16E</apparatusid><startdatetime>05092024 2100</startdatetime><enddatetime>05102024 0700</enddatetime><personnelid>A24303</personnelid><radioid>6001518</radioid><vehicleid>B1206</vehicleid></Table><Table><apparatusid>3E16E</apparatusid><startdatetime>05092024 2100</startdatetime><enddatetime>05102024 0700</enddatetime><personnelid>A23603</personnelid><radioid>6002294</radioid><vehicleid>B1206</vehicleid></Table><Table><apparatusid>3E201</apparatusid><startdatetime>05092024 0900</startdatetime><enddatetime>05102024 0000</enddatetime><personnelid>A08087</personnelid><radioid>6000521</radioid><vehicleid>BW045</vehicleid></Table></CADRosterView>