<CADRosterView><LoadFor><service>P</service><districtid>INGL</districtid><shiftid>5</shiftid><startdatetime>05082024 0600</startdatetime><enddatetime>05082024 1600</enddatetime><date>05082024</date></LoadFor><Table><apparatusid>3H11A</apparatusid><startdatetime>05082024 0600</startdatetime><enddatetime>05082024 1600</enddatetime><personnelid>A08839</personnelid><radioid>6002022</radioid><vehicleid /></Table><Table><apparatusid>3H13D</apparatusid><startdatetime>05082024 1200</startdatetime><enddatetime>05082024 1600</enddatetime><personnelid>A22534</personnelid><radioid>52921</radioid><vehicleid /></Table></CADRosterView>