<CADRosterView><LoadFor><service>P</service><districtid>TACT</districtid><shiftid>2</shiftid><startdatetime>05092024 0800</startdatetime><enddatetime>05092024 2000</enddatetime><date>05092024</date></LoadFor><Table><apparatusid>4T300</apparatusid><startdatetime>05092024 0800</startdatetime><enddatetime>05092024 1600</enddatetime><personnelid>A06369</personnelid><radioid>52299</radioid><vehicleid>C1164</vehicleid></Table><Table><apparatusid>4T5A</apparatusid><startdatetime>05092024 1000</startdatetime><enddatetime>05092024 2000</enddatetime><personnelid>A04804</personnelid><radioid>6002434</radioid><vehicleid /></Table><Table><apparatusid>4T5B</apparatusid><startdatetime>05092024 1000</startdatetime><enddatetime>05092024 2000</enddatetime><personnelid>A05994</personnelid><radioid>6002385</radioid><vehicleid>T235</vehicleid></Table><Table><apparatusid>4T5C</apparatusid><startdatetime>05092024 1000</startdatetime><enddatetime>05092024 2000</enddatetime><personnelid>A06500</personnelid><radioid>51438</radioid><vehicleid>T235</vehicleid></Table><Table><apparatusid>4T7A</apparatusid><startdatetime>05092024 1000</startdatetime><enddatetime>05092024 2000</enddatetime><personnelid>A06153</personnelid><radioid>6002400</radioid><vehicleid /></Table></CADRosterView>