<CADRosterView><LoadFor><service>F</service><districtid>M556</districtid><shiftid>1</shiftid><startdatetime>05082024 0600</startdatetime><enddatetime>05092024 0600</enddatetime><date>05082024</date></LoadFor><Table><apparatusid>M556</apparatusid><startdatetime>05082024 0600</startdatetime><enddatetime>05082024 1800</enddatetime><personnelid>MO1054</personnelid><radioid /><vehicleid /></Table><Table><apparatusid>M556</apparatusid><startdatetime>05082024 1800</startdatetime><enddatetime>05092024 0600</enddatetime><personnelid>AJ1095</personnelid><radioid /><vehicleid /></Table><Table><apparatusid>M556</apparatusid><startdatetime>05082024 1800</startdatetime><enddatetime>05092024 0600</enddatetime><personnelid>ES2438</personnelid><radioid /><vehicleid /></Table><Table><apparatusid>M556</apparatusid><startdatetime>05082024 1800</startdatetime><enddatetime>05092024 0600</enddatetime><personnelid>YO1718</personnelid><radioid /><vehicleid /></Table></CADRosterView>