<CADRosterView><LoadFor><service>F</service><districtid>E41</districtid><shiftid>1</shiftid><startdatetime>05072024 0800</startdatetime><enddatetime>05082024 0800</enddatetime><date>05072024</date></LoadFor><Table><apparatusid>E41</apparatusid><startdatetime>05072024 0800</startdatetime><enddatetime>05082024 0800</enddatetime><personnelid>MA1542</personnelid><radioid /><vehicleid /></Table><Table><apparatusid>E41</apparatusid><startdatetime>05072024 0800</startdatetime><enddatetime>05082024 0800</enddatetime><personnelid>AD2706</personnelid><radioid /><vehicleid /></Table><Table><apparatusid>E41</apparatusid><startdatetime>05072024 0800</startdatetime><enddatetime>05082024 0800</enddatetime><personnelid>HE5405</personnelid><radioid /><vehicleid /></Table><Table><apparatusid>E41</apparatusid><startdatetime>05072024 0800</startdatetime><enddatetime>05082024 0800</enddatetime><personnelid>PA1704</personnelid><radioid /><vehicleid /></Table><Table><apparatusid>E41</apparatusid><startdatetime>05072024 0800</startdatetime><enddatetime>05082024 0800</enddatetime><personnelid>TA2926</personnelid><radioid /><vehicleid /></Table></CADRosterView>