<CADRosterView><LoadFor><service>F</service><districtid>M564</districtid><shiftid>1</shiftid><startdatetime>05072024 0430</startdatetime><enddatetime>05082024 0300</enddatetime><date>05072024</date></LoadFor><Table><apparatusid>M564</apparatusid><startdatetime>05072024 0430</startdatetime><enddatetime>05072024 1430</enddatetime><personnelid>CO1989</personnelid><radioid /><vehicleid /></Table><Table><apparatusid>M564</apparatusid><startdatetime>05072024 0430</startdatetime><enddatetime>05072024 1430</enddatetime><personnelid>NO2629</personnelid><radioid /><vehicleid /></Table><Table><apparatusid>M564</apparatusid><startdatetime>05072024 1500</startdatetime><enddatetime>05082024 0300</enddatetime><personnelid>CH1630</personnelid><radioid /><vehicleid /></Table><Table><apparatusid>M564</apparatusid><startdatetime>05072024 1500</startdatetime><enddatetime>05082024 0300</enddatetime><personnelid>CH5395</personnelid><radioid /><vehicleid /></Table></CADRosterView>