<CADRosterView><LoadFor><service>P</service><districtid>SIU</districtid><shiftid>2</shiftid><startdatetime>05092024 0600</startdatetime><enddatetime>05102024 0700</enddatetime><date>05092024</date></LoadFor><Table><apparatusid>5R10</apparatusid><startdatetime>05092024 1200</startdatetime><enddatetime>05092024 2200</enddatetime><personnelid>A05457</personnelid><radioid /><vehicleid /></Table><Table><apparatusid>5R100</apparatusid><startdatetime>05092024 1200</startdatetime><enddatetime>05092024 2200</enddatetime><personnelid>A11420</personnelid><radioid>13241</radioid><vehicleid /></Table><Table><apparatusid>5R102</apparatusid><startdatetime>05092024 0600</startdatetime><enddatetime>05092024 1600</enddatetime><personnelid>A21563</personnelid><radioid /><vehicleid /></Table><Table><apparatusid>5R11</apparatusid><startdatetime>05092024 0600</startdatetime><enddatetime>05092024 1600</enddatetime><personnelid>A07855</personnelid><radioid /><vehicleid /></Table><Table><apparatusid>5R112</apparatusid><startdatetime>05092024 1200</startdatetime><enddatetime>05092024 2200</enddatetime><personnelid>A06997</personnelid><radioid>1345</radioid><vehicleid /></Table><Table><apparatusid>5R118</apparatusid><startdatetime>05092024 1200</startdatetime><enddatetime>05092024 2200</enddatetime><personnelid>A08179</personnelid><radioid>6002415</radioid><vehicleid /></Table><Table><apparatusid>5R12</apparatusid><startdatetime>05092024 1200</startdatetime><enddatetime>05092024 2200</enddatetime><personnelid>A21389</personnelid><radioid>52418</radioid><vehicleid /></Table><Table><apparatusid>5R122</apparatusid><startdatetime>05092024 1200</startdatetime><enddatetime>05092024 2200</enddatetime><personnelid>A10949</personnelid><radioid>6001547</radioid><vehicleid /></Table><Table><apparatusid>5R14</apparatusid><startdatetime>05092024 1200</startdatetime><enddatetime>05092024 2200</enddatetime><personnelid>A21797</personnelid><radioid>51938</radioid><vehicleid /></Table><Table><apparatusid>5R15</apparatusid><startdatetime>05092024 1200</startdatetime><enddatetime>05092024 2200</enddatetime><personnelid>A20641</personnelid><radioid>16333</radioid><vehicleid /></Table><Table><apparatusid>5R16</apparatusid><startdatetime>05092024 1200</startdatetime><enddatetime>05092024 2200</enddatetime><personnelid>A21780</personnelid><radioid>6001651</radioid><vehicleid /></Table><Table><apparatusid>5R200</apparatusid><startdatetime>05092024 0800</startdatetime><enddatetime>05092024 1600</enddatetime><personnelid>A09301</personnelid><radioid>6002090</radioid><vehicleid /></Table><Table><apparatusid>5R201</apparatusid><startdatetime>05092024 0900</startdatetime><enddatetime>05092024 1700</enddatetime><personnelid>A04699</personnelid><radioid>6001355</radioid><vehicleid /></Table><Table><apparatusid>5R9</apparatusid><startdatetime>05092024 0600</startdatetime><enddatetime>05092024 1600</enddatetime><personnelid>A09470</personnelid><radioid /><vehicleid /></Table><Table><apparatusid>5R101</apparatusid><startdatetime>05092024 2100</startdatetime><enddatetime>05102024 0700</enddatetime><personnelid>A08062</personnelid><radioid /><vehicleid /></Table><Table><apparatusid>5R105</apparatusid><startdatetime>05092024 2100</startdatetime><enddatetime>05102024 0700</enddatetime><personnelid>A10100</personnelid><radioid /><vehicleid /></Table><Table><apparatusid>5R107</apparatusid><startdatetime>05092024 1400</startdatetime><enddatetime>05102024 0000</enddatetime><personnelid>A20352</personnelid><radioid /><vehicleid /></Table><Table><apparatusid>5R111</apparatusid><startdatetime>05092024 0900</startdatetime><enddatetime>05102024 0700</enddatetime><personnelid>A10227</personnelid><radioid /><vehicleid /></Table><Table><apparatusid>5R113</apparatusid><startdatetime>05092024 2100</startdatetime><enddatetime>05102024 0700</enddatetime><personnelid>A10344</personnelid><radioid /><vehicleid /></Table></CADRosterView>