<CADRosterView><LoadFor><service>F</service><districtid>AR1</districtid><shiftid>1</shiftid><startdatetime>05072024 1200</startdatetime><enddatetime>05082024 1200</enddatetime><date>05072024</date></LoadFor><Table><apparatusid>AR1</apparatusid><startdatetime>05072024 1200</startdatetime><enddatetime>05082024 1200</enddatetime><personnelid>KE8190</personnelid><radioid /><vehicleid /></Table><Table><apparatusid>AR1</apparatusid><startdatetime>05072024 1200</startdatetime><enddatetime>05082024 1200</enddatetime><personnelid>GU5064</personnelid><radioid /><vehicleid /></Table></CADRosterView>