<CADRosterView><LoadFor><service>P</service><districtid>ADMI</districtid><shiftid>2</shiftid><startdatetime>05082024 0600</startdatetime><enddatetime>05082024 1600</enddatetime><date>05082024</date></LoadFor><Table><apparatusid>2X200</apparatusid><startdatetime>05082024 0600</startdatetime><enddatetime>05082024 1600</enddatetime><personnelid>A09163</personnelid><radioid>6002065</radioid><vehicleid /></Table><Table><apparatusid>2X202</apparatusid><startdatetime>05082024 0600</startdatetime><enddatetime>05082024 1600</enddatetime><personnelid>A07481</personnelid><radioid>6001627</radioid><vehicleid>C1055</vehicleid></Table><Table><apparatusid>2X500</apparatusid><startdatetime>05082024 0800</startdatetime><enddatetime>05082024 1600</enddatetime><personnelid>A01705</personnelid><radioid>6001818</radioid><vehicleid /></Table></CADRosterView>