<CADRosterView><LoadFor><service>P</service><districtid>AFOB</districtid><shiftid>3</shiftid><startdatetime>05072024 1430</startdatetime><enddatetime>05082024 0630</enddatetime><date>05072024</date></LoadFor><Table><apparatusid>6B115</apparatusid><startdatetime>05072024 2030</startdatetime><enddatetime>05082024 0630</enddatetime><personnelid>A10087</personnelid><radioid>6138381</radioid><vehicleid /></Table><Table><apparatusid>6B203</apparatusid><startdatetime>05072024 1430</startdatetime><enddatetime>05082024 0030</enddatetime><personnelid>A09312</personnelid><radioid>6000304</radioid><vehicleid /></Table><Table><apparatusid>6T78</apparatusid><startdatetime>05072024 1500</startdatetime><enddatetime>05082024 0100</enddatetime><personnelid>A05012</personnelid><radioid /><vehicleid /></Table><Table><apparatusid>6T97</apparatusid><startdatetime>05072024 1500</startdatetime><enddatetime>05082024 0100</enddatetime><personnelid>A04680</personnelid><radioid>6138353</radioid><vehicleid /></Table></CADRosterView>