<CADRosterView><LoadFor><service>F</service><districtid>T02</districtid><shiftid>1</shiftid><startdatetime>05072024 0800</startdatetime><enddatetime>05082024 0800</enddatetime><date>05072024</date></LoadFor><Table><apparatusid>T02</apparatusid><startdatetime>05072024 0800</startdatetime><enddatetime>05082024 0800</enddatetime><personnelid>CA5068</personnelid><radioid /><vehicleid /></Table><Table><apparatusid>T02</apparatusid><startdatetime>05072024 0800</startdatetime><enddatetime>05082024 0800</enddatetime><personnelid>BA2315</personnelid><radioid /><vehicleid /></Table><Table><apparatusid>T02</apparatusid><startdatetime>05072024 0800</startdatetime><enddatetime>05082024 0800</enddatetime><personnelid>KN3680</personnelid><radioid /><vehicleid /></Table><Table><apparatusid>T02</apparatusid><startdatetime>05072024 0800</startdatetime><enddatetime>05082024 0800</enddatetime><personnelid>YU0993</personnelid><radioid /><vehicleid /></Table><Table><apparatusid>T02</apparatusid><startdatetime>05072024 0800</startdatetime><enddatetime>05082024 0800</enddatetime><personnelid>PE1318</personnelid><radioid /><vehicleid /></Table><Table><apparatusid>T02</apparatusid><startdatetime>05072024 0800</startdatetime><enddatetime>05082024 0800</enddatetime><personnelid>BA3346</personnelid><radioid /><vehicleid /></Table></CADRosterView>