<CADRosterView><LoadFor><service>F</service><districtid>M559</districtid><shiftid>1</shiftid><startdatetime>05072024 1200</startdatetime><enddatetime>05082024 0000</enddatetime><date>05072024</date></LoadFor><Table><apparatusid>M559</apparatusid><startdatetime>05072024 1200</startdatetime><enddatetime>05082024 0000</enddatetime><personnelid>NU4098</personnelid><radioid /><vehicleid /></Table><Table><apparatusid>M559</apparatusid><startdatetime>05072024 1200</startdatetime><enddatetime>05082024 0000</enddatetime><personnelid>VE3320</personnelid><radioid /><vehicleid /></Table></CADRosterView>