<CADRosterView><LoadFor><service>P</service><districtid>SOUT</districtid><shiftid>2</shiftid><startdatetime>05072024 0500</startdatetime><enddatetime>05072024 2100</enddatetime><date>05072024</date></LoadFor><Table><apparatusid>3B00B</apparatusid><startdatetime>05072024 0600</startdatetime><enddatetime>05072024 1600</enddatetime><personnelid>A21490</personnelid><radioid /><vehicleid /></Table><Table><apparatusid>3B119</apparatusid><startdatetime>05072024 0600</startdatetime><enddatetime>05072024 1600</enddatetime><personnelid>A09637</personnelid><radioid>6000850</radioid><vehicleid>B1142</vehicleid></Table><Table><apparatusid>3B13A</apparatusid><startdatetime>05072024 0600</startdatetime><enddatetime>05072024 1600</enddatetime><personnelid>A21103</personnelid><radioid>6000949</radioid><vehicleid /></Table><Table><apparatusid>3B13A</apparatusid><startdatetime>05072024 0600</startdatetime><enddatetime>05072024 1600</enddatetime><personnelid>A23193</personnelid><radioid>6002206</radioid><vehicleid /></Table><Table><apparatusid>3B14A</apparatusid><startdatetime>05072024 0500</startdatetime><enddatetime>05072024 1500</enddatetime><personnelid>A22148</personnelid><radioid>52698</radioid><vehicleid /></Table><Table><apparatusid>3B14A</apparatusid><startdatetime>05072024 0500</startdatetime><enddatetime>05072024 1500</enddatetime><personnelid>A22165</personnelid><radioid>52617</radioid><vehicleid /></Table><Table><apparatusid>3B1A</apparatusid><startdatetime>05072024 0600</startdatetime><enddatetime>05072024 1600</enddatetime><personnelid>A05001</personnelid><radioid>6001526</radioid><vehicleid /></Table><Table><apparatusid>3B203</apparatusid><startdatetime>05072024 0530</startdatetime><enddatetime>05072024 1530</enddatetime><personnelid>A07694</personnelid><radioid>6002115</radioid><vehicleid>B032</vehicleid></Table><Table><apparatusid>3B26</apparatusid><startdatetime>05072024 0700</startdatetime><enddatetime>05072024 1700</enddatetime><personnelid>A20812</personnelid><radioid>6001402</radioid><vehicleid>BW213</vehicleid></Table><Table><apparatusid>3B2A</apparatusid><startdatetime>05072024 0600</startdatetime><enddatetime>05072024 1600</enddatetime><personnelid>A25010</personnelid><radioid>6001893</radioid><vehicleid /></Table><Table><apparatusid>3B300</apparatusid><startdatetime>05072024 0900</startdatetime><enddatetime>05072024 1700</enddatetime><personnelid>A06393</personnelid><radioid>6001842</radioid><vehicleid>BW213</vehicleid></Table><Table><apparatusid>3B49</apparatusid><startdatetime>05072024 1100</startdatetime><enddatetime>05072024 2100</enddatetime><personnelid>A22258</personnelid><radioid>6001443</radioid><vehicleid /></Table><Table><apparatusid>3B5A</apparatusid><startdatetime>05072024 0600</startdatetime><enddatetime>05072024 1600</enddatetime><personnelid>A21553</personnelid><radioid>6001435</radioid><vehicleid /></Table><Table><apparatusid>3BSK</apparatusid><startdatetime>05072024 0600</startdatetime><enddatetime>05072024 1600</enddatetime><personnelid>A06373</personnelid><radioid>6001376</radioid><vehicleid /></Table><Table><apparatusid>3BTI</apparatusid><startdatetime>05072024 0700</startdatetime><enddatetime>05072024 1500</enddatetime><personnelid>A08052</personnelid><radioid /><vehicleid /></Table></CADRosterView>