<CADRosterView><LoadFor><service>F</service><districtid>E19</districtid><shiftid>1</shiftid><startdatetime>05072024 0800</startdatetime><enddatetime>05082024 0800</enddatetime><date>05072024</date></LoadFor><Table><apparatusid>E19</apparatusid><startdatetime>05072024 0800</startdatetime><enddatetime>05082024 0800</enddatetime><personnelid>DR5440</personnelid><radioid /><vehicleid /></Table><Table><apparatusid>E19</apparatusid><startdatetime>05072024 0800</startdatetime><enddatetime>05082024 0800</enddatetime><personnelid>SW3018</personnelid><radioid /><vehicleid /></Table><Table><apparatusid>E19</apparatusid><startdatetime>05072024 0800</startdatetime><enddatetime>05082024 0800</enddatetime><personnelid>FA3531</personnelid><radioid /><vehicleid /></Table></CADRosterView>