<CADRosterView><LoadFor><service>P</service><districtid>INGL</districtid><shiftid>2</shiftid><startdatetime>05082024 0500</startdatetime><enddatetime>05082024 2200</enddatetime><date>05082024</date></LoadFor><Table><apparatusid>3H</apparatusid><startdatetime>05082024 0600</startdatetime><enddatetime>05082024 1600</enddatetime><personnelid>A10213</personnelid><radioid>6002484</radioid><vehicleid /></Table><Table><apparatusid>3H</apparatusid><startdatetime>05082024 0600</startdatetime><enddatetime>05082024 1600</enddatetime><personnelid>A21557</personnelid><radioid>6000203</radioid><vehicleid /></Table><Table><apparatusid>3H</apparatusid><startdatetime>05082024 0600</startdatetime><enddatetime>05082024 1600</enddatetime><personnelid>A20965</personnelid><radioid>6000802</radioid><vehicleid /></Table><Table><apparatusid>3H</apparatusid><startdatetime>05082024 0600</startdatetime><enddatetime>05082024 1600</enddatetime><personnelid>A10740</personnelid><radioid>6000800</radioid><vehicleid /></Table><Table><apparatusid>3H103</apparatusid><startdatetime>05082024 0530</startdatetime><enddatetime>05082024 1530</enddatetime><personnelid>A07851</personnelid><radioid>6002477</radioid><vehicleid /></Table><Table><apparatusid>3H104</apparatusid><startdatetime>05082024 0530</startdatetime><enddatetime>05082024 1530</enddatetime><personnelid>A09623</personnelid><radioid>6000814</radioid><vehicleid>BW186</vehicleid></Table><Table><apparatusid>3H110</apparatusid><startdatetime>05082024 0530</startdatetime><enddatetime>05082024 1530</enddatetime><personnelid>A09160</personnelid><radioid>6000807</radioid><vehicleid /></Table><Table><apparatusid>3H118</apparatusid><startdatetime>05082024 0530</startdatetime><enddatetime>05082024 1530</enddatetime><personnelid>A09475</personnelid><radioid>52191</radioid><vehicleid>BW158</vehicleid></Table><Table><apparatusid>3H12A</apparatusid><startdatetime>05082024 0600</startdatetime><enddatetime>05082024 0800</enddatetime><personnelid>A09614</personnelid><radioid>6000790</radioid><vehicleid /></Table><Table><apparatusid>3H12A</apparatusid><startdatetime>05082024 0600</startdatetime><enddatetime>05082024 0800</enddatetime><personnelid>A10469</personnelid><radioid>6000779</radioid><vehicleid /></Table><Table><apparatusid>3H12A</apparatusid><startdatetime>05082024 0800</startdatetime><enddatetime>05082024 1600</enddatetime><personnelid>A09614</personnelid><radioid>6000790</radioid><vehicleid /></Table><Table><apparatusid>3H12A</apparatusid><startdatetime>05082024 0800</startdatetime><enddatetime>05082024 1600</enddatetime><personnelid>A10469</personnelid><radioid>6000779</radioid><vehicleid /></Table><Table><apparatusid>3H12A</apparatusid><startdatetime>05082024 0800</startdatetime><enddatetime>05082024 1600</enddatetime><personnelid>A10467</personnelid><radioid>6000772</radioid><vehicleid /></Table><Table><apparatusid>3H12A</apparatusid><startdatetime>05082024 1600</startdatetime><enddatetime>05082024 1800</enddatetime><personnelid>A10467</personnelid><radioid>6000772</radioid><vehicleid /></Table><Table><apparatusid>3H13A</apparatusid><startdatetime>05082024 0600</startdatetime><enddatetime>05082024 1600</enddatetime><personnelid>A10430</personnelid><radioid>6000783</radioid><vehicleid>BW089</vehicleid></Table><Table><apparatusid>3H13A</apparatusid><startdatetime>05082024 0600</startdatetime><enddatetime>05082024 1600</enddatetime><personnelid>A10120</personnelid><radioid>6000879</radioid><vehicleid>BW089</vehicleid></Table><Table><apparatusid>3H14A</apparatusid><startdatetime>05082024 0500</startdatetime><enddatetime>05082024 1500</enddatetime><personnelid>A08213</personnelid><radioid>6000852</radioid><vehicleid /></Table><Table><apparatusid>3H14A</apparatusid><startdatetime>05082024 0500</startdatetime><enddatetime>05082024 1500</enddatetime><personnelid>A06012</personnelid><radioid>6000840</radioid><vehicleid /></Table><Table><apparatusid>3H16A</apparatusid><startdatetime>05082024 0500</startdatetime><enddatetime>05082024 0600</enddatetime><personnelid>A20952</personnelid><radioid>6000477</radioid><vehicleid /></Table><Table><apparatusid>3H16A</apparatusid><startdatetime>05082024 0500</startdatetime><enddatetime>05082024 0600</enddatetime><personnelid>A09859</personnelid><radioid>6001095</radioid><vehicleid /></Table><Table><apparatusid>3H16A</apparatusid><startdatetime>05082024 0600</startdatetime><enddatetime>05082024 1500</enddatetime><personnelid>A20952</personnelid><radioid>6000477</radioid><vehicleid /></Table><Table><apparatusid>3H16A</apparatusid><startdatetime>05082024 0600</startdatetime><enddatetime>05082024 1500</enddatetime><personnelid>A09859</personnelid><radioid>6001095</radioid><vehicleid /></Table><Table><apparatusid>3H16A</apparatusid><startdatetime>05082024 0600</startdatetime><enddatetime>05082024 1500</enddatetime><personnelid>A10753</personnelid><radioid>6000845</radioid><vehicleid /></Table><Table><apparatusid>3H16A</apparatusid><startdatetime>05082024 0600</startdatetime><enddatetime>05082024 1500</enddatetime><personnelid>A07036</personnelid><radioid>6000771</radioid><vehicleid /></Table><Table><apparatusid>3H16A</apparatusid><startdatetime>05082024 1500</startdatetime><enddatetime>05082024 1600</enddatetime><personnelid>A10753</personnelid><radioid>6000845</radioid><vehicleid /></Table><Table><apparatusid>3H16A</apparatusid><startdatetime>05082024 1500</startdatetime><enddatetime>05082024 1600</enddatetime><personnelid>A07036</personnelid><radioid>6000771</radioid><vehicleid /></Table><Table><apparatusid>3H201</apparatusid><startdatetime>05082024 0530</startdatetime><enddatetime>05082024 1530</enddatetime><personnelid>A10755</personnelid><radioid>51484</radioid><vehicleid>BW070</vehicleid></Table><Table><apparatusid>3H26</apparatusid><startdatetime>05082024 1200</startdatetime><enddatetime>05082024 2200</enddatetime><personnelid>A21277</personnelid><radioid>6001965</radioid><vehicleid /></Table><Table><apparatusid>3H300</apparatusid><startdatetime>05082024 0900</startdatetime><enddatetime>05082024 1700</enddatetime><personnelid>A08666</personnelid><radioid>6000307</radioid><vehicleid>C1152</vehicleid></Table></CADRosterView>