<CADRosterView><LoadFor><service>F</service><districtid>E51</districtid><shiftid>1</shiftid><startdatetime>05082024 0800</startdatetime><enddatetime>05092024 0800</enddatetime><date>05082024</date></LoadFor><Table><apparatusid>E51</apparatusid><startdatetime>05082024 0800</startdatetime><enddatetime>05092024 0800</enddatetime><personnelid>SY6532</personnelid><radioid /><vehicleid /></Table><Table><apparatusid>E51</apparatusid><startdatetime>05082024 0800</startdatetime><enddatetime>05092024 0800</enddatetime><personnelid>PR3470</personnelid><radioid /><vehicleid /></Table><Table><apparatusid>E51</apparatusid><startdatetime>05082024 0800</startdatetime><enddatetime>05092024 0800</enddatetime><personnelid>CA3429</personnelid><radioid /><vehicleid /></Table><Table><apparatusid>E51</apparatusid><startdatetime>05082024 0800</startdatetime><enddatetime>05092024 0800</enddatetime><personnelid>BO1463</personnelid><radioid /><vehicleid /></Table></CADRosterView>