<CADRosterView><LoadFor><service>P</service><districtid>NORT</districtid><shiftid>3</shiftid><startdatetime>05082024 0900</startdatetime><enddatetime>05092024 0700</enddatetime><date>05082024</date></LoadFor><Table><apparatusid>3E13E</apparatusid><startdatetime>05082024 2100</startdatetime><enddatetime>05082024 2300</enddatetime><personnelid>A24130</personnelid><radioid>6002338</radioid><vehicleid>B1206</vehicleid></Table><Table><apparatusid>3E102</apparatusid><startdatetime>05082024 1500</startdatetime><enddatetime>05092024 0100</enddatetime><personnelid>A10320</personnelid><radioid>6001020</radioid><vehicleid /></Table><Table><apparatusid>3E103</apparatusid><startdatetime>05082024 2100</startdatetime><enddatetime>05092024 0700</enddatetime><personnelid>A09856</personnelid><radioid>6001729</radioid><vehicleid>B034</vehicleid></Table><Table><apparatusid>3E108</apparatusid><startdatetime>05082024 1500</startdatetime><enddatetime>05092024 0100</enddatetime><personnelid>A10679</personnelid><radioid>6000310</radioid><vehicleid>B011</vehicleid></Table><Table><apparatusid>3E109</apparatusid><startdatetime>05082024 2100</startdatetime><enddatetime>05092024 0700</enddatetime><personnelid>A05345</personnelid><radioid>6001018</radioid><vehicleid /></Table><Table><apparatusid>3E110</apparatusid><startdatetime>05082024 2100</startdatetime><enddatetime>05092024 0700</enddatetime><personnelid>A10872</personnelid><radioid>6000993</radioid><vehicleid>B1221</vehicleid></Table><Table><apparatusid>3E114</apparatusid><startdatetime>05082024 1500</startdatetime><enddatetime>05092024 0100</enddatetime><personnelid>A04971</personnelid><radioid>6001024</radioid><vehicleid /></Table><Table><apparatusid>3E117</apparatusid><startdatetime>05082024 2100</startdatetime><enddatetime>05092024 0700</enddatetime><personnelid>A10195</personnelid><radioid>6001051</radioid><vehicleid /></Table><Table><apparatusid>3E11D</apparatusid><startdatetime>05082024 1500</startdatetime><enddatetime>05092024 0100</enddatetime><personnelid>A21296</personnelid><radioid>6001216</radioid><vehicleid>B1281</vehicleid></Table><Table><apparatusid>3E11E</apparatusid><startdatetime>05082024 2100</startdatetime><enddatetime>05092024 0700</enddatetime><personnelid>A24133</personnelid><radioid>6001833</radioid><vehicleid>B1259</vehicleid></Table><Table><apparatusid>3E11E</apparatusid><startdatetime>05082024 2100</startdatetime><enddatetime>05092024 0700</enddatetime><personnelid>A23988</personnelid><radioid>6002371</radioid><vehicleid>B1259</vehicleid></Table><Table><apparatusid>3E12D</apparatusid><startdatetime>05082024 1500</startdatetime><enddatetime>05092024 0100</enddatetime><personnelid>A23586</personnelid><radioid>6002312</radioid><vehicleid /></Table><Table><apparatusid>3E12D</apparatusid><startdatetime>05082024 1500</startdatetime><enddatetime>05092024 0100</enddatetime><personnelid>A23593</personnelid><radioid /><vehicleid /></Table><Table><apparatusid>3E12D</apparatusid><startdatetime>05082024 1500</startdatetime><enddatetime>05092024 0100</enddatetime><personnelid>A24153</personnelid><radioid>6001496</radioid><vehicleid /></Table><Table><apparatusid>3E12D</apparatusid><startdatetime>05082024 1500</startdatetime><enddatetime>05092024 0100</enddatetime><personnelid>A23773</personnelid><radioid>6002261</radioid><vehicleid /></Table><Table><apparatusid>3E13D</apparatusid><startdatetime>05082024 1500</startdatetime><enddatetime>05092024 0100</enddatetime><personnelid>A22576</personnelid><radioid>6001835</radioid><vehicleid>B1298</vehicleid></Table><Table><apparatusid>3E13D</apparatusid><startdatetime>05082024 1500</startdatetime><enddatetime>05092024 0100</enddatetime><personnelid>A22555</personnelid><radioid>6001816</radioid><vehicleid>B1298</vehicleid></Table><Table><apparatusid>3E13E</apparatusid><startdatetime>05082024 2100</startdatetime><enddatetime>05092024 0700</enddatetime><personnelid>A23717</personnelid><radioid>6002348</radioid><vehicleid>B1206</vehicleid></Table><Table><apparatusid>3E13E</apparatusid><startdatetime>05082024 2100</startdatetime><enddatetime>05092024 0700</enddatetime><personnelid>A24303</personnelid><radioid>6001518</radioid><vehicleid>B1206</vehicleid></Table><Table><apparatusid>3E13E</apparatusid><startdatetime>05082024 2100</startdatetime><enddatetime>05092024 0700</enddatetime><personnelid>A23660</personnelid><radioid>6000990</radioid><vehicleid>B1206</vehicleid></Table><Table><apparatusid>3E14D</apparatusid><startdatetime>05082024 1500</startdatetime><enddatetime>05092024 0100</enddatetime><personnelid>A21522</personnelid><radioid>6000567</radioid><vehicleid>BW106</vehicleid></Table><Table><apparatusid>3E14D</apparatusid><startdatetime>05082024 1500</startdatetime><enddatetime>05092024 0100</enddatetime><personnelid>A22535</personnelid><radioid>6001911</radioid><vehicleid>BW106</vehicleid></Table><Table><apparatusid>3E14D</apparatusid><startdatetime>05082024 1500</startdatetime><enddatetime>05092024 0100</enddatetime><personnelid>A10726</personnelid><radioid>6002449</radioid><vehicleid>BW106</vehicleid></Table><Table><apparatusid>3E14D</apparatusid><startdatetime>05082024 1500</startdatetime><enddatetime>05092024 0100</enddatetime><personnelid>A21613</personnelid><radioid>6000418</radioid><vehicleid>BW106</vehicleid></Table><Table><apparatusid>3E14E</apparatusid><startdatetime>05082024 2100</startdatetime><enddatetime>05092024 0700</enddatetime><personnelid>A22475</personnelid><radioid>6001556</radioid><vehicleid /></Table><Table><apparatusid>3E14E</apparatusid><startdatetime>05082024 2100</startdatetime><enddatetime>05092024 0700</enddatetime><personnelid>A21945</personnelid><radioid>6000335</radioid><vehicleid /></Table><Table><apparatusid>3E14E</apparatusid><startdatetime>05082024 2100</startdatetime><enddatetime>05092024 0700</enddatetime><personnelid>A24309</personnelid><radioid>6000349</radioid><vehicleid /></Table><Table><apparatusid>3E15D</apparatusid><startdatetime>05082024 1500</startdatetime><enddatetime>05092024 0100</enddatetime><personnelid>A20702</personnelid><radioid>6002463</radioid><vehicleid>B1238</vehicleid></Table><Table><apparatusid>3E15D</apparatusid><startdatetime>05082024 1500</startdatetime><enddatetime>05092024 0100</enddatetime><personnelid>A09879</personnelid><radioid>6000998</radioid><vehicleid>B1238</vehicleid></Table><Table><apparatusid>3E15D</apparatusid><startdatetime>05082024 1500</startdatetime><enddatetime>05092024 0100</enddatetime><personnelid>A22197</personnelid><radioid>6002136</radioid><vehicleid>B1238</vehicleid></Table><Table><apparatusid>3E15D</apparatusid><startdatetime>05082024 1500</startdatetime><enddatetime>05092024 0100</enddatetime><personnelid>A10112</personnelid><radioid>6000994</radioid><vehicleid>B1238</vehicleid></Table><Table><apparatusid>3E15E</apparatusid><startdatetime>05082024 2100</startdatetime><enddatetime>05092024 0700</enddatetime><personnelid>A21523</personnelid><radioid>6001017</radioid><vehicleid /></Table><Table><apparatusid>3E15E</apparatusid><startdatetime>05082024 2100</startdatetime><enddatetime>05092024 0700</enddatetime><personnelid>A07673</personnelid><radioid>1243</radioid><vehicleid /></Table><Table><apparatusid>3E16D</apparatusid><startdatetime>05082024 1500</startdatetime><enddatetime>05092024 0100</enddatetime><personnelid>A23735</personnelid><radioid>6002298</radioid><vehicleid /></Table><Table><apparatusid>3E16D</apparatusid><startdatetime>05082024 1500</startdatetime><enddatetime>05092024 0100</enddatetime><personnelid>A20694</personnelid><radioid>6000930</radioid><vehicleid /></Table><Table><apparatusid>3E16D</apparatusid><startdatetime>05082024 1500</startdatetime><enddatetime>05092024 0100</enddatetime><personnelid>A07706</personnelid><radioid>6002514</radioid><vehicleid /></Table><Table><apparatusid>3E16D</apparatusid><startdatetime>05082024 1500</startdatetime><enddatetime>05092024 0100</enddatetime><personnelid>A23604</personnelid><radioid>6002303</radioid><vehicleid /></Table><Table><apparatusid>3E16E</apparatusid><startdatetime>05082024 2100</startdatetime><enddatetime>05092024 0700</enddatetime><personnelid>A23603</personnelid><radioid>6002294</radioid><vehicleid /></Table><Table><apparatusid>3E16E</apparatusid><startdatetime>05082024 2100</startdatetime><enddatetime>05092024 0700</enddatetime><personnelid>A23589</personnelid><radioid>6002314</radioid><vehicleid /></Table><Table><apparatusid>3E16E</apparatusid><startdatetime>05082024 2100</startdatetime><enddatetime>05092024 0700</enddatetime><personnelid>A21729</personnelid><radioid>6002464</radioid><vehicleid /></Table><Table><apparatusid>3E201</apparatusid><startdatetime>05082024 0900</startdatetime><enddatetime>05092024 0000</enddatetime><personnelid>A08087</personnelid><radioid>6000521</radioid><vehicleid>BW045</vehicleid></Table><Table><apparatusid>3E203</apparatusid><startdatetime>05082024 1500</startdatetime><enddatetime>05092024 0100</enddatetime><personnelid>A06158</personnelid><radioid>6001227</radioid><vehicleid>BW127</vehicleid></Table><Table><apparatusid>3E30</apparatusid><startdatetime>05082024 2100</startdatetime><enddatetime>05092024 0700</enddatetime><personnelid>A09705</personnelid><radioid>6001141</radioid><vehicleid /></Table></CADRosterView>