<CADRosterView><LoadFor><service>P</service><districtid>TEND</districtid><shiftid>3</shiftid><startdatetime>05092024 1400</startdatetime><enddatetime>05102024 0700</enddatetime><date>05092024</date></LoadFor><Table><apparatusid>3J</apparatusid><startdatetime>05092024 1500</startdatetime><enddatetime>05092024 2100</enddatetime><personnelid>A22505</personnelid><radioid>6001459</radioid><vehicleid /></Table><Table><apparatusid>3J</apparatusid><startdatetime>05092024 1500</startdatetime><enddatetime>05092024 2100</enddatetime><personnelid>A22415</personnelid><radioid>6000090</radioid><vehicleid /></Table><Table><apparatusid>3J</apparatusid><startdatetime>05092024 1500</startdatetime><enddatetime>05092024 2100</enddatetime><personnelid>A24314</personnelid><radioid>6000548</radioid><vehicleid /></Table><Table><apparatusid>3J</apparatusid><startdatetime>05092024 1500</startdatetime><enddatetime>05092024 2100</enddatetime><personnelid>A25446</personnelid><radioid>6001369</radioid><vehicleid /></Table><Table><apparatusid>3J</apparatusid><startdatetime>05092024 2100</startdatetime><enddatetime>05102024 0100</enddatetime><personnelid>A22505</personnelid><radioid>6001459</radioid><vehicleid /></Table><Table><apparatusid>3J</apparatusid><startdatetime>05092024 2100</startdatetime><enddatetime>05102024 0100</enddatetime><personnelid>A22415</personnelid><radioid>6000090</radioid><vehicleid /></Table><Table><apparatusid>3J</apparatusid><startdatetime>05092024 2100</startdatetime><enddatetime>05102024 0100</enddatetime><personnelid>A24314</personnelid><radioid>6000548</radioid><vehicleid /></Table><Table><apparatusid>3J</apparatusid><startdatetime>05092024 2100</startdatetime><enddatetime>05102024 0100</enddatetime><personnelid>A25446</personnelid><radioid>6001369</radioid><vehicleid /></Table><Table><apparatusid>3J</apparatusid><startdatetime>05102024 0100</startdatetime><enddatetime>05102024 0700</enddatetime><personnelid>A24651</personnelid><radioid>6001992</radioid><vehicleid /></Table><Table><apparatusid>3J</apparatusid><startdatetime>05102024 0100</startdatetime><enddatetime>05102024 0700</enddatetime><personnelid>A10800</personnelid><radioid>6001561</radioid><vehicleid /></Table><Table><apparatusid>3J</apparatusid><startdatetime>05102024 0100</startdatetime><enddatetime>05102024 0700</enddatetime><personnelid>A21114</personnelid><radioid>6000182</radioid><vehicleid /></Table><Table><apparatusid>3J</apparatusid><startdatetime>05102024 0100</startdatetime><enddatetime>05102024 0700</enddatetime><personnelid>A24640</personnelid><radioid>6001665</radioid><vehicleid /></Table><Table><apparatusid>3J101</apparatusid><startdatetime>05092024 1800</startdatetime><enddatetime>05102024 0400</enddatetime><personnelid>A07685</personnelid><radioid>18273</radioid><vehicleid>BW119</vehicleid></Table><Table><apparatusid>3J113</apparatusid><startdatetime>05092024 2100</startdatetime><enddatetime>05102024 0700</enddatetime><personnelid>A21210</personnelid><radioid>52781</radioid><vehicleid>BW240</vehicleid></Table><Table><apparatusid>3J117</apparatusid><startdatetime>05092024 1500</startdatetime><enddatetime>05102024 0100</enddatetime><personnelid>A21164</personnelid><radioid>6000587</radioid><vehicleid>B033</vehicleid></Table><Table><apparatusid>3J135</apparatusid><startdatetime>05092024 1400</startdatetime><enddatetime>05102024 0000</enddatetime><personnelid>A10761</personnelid><radioid>6000204</radioid><vehicleid>C1049</vehicleid></Table><Table><apparatusid>3J35</apparatusid><startdatetime>05092024 1400</startdatetime><enddatetime>05102024 0000</enddatetime><personnelid>A10480</personnelid><radioid>51337</radioid><vehicleid /></Table><Table><apparatusid>3J36</apparatusid><startdatetime>05092024 1400</startdatetime><enddatetime>05102024 0000</enddatetime><personnelid>A10728</personnelid><radioid>6002452</radioid><vehicleid>C102</vehicleid></Table><Table><apparatusid>3J37</apparatusid><startdatetime>05092024 1400</startdatetime><enddatetime>05102024 0000</enddatetime><personnelid>A22854</personnelid><radioid>6002038</radioid><vehicleid>C102</vehicleid></Table><Table><apparatusid>3J38</apparatusid><startdatetime>05092024 1400</startdatetime><enddatetime>05102024 0000</enddatetime><personnelid>A21782</personnelid><radioid>13777</radioid><vehicleid>C102</vehicleid></Table><Table><apparatusid>3J39</apparatusid><startdatetime>05092024 1400</startdatetime><enddatetime>05102024 0000</enddatetime><personnelid>A20715</personnelid><radioid>6000345</radioid><vehicleid /></Table><Table><apparatusid>3J41</apparatusid><startdatetime>05092024 2000</startdatetime><enddatetime>05102024 0600</enddatetime><personnelid>A21960</personnelid><radioid>6001562</radioid><vehicleid /></Table><Table><apparatusid>3J46</apparatusid><startdatetime>05092024 2000</startdatetime><enddatetime>05102024 0600</enddatetime><personnelid>A24551</personnelid><radioid>6000425</radioid><vehicleid /></Table><Table><apparatusid>3J47</apparatusid><startdatetime>05092024 2000</startdatetime><enddatetime>05102024 0600</enddatetime><personnelid>A23161</personnelid><radioid>6000033</radioid><vehicleid /></Table><Table><apparatusid>3J48</apparatusid><startdatetime>05092024 2000</startdatetime><enddatetime>05102024 0600</enddatetime><personnelid>A22038</personnelid><radioid>6001441</radioid><vehicleid /></Table><Table><apparatusid>3JSD</apparatusid><startdatetime>05092024 1430</startdatetime><enddatetime>05102024 0030</enddatetime><personnelid>A25414</personnelid><radioid /><vehicleid /></Table></CADRosterView>