<CADRosterView><LoadFor><service>P</service><districtid>TACT</districtid><shiftid>3</shiftid><startdatetime>05072024 0530</startdatetime><enddatetime>05082024 1530</enddatetime><date>05072024</date></LoadFor><Table><apparatusid>4T109</apparatusid><startdatetime>05082024 0530</startdatetime><enddatetime>05082024 1530</enddatetime><personnelid>A04895</personnelid><radioid>52011</radioid><vehicleid>B1026</vehicleid></Table><Table><apparatusid>4T9G</apparatusid><startdatetime>05082024 0530</startdatetime><enddatetime>05082024 1530</enddatetime><personnelid>A04685</personnelid><radioid>6002406</radioid><vehicleid>BW129</vehicleid></Table><Table><apparatusid>4T9E</apparatusid><startdatetime>05072024 2000</startdatetime><enddatetime>05082024 0600</enddatetime><personnelid>A04989</personnelid><radioid>6002410</radioid><vehicleid>B1290</vehicleid></Table></CADRosterView>