<CADRosterView><LoadFor><service>P</service><districtid>AFOB</districtid><shiftid>2</shiftid><startdatetime>05092024 0600</startdatetime><enddatetime>05092024 2000</enddatetime><date>05092024</date></LoadFor><Table><apparatusid>6T106</apparatusid><startdatetime>05092024 1000</startdatetime><enddatetime>05092024 2000</enddatetime><personnelid>A09299</personnelid><radioid>6138318</radioid><vehicleid /></Table><Table><apparatusid>6T71</apparatusid><startdatetime>05092024 0600</startdatetime><enddatetime>05092024 1600</enddatetime><personnelid>A06503</personnelid><radioid>6001334</radioid><vehicleid /></Table><Table><apparatusid>6T91</apparatusid><startdatetime>05092024 0600</startdatetime><enddatetime>05092024 1600</enddatetime><personnelid>A04941</personnelid><radioid>6138371</radioid><vehicleid /></Table><Table><apparatusid>6T99</apparatusid><startdatetime>05092024 0600</startdatetime><enddatetime>05092024 1600</enddatetime><personnelid>A04980</personnelid><radioid>6138370</radioid><vehicleid /></Table></CADRosterView>