<CADRosterView><LoadFor><service>F</service><districtid>E41</districtid><shiftid>1</shiftid><startdatetime>05082024 0800</startdatetime><enddatetime>05092024 0800</enddatetime><date>05082024</date></LoadFor><Table><apparatusid>E41</apparatusid><startdatetime>05082024 0800</startdatetime><enddatetime>05092024 0800</enddatetime><personnelid>GI1082</personnelid><radioid /><vehicleid /></Table><Table><apparatusid>E41</apparatusid><startdatetime>05082024 0800</startdatetime><enddatetime>05092024 0800</enddatetime><personnelid>WI1740</personnelid><radioid /><vehicleid /></Table><Table><apparatusid>E41</apparatusid><startdatetime>05082024 0800</startdatetime><enddatetime>05092024 0800</enddatetime><personnelid>SC2247</personnelid><radioid /><vehicleid /></Table></CADRosterView>