<CADRosterView><LoadFor><service>P</service><districtid>TEND</districtid><shiftid>5</shiftid><startdatetime>05072024 0700</startdatetime><enddatetime>05072024 1700</enddatetime><date>05072024</date></LoadFor><Table><apparatusid>3J</apparatusid><startdatetime>05072024 0700</startdatetime><enddatetime>05072024 1700</enddatetime><personnelid>A24723</personnelid><radioid>6001735</radioid><vehicleid /></Table><Table><apparatusid>3J104</apparatusid><startdatetime>05072024 0700</startdatetime><enddatetime>05072024 1700</enddatetime><personnelid>A09858</personnelid><radioid>6001406</radioid><vehicleid>B033</vehicleid></Table><Table><apparatusid>3J38G</apparatusid><startdatetime>05072024 0700</startdatetime><enddatetime>05072024 1700</enddatetime><personnelid>A23977</personnelid><radioid>6001566</radioid><vehicleid /></Table></CADRosterView>