<CADRosterView><LoadFor><service>P</service><districtid>DOC</districtid><shiftid>3</shiftid><startdatetime>05092024 2100</startdatetime><enddatetime>05102024 0700</enddatetime><date>05092024</date></LoadFor><Table><apparatusid>2V00</apparatusid><startdatetime>05092024 2100</startdatetime><enddatetime>05102024 0700</enddatetime><personnelid>A23741</personnelid><radioid>6002281</radioid><vehicleid /></Table><Table><apparatusid>2V100</apparatusid><startdatetime>05092024 2100</startdatetime><enddatetime>05102024 0700</enddatetime><personnelid>A22491</personnelid><radioid>6000764</radioid><vehicleid /></Table><Table><apparatusid>2V11</apparatusid><startdatetime>05092024 2100</startdatetime><enddatetime>05102024 0700</enddatetime><personnelid>A04702</personnelid><radioid>6001260</radioid><vehicleid /></Table></CADRosterView>