<CADRosterView><LoadFor><service>P</service><districtid>RICH</districtid><shiftid>2</shiftid><startdatetime>05092024 0500</startdatetime><enddatetime>05092024 1600</enddatetime><date>05092024</date></LoadFor><Table><apparatusid>3G112</apparatusid><startdatetime>05092024 0530</startdatetime><enddatetime>05092024 1530</enddatetime><personnelid>A09731</personnelid><radioid>6001351</radioid><vehicleid>BW138</vehicleid></Table><Table><apparatusid>3G116</apparatusid><startdatetime>05092024 0600</startdatetime><enddatetime>05092024 1600</enddatetime><personnelid>A06178</personnelid><radioid>6001357</radioid><vehicleid>B001</vehicleid></Table><Table><apparatusid>3G13A</apparatusid><startdatetime>05092024 0600</startdatetime><enddatetime>05092024 1600</enddatetime><personnelid>A10616</personnelid><radioid>6001328</radioid><vehicleid>BW267</vehicleid></Table><Table><apparatusid>3G13A</apparatusid><startdatetime>05092024 0600</startdatetime><enddatetime>05092024 1600</enddatetime><personnelid>A20311</personnelid><radioid>6001667</radioid><vehicleid>BW267</vehicleid></Table><Table><apparatusid>3G201</apparatusid><startdatetime>05092024 0500</startdatetime><enddatetime>05092024 1500</enddatetime><personnelid>A08074</personnelid><radioid>6001449</radioid><vehicleid>BW138</vehicleid></Table><Table><apparatusid>3G21</apparatusid><startdatetime>05092024 0600</startdatetime><enddatetime>05092024 1600</enddatetime><personnelid>A06932</personnelid><radioid>6001301</radioid><vehicleid /></Table><Table><apparatusid>3G23</apparatusid><startdatetime>05092024 0600</startdatetime><enddatetime>05092024 1600</enddatetime><personnelid>A10610</personnelid><radioid>6001309</radioid><vehicleid>C308</vehicleid></Table><Table><apparatusid>3G2A</apparatusid><startdatetime>05092024 0600</startdatetime><enddatetime>05092024 1600</enddatetime><personnelid>A20847</personnelid><radioid>6001209</radioid><vehicleid>BW169</vehicleid></Table><Table><apparatusid>3G2B</apparatusid><startdatetime>05092024 1000</startdatetime><enddatetime>05092024 1500</enddatetime><personnelid>A22129</personnelid><radioid /><vehicleid /></Table><Table><apparatusid>3G5A</apparatusid><startdatetime>05092024 0600</startdatetime><enddatetime>05092024 1600</enddatetime><personnelid>A10878</personnelid><radioid>6001136</radioid><vehicleid>BW227</vehicleid></Table><Table><apparatusid>3G68</apparatusid><startdatetime>05092024 0500</startdatetime><enddatetime>05092024 1500</enddatetime><personnelid>A22388</personnelid><radioid>6001639</radioid><vehicleid>K108</vehicleid></Table><Table><apparatusid>3GSD</apparatusid><startdatetime>05092024 0600</startdatetime><enddatetime>05092024 1600</enddatetime><personnelid>A24459</personnelid><radioid /><vehicleid /></Table><Table><apparatusid>3GSK</apparatusid><startdatetime>05092024 0600</startdatetime><enddatetime>05092024 1600</enddatetime><personnelid>A10970</personnelid><radioid>6000659</radioid><vehicleid /></Table></CADRosterView>