<CADRosterView><LoadFor><service>P</service><districtid>PROP</districtid><shiftid>2</shiftid><startdatetime>05092024 0400</startdatetime><enddatetime>05092024 1700</enddatetime><date>05092024</date></LoadFor><Table><apparatusid>2D100</apparatusid><startdatetime>05092024 0700</startdatetime><enddatetime>05092024 1700</enddatetime><personnelid>A09290</personnelid><radioid>6000303</radioid><vehicleid /></Table><Table><apparatusid>2D2</apparatusid><startdatetime>05092024 0400</startdatetime><enddatetime>05092024 1200</enddatetime><personnelid>A05011</personnelid><radioid>6000412</radioid><vehicleid /></Table><Table><apparatusid>2D200</apparatusid><startdatetime>05092024 0800</startdatetime><enddatetime>05092024 1600</enddatetime><personnelid>A05363</personnelid><radioid>1123</radioid><vehicleid /></Table><Table><apparatusid>2D3</apparatusid><startdatetime>05092024 0700</startdatetime><enddatetime>05092024 1700</enddatetime><personnelid>A02853</personnelid><radioid>6001720</radioid><vehicleid /></Table><Table><apparatusid>2D4</apparatusid><startdatetime>05092024 0700</startdatetime><enddatetime>05092024 1700</enddatetime><personnelid>A05679</personnelid><radioid>6001719</radioid><vehicleid /></Table><Table><apparatusid>2D5</apparatusid><startdatetime>05092024 0700</startdatetime><enddatetime>05092024 1700</enddatetime><personnelid>A10347</personnelid><radioid>6001312</radioid><vehicleid /></Table><Table><apparatusid>2D6</apparatusid><startdatetime>05092024 0700</startdatetime><enddatetime>05092024 1700</enddatetime><personnelid>A07409</personnelid><radioid>51834</radioid><vehicleid /></Table></CADRosterView>