<CADRosterView><LoadFor><service>P</service><districtid>FOB</districtid><shiftid>2</shiftid><startdatetime>05092024 0500</startdatetime><enddatetime>05092024 2100</enddatetime><date>05092024</date></LoadFor><Table><apparatusid>3X00</apparatusid><startdatetime>05092024 0600</startdatetime><enddatetime>05092024 1400</enddatetime><personnelid>A10884</personnelid><radioid>51399</radioid><vehicleid /></Table><Table><apparatusid>3X00</apparatusid><startdatetime>05092024 0600</startdatetime><enddatetime>05092024 1400</enddatetime><personnelid>A22878</personnelid><radioid>6002067</radioid><vehicleid /></Table><Table><apparatusid>3X00</apparatusid><startdatetime>05092024 1400</startdatetime><enddatetime>05092024 1600</enddatetime><personnelid>A22878</personnelid><radioid>6002067</radioid><vehicleid /></Table><Table><apparatusid>3X10</apparatusid><startdatetime>05092024 0900</startdatetime><enddatetime>05092024 1900</enddatetime><personnelid>A21274</personnelid><radioid>6000932</radioid><vehicleid /></Table><Table><apparatusid>3X100</apparatusid><startdatetime>05092024 1000</startdatetime><enddatetime>05092024 2000</enddatetime><personnelid>A11172</personnelid><radioid>51900</radioid><vehicleid>BW153</vehicleid></Table><Table><apparatusid>3X101</apparatusid><startdatetime>05092024 0500</startdatetime><enddatetime>05092024 1500</enddatetime><personnelid>A06014</personnelid><radioid>6000389</radioid><vehicleid>B1275</vehicleid></Table><Table><apparatusid>3X110</apparatusid><startdatetime>05092024 0600</startdatetime><enddatetime>05092024 1600</enddatetime><personnelid>A06922</personnelid><radioid>713224</radioid><vehicleid>B1275</vehicleid></Table><Table><apparatusid>3X201</apparatusid><startdatetime>05092024 0730</startdatetime><enddatetime>05092024 1730</enddatetime><personnelid>A06006</personnelid><radioid>53377</radioid><vehicleid>C1144</vehicleid></Table><Table><apparatusid>3X202</apparatusid><startdatetime>05092024 0600</startdatetime><enddatetime>05092024 1600</enddatetime><personnelid>A08693</personnelid><radioid>52926</radioid><vehicleid>C1078</vehicleid></Table><Table><apparatusid>3X205</apparatusid><startdatetime>05092024 0800</startdatetime><enddatetime>05092024 1800</enddatetime><personnelid>A07051</personnelid><radioid>6002023</radioid><vehicleid /></Table><Table><apparatusid>3X206</apparatusid><startdatetime>05092024 0800</startdatetime><enddatetime>05092024 1800</enddatetime><personnelid>A10219</personnelid><radioid>6001220</radioid><vehicleid>C1078</vehicleid></Table><Table><apparatusid>3X207</apparatusid><startdatetime>05092024 0700</startdatetime><enddatetime>05092024 1700</enddatetime><personnelid>A07823</personnelid><radioid>18269</radioid><vehicleid>C1078</vehicleid></Table><Table><apparatusid>3X23</apparatusid><startdatetime>05092024 0700</startdatetime><enddatetime>05092024 1700</enddatetime><personnelid>A10333</personnelid><radioid>6000901</radioid><vehicleid /></Table><Table><apparatusid>3X31A</apparatusid><startdatetime>05092024 0600</startdatetime><enddatetime>05092024 1600</enddatetime><personnelid>A20725</personnelid><radioid>6001029</radioid><vehicleid /></Table><Table><apparatusid>3X31B</apparatusid><startdatetime>05092024 0600</startdatetime><enddatetime>05092024 1600</enddatetime><personnelid>A20984</personnelid><radioid>6001233</radioid><vehicleid /></Table><Table><apparatusid>3X31C</apparatusid><startdatetime>05092024 0600</startdatetime><enddatetime>05092024 1600</enddatetime><personnelid>A22508</personnelid><radioid>6001921</radioid><vehicleid /></Table><Table><apparatusid>3X34</apparatusid><startdatetime>05092024 1100</startdatetime><enddatetime>05092024 2100</enddatetime><personnelid>A09732</personnelid><radioid>6001099</radioid><vehicleid /></Table><Table><apparatusid>3X36</apparatusid><startdatetime>05092024 0500</startdatetime><enddatetime>05092024 1500</enddatetime><personnelid>A08205</personnelid><radioid>6002139</radioid><vehicleid /></Table><Table><apparatusid>3X37A</apparatusid><startdatetime>05092024 0730</startdatetime><enddatetime>05092024 1730</enddatetime><personnelid>A22364</personnelid><radioid /><vehicleid /></Table><Table><apparatusid>3X400</apparatusid><startdatetime>05092024 0800</startdatetime><enddatetime>05092024 1600</enddatetime><personnelid>A05359</personnelid><radioid>6000084</radioid><vehicleid>BW109</vehicleid></Table><Table><apparatusid>3X401</apparatusid><startdatetime>05092024 0800</startdatetime><enddatetime>05092024 1600</enddatetime><personnelid>A08202</personnelid><radioid>6001952</radioid><vehicleid>C1147</vehicleid></Table><Table><apparatusid>3X402</apparatusid><startdatetime>05092024 0800</startdatetime><enddatetime>05092024 1600</enddatetime><personnelid>A04766</personnelid><radioid>6001994</radioid><vehicleid /></Table><Table><apparatusid>3X41</apparatusid><startdatetime>05092024 0500</startdatetime><enddatetime>05092024 1500</enddatetime><personnelid>A06708</personnelid><radioid>6001787</radioid><vehicleid /></Table><Table><apparatusid>3X500</apparatusid><startdatetime>05092024 0800</startdatetime><enddatetime>05092024 1600</enddatetime><personnelid>A06700</personnelid><radioid>51456</radioid><vehicleid /></Table><Table><apparatusid>3X550</apparatusid><startdatetime>05092024 0900</startdatetime><enddatetime>05092024 1700</enddatetime><personnelid>A00915</personnelid><radioid>6000667</radioid><vehicleid /></Table></CADRosterView>