<CADRosterView><LoadFor><service>F</service><districtid>M553</districtid><shiftid>1</shiftid><startdatetime>05072024 0600</startdatetime><enddatetime>05082024 0430</enddatetime><date>05072024</date></LoadFor><Table><apparatusid>M553</apparatusid><startdatetime>05072024 0600</startdatetime><enddatetime>05072024 1600</enddatetime><personnelid>FA2675</personnelid><radioid /><vehicleid /></Table><Table><apparatusid>M553</apparatusid><startdatetime>05072024 0600</startdatetime><enddatetime>05072024 1600</enddatetime><personnelid>SM2232</personnelid><radioid /><vehicleid /></Table><Table><apparatusid>M553</apparatusid><startdatetime>05072024 1630</startdatetime><enddatetime>05082024 0430</enddatetime><personnelid>MA3964</personnelid><radioid /><vehicleid /></Table><Table><apparatusid>M553</apparatusid><startdatetime>05072024 1630</startdatetime><enddatetime>05082024 0430</enddatetime><personnelid>OL2779</personnelid><radioid /><vehicleid /></Table></CADRosterView>