<CADRosterView><LoadFor><service>F</service><districtid>D3</districtid><shiftid>1</shiftid><startdatetime>05082024 0800</startdatetime><enddatetime>05092024 0800</enddatetime><date>05082024</date></LoadFor><Table><apparatusid>D3</apparatusid><startdatetime>05082024 0800</startdatetime><enddatetime>05092024 0800</enddatetime><personnelid>RA6553</personnelid><radioid /><vehicleid /></Table><Table><apparatusid>D3</apparatusid><startdatetime>05082024 0800</startdatetime><enddatetime>05092024 0800</enddatetime><personnelid>MO3842</personnelid><radioid /><vehicleid /></Table></CADRosterView>