<CADRosterView><LoadFor><service>F</service><districtid>E36</districtid><shiftid>1</shiftid><startdatetime>05082024 0800</startdatetime><enddatetime>05092024 0800</enddatetime><date>05082024</date></LoadFor><Table><apparatusid>E36</apparatusid><startdatetime>05082024 0800</startdatetime><enddatetime>05092024 0800</enddatetime><personnelid>GR1466</personnelid><radioid /><vehicleid /></Table><Table><apparatusid>E36</apparatusid><startdatetime>05082024 0800</startdatetime><enddatetime>05092024 0800</enddatetime><personnelid>JO3145</personnelid><radioid /><vehicleid /></Table><Table><apparatusid>E36</apparatusid><startdatetime>05082024 0800</startdatetime><enddatetime>05092024 0800</enddatetime><personnelid>OT4225</personnelid><radioid /><vehicleid /></Table><Table><apparatusid>E36</apparatusid><startdatetime>05082024 0800</startdatetime><enddatetime>05092024 0800</enddatetime><personnelid>CL1037</personnelid><radioid /><vehicleid /></Table></CADRosterView>