<CADRosterView><LoadFor><service>F</service><districtid>E12</districtid><shiftid>1</shiftid><startdatetime>05082024 0800</startdatetime><enddatetime>05092024 0800</enddatetime><date>05082024</date></LoadFor><Table><apparatusid>E12</apparatusid><startdatetime>05082024 0800</startdatetime><enddatetime>05092024 0800</enddatetime><personnelid>LE5705</personnelid><radioid /><vehicleid /></Table><Table><apparatusid>E12</apparatusid><startdatetime>05082024 0800</startdatetime><enddatetime>05092024 0800</enddatetime><personnelid>BE7619</personnelid><radioid /><vehicleid /></Table><Table><apparatusid>E12</apparatusid><startdatetime>05082024 0800</startdatetime><enddatetime>05092024 0800</enddatetime><personnelid>DU2761</personnelid><radioid /><vehicleid /></Table><Table><apparatusid>E12</apparatusid><startdatetime>05082024 0800</startdatetime><enddatetime>05092024 0800</enddatetime><personnelid>GO2123</personnelid><radioid /><vehicleid /></Table><Table><apparatusid>E12</apparatusid><startdatetime>05082024 0800</startdatetime><enddatetime>05092024 0800</enddatetime><personnelid>MC4954</personnelid><radioid /><vehicleid /></Table></CADRosterView>