<CADRosterView><LoadFor><service>P</service><districtid>POTR</districtid><shiftid>3</shiftid><startdatetime>05092024 1400</startdatetime><enddatetime>05102024 0700</enddatetime><date>05092024</date></LoadFor><Table><apparatusid>3C105</apparatusid><startdatetime>05092024 1600</startdatetime><enddatetime>05102024 0200</enddatetime><personnelid>A09604</personnelid><radioid>6000470</radioid><vehicleid /></Table><Table><apparatusid>3C106</apparatusid><startdatetime>05092024 2100</startdatetime><enddatetime>05102024 0700</enddatetime><personnelid>A20848</personnelid><radioid>52267</radioid><vehicleid /></Table><Table><apparatusid>3C110</apparatusid><startdatetime>05092024 2100</startdatetime><enddatetime>05102024 0700</enddatetime><personnelid>A09462</personnelid><radioid>6001162</radioid><vehicleid>BW060</vehicleid></Table><Table><apparatusid>3C115</apparatusid><startdatetime>05092024 2100</startdatetime><enddatetime>05102024 0700</enddatetime><personnelid>A09308</personnelid><radioid>6001007</radioid><vehicleid>BW234</vehicleid></Table><Table><apparatusid>3C11D</apparatusid><startdatetime>05092024 1500</startdatetime><enddatetime>05102024 0100</enddatetime><personnelid>A22404</personnelid><radioid>6001379</radioid><vehicleid /></Table><Table><apparatusid>3C11E</apparatusid><startdatetime>05092024 2100</startdatetime><enddatetime>05102024 0700</enddatetime><personnelid>A22724</personnelid><radioid>6001604</radioid><vehicleid /></Table><Table><apparatusid>3C11E</apparatusid><startdatetime>05092024 2100</startdatetime><enddatetime>05102024 0700</enddatetime><personnelid>A21728</personnelid><radioid>6002214</radioid><vehicleid /></Table><Table><apparatusid>3C12E</apparatusid><startdatetime>05092024 2100</startdatetime><enddatetime>05102024 0700</enddatetime><personnelid>A24398</personnelid><radioid>6001589</radioid><vehicleid /></Table><Table><apparatusid>3C12E</apparatusid><startdatetime>05092024 2100</startdatetime><enddatetime>05102024 0700</enddatetime><personnelid>A24392</personnelid><radioid>6001081</radioid><vehicleid /></Table><Table><apparatusid>3C14E</apparatusid><startdatetime>05092024 2100</startdatetime><enddatetime>05102024 0700</enddatetime><personnelid>A22409</personnelid><radioid>6001404</radioid><vehicleid /></Table><Table><apparatusid>3C15E</apparatusid><startdatetime>05092024 2100</startdatetime><enddatetime>05102024 0700</enddatetime><personnelid>A25102</personnelid><radioid>6001089</radioid><vehicleid /></Table><Table><apparatusid>3C203</apparatusid><startdatetime>05092024 1400</startdatetime><enddatetime>05102024 0000</enddatetime><personnelid>A07061</personnelid><radioid>6000955</radioid><vehicleid>BW234</vehicleid></Table><Table><apparatusid>3C31</apparatusid><startdatetime>05092024 2100</startdatetime><enddatetime>05102024 0700</enddatetime><personnelid>A08835</personnelid><radioid>6001197</radioid><vehicleid /></Table><Table><apparatusid>3C31</apparatusid><startdatetime>05092024 2100</startdatetime><enddatetime>05102024 0700</enddatetime><personnelid>A07062</personnelid><radioid>6001134</radioid><vehicleid /></Table></CADRosterView>