<CADRosterView><LoadFor><service>F</service><districtid>E23</districtid><shiftid>1</shiftid><startdatetime>05072024 0800</startdatetime><enddatetime>05082024 0800</enddatetime><date>05072024</date></LoadFor><Table><apparatusid>E23</apparatusid><startdatetime>05072024 0800</startdatetime><enddatetime>05082024 0800</enddatetime><personnelid>OK6635</personnelid><radioid /><vehicleid /></Table><Table><apparatusid>E23</apparatusid><startdatetime>05072024 0800</startdatetime><enddatetime>05082024 0800</enddatetime><personnelid>TR1371</personnelid><radioid /><vehicleid /></Table></CADRosterView>