<CADRosterView><LoadFor><service>P</service><districtid>MTA</districtid><shiftid>3</shiftid><startdatetime>05072024 1100</startdatetime><enddatetime>05082024 2100</enddatetime><date>05072024</date></LoadFor><Table><apparatusid>4B4E</apparatusid><startdatetime>05082024 1100</startdatetime><enddatetime>05082024 2100</enddatetime><personnelid>A10680</personnelid><radioid>6001631</radioid><vehicleid>A320</vehicleid></Table><Table><apparatusid>4B104</apparatusid><startdatetime>05072024 1400</startdatetime><enddatetime>05082024 0000</enddatetime><personnelid>A03894</personnelid><radioid>6001694</radioid><vehicleid>A362</vehicleid></Table><Table><apparatusid>4B4C</apparatusid><startdatetime>05072024 1400</startdatetime><enddatetime>05082024 0000</enddatetime><personnelid>A10357</personnelid><radioid>6001779</radioid><vehicleid>A362</vehicleid></Table><Table><apparatusid>4B4D</apparatusid><startdatetime>05072024 1400</startdatetime><enddatetime>05082024 0000</enddatetime><personnelid>A07872</personnelid><radioid>6001704</radioid><vehicleid>A378</vehicleid></Table><Table><apparatusid>4B4F</apparatusid><startdatetime>05072024 1400</startdatetime><enddatetime>05082024 0000</enddatetime><personnelid>A21074</personnelid><radioid>52288</radioid><vehicleid>A360</vehicleid></Table></CADRosterView>