<CADRosterView><LoadFor><service>F</service><districtid>M501</districtid><shiftid>1</shiftid><startdatetime>05072024 1600</startdatetime><enddatetime>05082024 0400</enddatetime><date>05072024</date></LoadFor><Table><apparatusid>M501</apparatusid><startdatetime>05072024 1600</startdatetime><enddatetime>05082024 0400</enddatetime><personnelid>BE2762</personnelid><radioid /><vehicleid /></Table><Table><apparatusid>M501</apparatusid><startdatetime>05072024 1600</startdatetime><enddatetime>05082024 0400</enddatetime><personnelid>CR2541</personnelid><radioid /><vehicleid /></Table><Table><apparatusid>M501</apparatusid><startdatetime>05072024 1600</startdatetime><enddatetime>05082024 0400</enddatetime><personnelid>UF5872</personnelid><radioid /><vehicleid /></Table></CADRosterView>