<CADRosterView><LoadFor><service>P</service><districtid>TARA</districtid><shiftid>1</shiftid><startdatetime>05072024 1400</startdatetime><enddatetime>05082024 0000</enddatetime><date>05082024</date></LoadFor><Table><apparatusid>3I135</apparatusid><startdatetime>05072024 1400</startdatetime><enddatetime>05082024 0000</enddatetime><personnelid>A11408</personnelid><radioid /><vehicleid /></Table><Table><apparatusid>3I35</apparatusid><startdatetime>05072024 1400</startdatetime><enddatetime>05082024 0000</enddatetime><personnelid>A10203</personnelid><radioid>6000315</radioid><vehicleid /></Table><Table><apparatusid>3I36</apparatusid><startdatetime>05072024 1400</startdatetime><enddatetime>05082024 0000</enddatetime><personnelid>A10483</personnelid><radioid>51523</radioid><vehicleid>C101</vehicleid></Table><Table><apparatusid>3I37</apparatusid><startdatetime>05072024 1400</startdatetime><enddatetime>05082024 0000</enddatetime><personnelid>A10472</personnelid><radioid>51492</radioid><vehicleid>C101</vehicleid></Table><Table><apparatusid>3I38</apparatusid><startdatetime>05072024 1400</startdatetime><enddatetime>05082024 0000</enddatetime><personnelid>A22167</personnelid><radioid>51726</radioid><vehicleid /></Table><Table><apparatusid>3I39</apparatusid><startdatetime>05072024 1400</startdatetime><enddatetime>05082024 0000</enddatetime><personnelid>A22126</personnelid><radioid>6000773</radioid><vehicleid /></Table></CADRosterView>