<CADRosterView><LoadFor><service>P</service><districtid>SOUT</districtid><shiftid>1</shiftid><startdatetime>05072024 1400</startdatetime><enddatetime>05082024 0000</enddatetime><date>05082024</date></LoadFor><Table><apparatusid>3B36</apparatusid><startdatetime>05072024 1400</startdatetime><enddatetime>05082024 0000</enddatetime><personnelid>A21830</personnelid><radioid>6002503</radioid><vehicleid /></Table><Table><apparatusid>3B37</apparatusid><startdatetime>05072024 1400</startdatetime><enddatetime>05082024 0000</enddatetime><personnelid>A10756</personnelid><radioid>6001494</radioid><vehicleid /></Table><Table><apparatusid>3B38</apparatusid><startdatetime>05072024 1400</startdatetime><enddatetime>05082024 0000</enddatetime><personnelid>A10366</personnelid><radioid>6001499</radioid><vehicleid /></Table></CADRosterView>