<CADRosterView><LoadFor><service>P</service><districtid>TEND</districtid><shiftid>2</shiftid><startdatetime>05082024 0400</startdatetime><enddatetime>05082024 2100</enddatetime><date>05082024</date></LoadFor><Table><apparatusid>3J106</apparatusid><startdatetime>05082024 0530</startdatetime><enddatetime>05082024 1530</enddatetime><personnelid>A21957</personnelid><radioid>6000658</radioid><vehicleid>BW119</vehicleid></Table><Table><apparatusid>3J110</apparatusid><startdatetime>05082024 0530</startdatetime><enddatetime>05082024 1530</enddatetime><personnelid>A20300</personnelid><radioid>6000032</radioid><vehicleid>BW052</vehicleid></Table><Table><apparatusid>3J115</apparatusid><startdatetime>05082024 0530</startdatetime><enddatetime>05082024 1530</enddatetime><personnelid>A21715</personnelid><radioid>6001568</radioid><vehicleid /></Table><Table><apparatusid>3J11A</apparatusid><startdatetime>05082024 0600</startdatetime><enddatetime>05082024 1600</enddatetime><personnelid>A20825</personnelid><radioid>51377</radioid><vehicleid>B1231</vehicleid></Table><Table><apparatusid>3J11A</apparatusid><startdatetime>05082024 0600</startdatetime><enddatetime>05082024 1600</enddatetime><personnelid>A22032</personnelid><radioid>51696</radioid><vehicleid>B1231</vehicleid></Table><Table><apparatusid>3J120</apparatusid><startdatetime>05082024 1100</startdatetime><enddatetime>05082024 2100</enddatetime><personnelid>A21385</personnelid><radioid>51895</radioid><vehicleid>BW251</vehicleid></Table><Table><apparatusid>3J12A</apparatusid><startdatetime>05082024 0600</startdatetime><enddatetime>05082024 1600</enddatetime><personnelid>A22386</personnelid><radioid>6000725</radioid><vehicleid>B1296</vehicleid></Table><Table><apparatusid>3J12A</apparatusid><startdatetime>05082024 0600</startdatetime><enddatetime>05082024 1600</enddatetime><personnelid>A23189</personnelid><radioid>6002195</radioid><vehicleid>B1296</vehicleid></Table><Table><apparatusid>3J14A</apparatusid><startdatetime>05082024 0600</startdatetime><enddatetime>05082024 1600</enddatetime><personnelid>A25187</personnelid><radioid /><vehicleid /></Table><Table><apparatusid>3J14A</apparatusid><startdatetime>05082024 0600</startdatetime><enddatetime>05082024 1600</enddatetime><personnelid>A24553</personnelid><radioid>6001304</radioid><vehicleid /></Table><Table><apparatusid>3J15A</apparatusid><startdatetime>05082024 0600</startdatetime><enddatetime>05082024 1600</enddatetime><personnelid>A22064</personnelid><radioid>6001080</radioid><vehicleid /></Table><Table><apparatusid>3J15A</apparatusid><startdatetime>05082024 0600</startdatetime><enddatetime>05082024 1600</enddatetime><personnelid>A24231</personnelid><radioid>6002175</radioid><vehicleid /></Table><Table><apparatusid>3J16A</apparatusid><startdatetime>05082024 0600</startdatetime><enddatetime>05082024 1600</enddatetime><personnelid>A22401</personnelid><radioid /><vehicleid /></Table><Table><apparatusid>3J16A</apparatusid><startdatetime>05082024 0600</startdatetime><enddatetime>05082024 1600</enddatetime><personnelid>A22421</personnelid><radioid>6002491</radioid><vehicleid /></Table><Table><apparatusid>3J22</apparatusid><startdatetime>05082024 0500</startdatetime><enddatetime>05082024 1500</enddatetime><personnelid>A23868</personnelid><radioid>6000515</radioid><vehicleid /></Table><Table><apparatusid>3J300</apparatusid><startdatetime>05082024 0800</startdatetime><enddatetime>05082024 1600</enddatetime><personnelid>A01042</personnelid><radioid>6000082</radioid><vehicleid>BW149</vehicleid></Table><Table><apparatusid>3J30A</apparatusid><startdatetime>05082024 0600</startdatetime><enddatetime>05082024 1600</enddatetime><personnelid>A20813</personnelid><radioid>6000094</radioid><vehicleid>B128</vehicleid></Table><Table><apparatusid>3J3A</apparatusid><startdatetime>05082024 0600</startdatetime><enddatetime>05082024 1600</enddatetime><personnelid>A24432</personnelid><radioid>6000714</radioid><vehicleid /></Table><Table><apparatusid>3J71</apparatusid><startdatetime>05082024 0400</startdatetime><enddatetime>05082024 1400</enddatetime><personnelid>A10888</personnelid><radioid>6002215</radioid><vehicleid /></Table><Table><apparatusid>3J72</apparatusid><startdatetime>05082024 0500</startdatetime><enddatetime>05082024 1500</enddatetime><personnelid>A21174</personnelid><radioid>6000149</radioid><vehicleid /></Table><Table><apparatusid>3JSD</apparatusid><startdatetime>05082024 0530</startdatetime><enddatetime>05082024 1100</enddatetime><personnelid>A22664</personnelid><radioid /><vehicleid /></Table><Table><apparatusid>3JSD</apparatusid><startdatetime>05082024 0530</startdatetime><enddatetime>05082024 1100</enddatetime><personnelid>A21241</personnelid><radioid /><vehicleid /></Table><Table><apparatusid>3JSD</apparatusid><startdatetime>05082024 0530</startdatetime><enddatetime>05082024 1100</enddatetime><personnelid>A25442</personnelid><radioid /><vehicleid /></Table><Table><apparatusid>3JSD</apparatusid><startdatetime>05082024 1100</startdatetime><enddatetime>05082024 1530</enddatetime><personnelid>A22664</personnelid><radioid /><vehicleid /></Table><Table><apparatusid>3JSD</apparatusid><startdatetime>05082024 1100</startdatetime><enddatetime>05082024 1530</enddatetime><personnelid>A21241</personnelid><radioid /><vehicleid /></Table><Table><apparatusid>3JSD</apparatusid><startdatetime>05082024 1100</startdatetime><enddatetime>05082024 1530</enddatetime><personnelid>A25442</personnelid><radioid /><vehicleid /></Table><Table><apparatusid>3JSD</apparatusid><startdatetime>05082024 1100</startdatetime><enddatetime>05082024 1530</enddatetime><personnelid>A25441</personnelid><radioid /><vehicleid /></Table><Table><apparatusid>3JSD</apparatusid><startdatetime>05082024 1530</startdatetime><enddatetime>05082024 2100</enddatetime><personnelid>A25441</personnelid><radioid /><vehicleid /></Table></CADRosterView>