<CADRosterView><LoadFor><service>P</service><districtid>PROF</districtid><shiftid>5</shiftid><startdatetime>05092024 0900</startdatetime><enddatetime>05092024 1700</enddatetime><date>05092024</date></LoadFor><Table><apparatusid>1J200</apparatusid><startdatetime>05092024 0900</startdatetime><enddatetime>05092024 1700</enddatetime><personnelid>A07627</personnelid><radioid>6001882</radioid><vehicleid /></Table><Table><apparatusid>1J21</apparatusid><startdatetime>05092024 0900</startdatetime><enddatetime>05092024 1700</enddatetime><personnelid>A22265</personnelid><radioid>6000693</radioid><vehicleid /></Table><Table><apparatusid>1J22</apparatusid><startdatetime>05092024 0900</startdatetime><enddatetime>05092024 1700</enddatetime><personnelid>A21416</personnelid><radioid>6002128</radioid><vehicleid /></Table><Table><apparatusid>1J23</apparatusid><startdatetime>05092024 0900</startdatetime><enddatetime>05092024 1700</enddatetime><personnelid>A21778</personnelid><radioid>6001274</radioid><vehicleid /></Table></CADRosterView>