<CADRosterView><LoadFor><service>F</service><districtid>E04</districtid><shiftid>1</shiftid><startdatetime>05072024 0800</startdatetime><enddatetime>05082024 0800</enddatetime><date>05072024</date></LoadFor><Table><apparatusid>E04</apparatusid><startdatetime>05072024 0800</startdatetime><enddatetime>05082024 0800</enddatetime><personnelid>AP0725</personnelid><radioid /><vehicleid /></Table><Table><apparatusid>E04</apparatusid><startdatetime>05072024 0800</startdatetime><enddatetime>05082024 0800</enddatetime><personnelid>WA3686</personnelid><radioid /><vehicleid /></Table></CADRosterView>