<CADRosterView><LoadFor><service>F</service><districtid>M565</districtid><shiftid>1</shiftid><startdatetime>05072024 1200</startdatetime><enddatetime>05082024 0120</enddatetime><date>05072024</date></LoadFor><Table><apparatusid>M565</apparatusid><startdatetime>05072024 1200</startdatetime><enddatetime>05082024 0120</enddatetime><personnelid>AS3865</personnelid><radioid /><vehicleid /></Table><Table><apparatusid>M565</apparatusid><startdatetime>05072024 1200</startdatetime><enddatetime>05082024 0120</enddatetime><personnelid>KW1523</personnelid><radioid /><vehicleid /></Table></CADRosterView>