<CADRosterView><LoadFor><service>F</service><districtid>M591</districtid><shiftid>1</shiftid><startdatetime>05072024 0530</startdatetime><enddatetime>05072024 1850</enddatetime><date>05072024</date></LoadFor><Table><apparatusid>M591</apparatusid><startdatetime>05072024 0530</startdatetime><enddatetime>05072024 1850</enddatetime><personnelid>CA3651</personnelid><radioid /><vehicleid /></Table><Table><apparatusid>M591</apparatusid><startdatetime>05072024 0530</startdatetime><enddatetime>05072024 1850</enddatetime><personnelid>NG4820</personnelid><radioid /><vehicleid /></Table></CADRosterView>