<CADRosterView><LoadFor><service>P</service><districtid>TCI</districtid><shiftid>2</shiftid><startdatetime>05072024 0600</startdatetime><enddatetime>05072024 1900</enddatetime><date>05072024</date></LoadFor><Table><apparatusid>5Z103</apparatusid><startdatetime>05072024 0600</startdatetime><enddatetime>05072024 1600</enddatetime><personnelid>A10854</personnelid><radioid>6001049</radioid><vehicleid /></Table><Table><apparatusid>5Z104</apparatusid><startdatetime>05072024 0700</startdatetime><enddatetime>05072024 1700</enddatetime><personnelid>A07653</personnelid><radioid>6001224</radioid><vehicleid /></Table><Table><apparatusid>5Z105</apparatusid><startdatetime>05072024 0900</startdatetime><enddatetime>05072024 1900</enddatetime><personnelid>A20959</personnelid><radioid>52255</radioid><vehicleid /></Table><Table><apparatusid>5Z200</apparatusid><startdatetime>05072024 0600</startdatetime><enddatetime>05072024 1600</enddatetime><personnelid>A05989</personnelid><radioid>52313</radioid><vehicleid /></Table></CADRosterView>