<CADRosterView><LoadFor><service>F</service><districtid>AM11</districtid><shiftid>1</shiftid><startdatetime>05072024 1200</startdatetime><enddatetime>05082024 0400</enddatetime><date>05072024</date></LoadFor><Table><apparatusid>AM112</apparatusid><startdatetime>05072024 1200</startdatetime><enddatetime>05082024 0000</enddatetime><personnelid>MX0772</personnelid><radioid /><vehicleid>A24951</vehicleid></Table><Table><apparatusid>AM112</apparatusid><startdatetime>05072024 1200</startdatetime><enddatetime>05082024 0000</enddatetime><personnelid>MX0809</personnelid><radioid /><vehicleid>A24951</vehicleid></Table><Table><apparatusid>AM116</apparatusid><startdatetime>05072024 1600</startdatetime><enddatetime>05082024 0400</enddatetime><personnelid>MX0748</personnelid><radioid /><vehicleid>A23677</vehicleid></Table><Table><apparatusid>AM116</apparatusid><startdatetime>05072024 1600</startdatetime><enddatetime>05082024 0400</enddatetime><personnelid>MX1933</personnelid><radioid /><vehicleid>A23677</vehicleid></Table></CADRosterView>