<CADRosterView><LoadFor><service>F</service><districtid>M547</districtid><shiftid>1</shiftid><startdatetime>05072024 0900</startdatetime><enddatetime>05072024 2100</enddatetime><date>05072024</date></LoadFor><Table><apparatusid>M547</apparatusid><startdatetime>05072024 0900</startdatetime><enddatetime>05072024 2100</enddatetime><personnelid>PA4522</personnelid><radioid /><vehicleid /></Table><Table><apparatusid>M547</apparatusid><startdatetime>05072024 0900</startdatetime><enddatetime>05072024 2100</enddatetime><personnelid>PO3249</personnelid><radioid /><vehicleid /></Table></CADRosterView>