<CADRosterView><LoadFor><service>F</service><districtid>M547</districtid><shiftid>1</shiftid><startdatetime>05082024 0900</startdatetime><enddatetime>05082024 2100</enddatetime><date>05082024</date></LoadFor><Table><apparatusid>M547</apparatusid><startdatetime>05082024 0900</startdatetime><enddatetime>05082024 2100</enddatetime><personnelid>BL2265</personnelid><radioid /><vehicleid /></Table><Table><apparatusid>M547</apparatusid><startdatetime>05082024 0900</startdatetime><enddatetime>05082024 2100</enddatetime><personnelid>SU2910</personnelid><radioid /><vehicleid /></Table></CADRosterView>