<CADRosterView><LoadFor><service>F</service><districtid>RS1</districtid><shiftid>1</shiftid><startdatetime>05072024 0800</startdatetime><enddatetime>05082024 0800</enddatetime><date>05072024</date></LoadFor><Table><apparatusid>RS1</apparatusid><startdatetime>05072024 0800</startdatetime><enddatetime>05072024 2000</enddatetime><personnelid>SC1354</personnelid><radioid /><vehicleid /></Table><Table><apparatusid>RS1</apparatusid><startdatetime>05072024 0800</startdatetime><enddatetime>05072024 2000</enddatetime><personnelid>QU0607</personnelid><radioid /><vehicleid /></Table><Table><apparatusid>RS1</apparatusid><startdatetime>05072024 0800</startdatetime><enddatetime>05072024 2000</enddatetime><personnelid>WA0765</personnelid><radioid /><vehicleid /></Table><Table><apparatusid>RS1</apparatusid><startdatetime>05072024 0800</startdatetime><enddatetime>05072024 2000</enddatetime><personnelid>KA0321</personnelid><radioid /><vehicleid /></Table><Table><apparatusid>RS1</apparatusid><startdatetime>05072024 0800</startdatetime><enddatetime>05072024 2000</enddatetime><personnelid>MA1061</personnelid><radioid /><vehicleid /></Table><Table><apparatusid>RS1</apparatusid><startdatetime>05072024 0800</startdatetime><enddatetime>05072024 2000</enddatetime><personnelid>VI3883</personnelid><radioid /><vehicleid /></Table><Table><apparatusid>RS1</apparatusid><startdatetime>05072024 2000</startdatetime><enddatetime>05082024 0800</enddatetime><personnelid>SC1354</personnelid><radioid /><vehicleid /></Table><Table><apparatusid>RS1</apparatusid><startdatetime>05072024 2000</startdatetime><enddatetime>05082024 0800</enddatetime><personnelid>ZI6472</personnelid><radioid /><vehicleid /></Table><Table><apparatusid>RS1</apparatusid><startdatetime>05072024 2000</startdatetime><enddatetime>05082024 0800</enddatetime><personnelid>WA0765</personnelid><radioid /><vehicleid /></Table><Table><apparatusid>RS1</apparatusid><startdatetime>05072024 2000</startdatetime><enddatetime>05082024 0800</enddatetime><personnelid>KA0321</personnelid><radioid /><vehicleid /></Table><Table><apparatusid>RS1</apparatusid><startdatetime>05072024 2000</startdatetime><enddatetime>05082024 0800</enddatetime><personnelid>MA1061</personnelid><radioid /><vehicleid /></Table><Table><apparatusid>RS1</apparatusid><startdatetime>05072024 2000</startdatetime><enddatetime>05082024 0800</enddatetime><personnelid>VI3883</personnelid><radioid /><vehicleid /></Table></CADRosterView>