<CADRosterView><LoadFor><service>P</service><districtid>TARA</districtid><shiftid>2</shiftid><startdatetime>05092024 0530</startdatetime><enddatetime>05092024 2100</enddatetime><date>05092024</date></LoadFor><Table><apparatusid>3I103</apparatusid><startdatetime>05092024 0530</startdatetime><enddatetime>05092024 1530</enddatetime><personnelid>A09534</personnelid><radioid>6000966</radioid><vehicleid>B1218</vehicleid></Table><Table><apparatusid>3I15B</apparatusid><startdatetime>05092024 1100</startdatetime><enddatetime>05092024 2100</enddatetime><personnelid>A10358</personnelid><radioid>6000344</radioid><vehicleid /></Table><Table><apparatusid>3I15B</apparatusid><startdatetime>05092024 1100</startdatetime><enddatetime>05092024 2100</enddatetime><personnelid>A22326</personnelid><radioid>6002036</radioid><vehicleid /></Table><Table><apparatusid>3I16A</apparatusid><startdatetime>05092024 0600</startdatetime><enddatetime>05092024 1600</enddatetime><personnelid>A22410</personnelid><radioid>6001159</radioid><vehicleid /></Table><Table><apparatusid>3I16A</apparatusid><startdatetime>05092024 0600</startdatetime><enddatetime>05092024 1600</enddatetime><personnelid>A24583</personnelid><radioid>6000005</radioid><vehicleid /></Table><Table><apparatusid>3I1A</apparatusid><startdatetime>05092024 0600</startdatetime><enddatetime>05092024 1600</enddatetime><personnelid>A09608</personnelid><radioid>6000299</radioid><vehicleid /></Table><Table><apparatusid>3I204</apparatusid><startdatetime>05092024 0530</startdatetime><enddatetime>05092024 1530</enddatetime><personnelid>A01126</personnelid><radioid>6000596</radioid><vehicleid>BW229</vehicleid></Table><Table><apparatusid>3I3A</apparatusid><startdatetime>05092024 0600</startdatetime><enddatetime>05092024 1600</enddatetime><personnelid>A20701</personnelid><radioid>6000414</radioid><vehicleid /></Table><Table><apparatusid>3I71</apparatusid><startdatetime>05092024 0600</startdatetime><enddatetime>05092024 1600</enddatetime><personnelid>A10883</personnelid><radioid>6000354</radioid><vehicleid /></Table></CADRosterView>