<CADRosterView><LoadFor><service>F</service><districtid>E14</districtid><shiftid>1</shiftid><startdatetime>05082024 0800</startdatetime><enddatetime>05092024 0800</enddatetime><date>05082024</date></LoadFor><Table><apparatusid>E14</apparatusid><startdatetime>05082024 0800</startdatetime><enddatetime>05092024 0800</enddatetime><personnelid>NI1083</personnelid><radioid /><vehicleid /></Table><Table><apparatusid>E14</apparatusid><startdatetime>05082024 0800</startdatetime><enddatetime>05092024 0800</enddatetime><personnelid>ED1780</personnelid><radioid /><vehicleid /></Table></CADRosterView>