<CADRosterView><LoadFor><service>F</service><districtid>CP5</districtid><shiftid>1</shiftid><startdatetime>05072024 0600</startdatetime><enddatetime>05082024 0600</enddatetime><date>05072024</date></LoadFor><Table><apparatusid>CP5</apparatusid><startdatetime>05072024 0600</startdatetime><enddatetime>05072024 1800</enddatetime><personnelid>CH3023</personnelid><radioid /><vehicleid /></Table><Table><apparatusid>CP5</apparatusid><startdatetime>05072024 1800</startdatetime><enddatetime>05082024 0600</enddatetime><personnelid>AN1578</personnelid><radioid /><vehicleid /></Table></CADRosterView>