<CADRosterView><LoadFor><service>P</service><districtid>RISK</districtid><shiftid>2</shiftid><startdatetime>05092024 0600</startdatetime><enddatetime>05092024 1800</enddatetime><date>05092024</date></LoadFor><Table><apparatusid>1E120</apparatusid><startdatetime>05092024 0600</startdatetime><enddatetime>05092024 1600</enddatetime><personnelid>A08318</personnelid><radioid /><vehicleid /></Table><Table><apparatusid>1E121</apparatusid><startdatetime>05092024 0600</startdatetime><enddatetime>05092024 1600</enddatetime><personnelid>A10975</personnelid><radioid>51565</radioid><vehicleid /></Table><Table><apparatusid>1E122</apparatusid><startdatetime>05092024 0800</startdatetime><enddatetime>05092024 1800</enddatetime><personnelid>A07411</personnelid><radioid>6000124</radioid><vehicleid /></Table><Table><apparatusid>1E124</apparatusid><startdatetime>05092024 0800</startdatetime><enddatetime>05092024 1600</enddatetime><personnelid>A11294</personnelid><radioid>6002024</radioid><vehicleid /></Table><Table><apparatusid>1E201</apparatusid><startdatetime>05092024 0600</startdatetime><enddatetime>05092024 1600</enddatetime><personnelid>A09305</personnelid><radioid>6001866</radioid><vehicleid /></Table><Table><apparatusid>1E300</apparatusid><startdatetime>05092024 0800</startdatetime><enddatetime>05092024 1600</enddatetime><personnelid>A05027</personnelid><radioid>53065</radioid><vehicleid /></Table></CADRosterView>