<CADRosterView><LoadFor><service>F</service><districtid>E43</districtid><shiftid>1</shiftid><startdatetime>05072024 0800</startdatetime><enddatetime>05082024 0800</enddatetime><date>05072024</date></LoadFor><Table><apparatusid>E43</apparatusid><startdatetime>05072024 0800</startdatetime><enddatetime>05072024 2000</enddatetime><personnelid>NO2159</personnelid><radioid /><vehicleid /></Table><Table><apparatusid>E43</apparatusid><startdatetime>05072024 0800</startdatetime><enddatetime>05072024 2000</enddatetime><personnelid>CA7757</personnelid><radioid /><vehicleid /></Table><Table><apparatusid>E43</apparatusid><startdatetime>05072024 0800</startdatetime><enddatetime>05072024 2000</enddatetime><personnelid>CE5502</personnelid><radioid /><vehicleid /></Table><Table><apparatusid>E43</apparatusid><startdatetime>05072024 2000</startdatetime><enddatetime>05082024 0800</enddatetime><personnelid>NO2159</personnelid><radioid /><vehicleid /></Table><Table><apparatusid>E43</apparatusid><startdatetime>05072024 2000</startdatetime><enddatetime>05082024 0800</enddatetime><personnelid>CA7757</personnelid><radioid /><vehicleid /></Table><Table><apparatusid>E43</apparatusid><startdatetime>05072024 2000</startdatetime><enddatetime>05082024 0800</enddatetime><personnelid>LU2428</personnelid><radioid /><vehicleid /></Table></CADRosterView>