<CADRosterView><LoadFor><service>F</service><districtid>E26</districtid><shiftid>1</shiftid><startdatetime>05072024 0800</startdatetime><enddatetime>05082024 0800</enddatetime><date>05072024</date></LoadFor><Table><apparatusid>E26</apparatusid><startdatetime>05072024 0800</startdatetime><enddatetime>05082024 0800</enddatetime><personnelid>LE4323</personnelid><radioid /><vehicleid /></Table><Table><apparatusid>E26</apparatusid><startdatetime>05072024 0800</startdatetime><enddatetime>05082024 0800</enddatetime><personnelid>MA1314</personnelid><radioid /><vehicleid /></Table><Table><apparatusid>E26</apparatusid><startdatetime>05072024 0800</startdatetime><enddatetime>05082024 0800</enddatetime><personnelid>RO3181</personnelid><radioid /><vehicleid /></Table><Table><apparatusid>E26</apparatusid><startdatetime>05072024 0800</startdatetime><enddatetime>05082024 0800</enddatetime><personnelid>TH4389</personnelid><radioid /><vehicleid /></Table></CADRosterView>