<CADRosterView><LoadFor><service>P</service><districtid>MISS</districtid><shiftid>2</shiftid><startdatetime>05082024 0530</startdatetime><enddatetime>05082024 2100</enddatetime><date>05082024</date></LoadFor><Table><apparatusid>3D00B</apparatusid><startdatetime>05082024 0600</startdatetime><enddatetime>05082024 1600</enddatetime><personnelid>A24124</personnelid><radioid /><vehicleid /></Table><Table><apparatusid>3D110</apparatusid><startdatetime>05082024 0530</startdatetime><enddatetime>05082024 1530</enddatetime><personnelid>A10880</personnelid><radioid>6000551</radioid><vehicleid>BW084</vehicleid></Table><Table><apparatusid>3D112</apparatusid><startdatetime>05082024 0530</startdatetime><enddatetime>05082024 1530</enddatetime><personnelid>A10338</personnelid><radioid>6000934</radioid><vehicleid>BW266</vehicleid></Table><Table><apparatusid>3D120</apparatusid><startdatetime>05082024 0700</startdatetime><enddatetime>05082024 1700</enddatetime><personnelid>A07028</personnelid><radioid>6000457</radioid><vehicleid /></Table><Table><apparatusid>3D13A</apparatusid><startdatetime>05082024 0600</startdatetime><enddatetime>05082024 1600</enddatetime><personnelid>A23618</personnelid><radioid>6002311</radioid><vehicleid /></Table><Table><apparatusid>3D14A</apparatusid><startdatetime>05082024 0600</startdatetime><enddatetime>05082024 1600</enddatetime><personnelid>A21953</personnelid><radioid>6001395</radioid><vehicleid /></Table><Table><apparatusid>3D14A</apparatusid><startdatetime>05082024 0600</startdatetime><enddatetime>05082024 1600</enddatetime><personnelid>A23058</personnelid><radioid>6002097</radioid><vehicleid /></Table><Table><apparatusid>3D15A</apparatusid><startdatetime>05082024 0600</startdatetime><enddatetime>05082024 1600</enddatetime><personnelid>A22567</personnelid><radioid>6002455</radioid><vehicleid /></Table><Table><apparatusid>3D16C</apparatusid><startdatetime>05082024 1100</startdatetime><enddatetime>05082024 2100</enddatetime><personnelid>A23702</personnelid><radioid>6002286</radioid><vehicleid /></Table><Table><apparatusid>3D23</apparatusid><startdatetime>05082024 0700</startdatetime><enddatetime>05082024 1700</enddatetime><personnelid>A23041</personnelid><radioid>6002076</radioid><vehicleid /></Table><Table><apparatusid>3D24</apparatusid><startdatetime>05082024 0800</startdatetime><enddatetime>05082024 1800</enddatetime><personnelid>A07423</personnelid><radioid>6000539</radioid><vehicleid /></Table><Table><apparatusid>3D26</apparatusid><startdatetime>05082024 0700</startdatetime><enddatetime>05082024 1700</enddatetime><personnelid>A05072</personnelid><radioid>6000540</radioid><vehicleid /></Table><Table><apparatusid>3D29</apparatusid><startdatetime>05082024 1100</startdatetime><enddatetime>05082024 2100</enddatetime><personnelid>A07688</personnelid><radioid>6000080</radioid><vehicleid /></Table><Table><apparatusid>3D2C</apparatusid><startdatetime>05082024 1100</startdatetime><enddatetime>05082024 2100</enddatetime><personnelid>A22055</personnelid><radioid>6001558</radioid><vehicleid /></Table><Table><apparatusid>3D300</apparatusid><startdatetime>05082024 1200</startdatetime><enddatetime>05082024 1600</enddatetime><personnelid>A09296</personnelid><radioid>6000383</radioid><vehicleid>C1130</vehicleid></Table><Table><apparatusid>3D41A</apparatusid><startdatetime>05082024 0600</startdatetime><enddatetime>05082024 1600</enddatetime><personnelid>A21938</personnelid><radioid>6000999</radioid><vehicleid /></Table><Table><apparatusid>3D41A</apparatusid><startdatetime>05082024 0600</startdatetime><enddatetime>05082024 1600</enddatetime><personnelid>A23066</personnelid><radioid>6002109</radioid><vehicleid /></Table><Table><apparatusid>3D42A</apparatusid><startdatetime>05082024 0600</startdatetime><enddatetime>05082024 1600</enddatetime><personnelid>A22708</personnelid><radioid>6001599</radioid><vehicleid /></Table><Table><apparatusid>3D55</apparatusid><startdatetime>05082024 1100</startdatetime><enddatetime>05082024 2100</enddatetime><personnelid>A22200</personnelid><radioid>6002042</radioid><vehicleid /></Table><Table><apparatusid>3DCP</apparatusid><startdatetime>05082024 0900</startdatetime><enddatetime>05082024 1700</enddatetime><personnelid>A05964</personnelid><radioid /><vehicleid /></Table></CADRosterView>