<CADRosterView><LoadFor><service>F</service><districtid>M586</districtid><shiftid>1</shiftid><startdatetime>05072024 1200</startdatetime><enddatetime>05072024 2200</enddatetime><date>05072024</date></LoadFor><Table><apparatusid>M586</apparatusid><startdatetime>05072024 1200</startdatetime><enddatetime>05072024 2200</enddatetime><personnelid>HU2192</personnelid><radioid /><vehicleid /></Table><Table><apparatusid>M586</apparatusid><startdatetime>05072024 1200</startdatetime><enddatetime>05072024 2200</enddatetime><personnelid>JO5745</personnelid><radioid /><vehicleid /></Table></CADRosterView>