<CADRosterView><LoadFor><service>P</service><districtid>INVE</districtid><shiftid>2</shiftid><startdatetime>05072024 0800</startdatetime><enddatetime>05072024 1800</enddatetime><date>05072024</date></LoadFor><Table><apparatusid>5A102</apparatusid><startdatetime>05072024 0800</startdatetime><enddatetime>05072024 1800</enddatetime><personnelid>A21369</personnelid><radioid>52590</radioid><vehicleid /></Table><Table><apparatusid>5X400</apparatusid><startdatetime>05072024 0900</startdatetime><enddatetime>05072024 1700</enddatetime><personnelid>A01275</personnelid><radioid>6000602</radioid><vehicleid /></Table><Table><apparatusid>5X500</apparatusid><startdatetime>05072024 0800</startdatetime><enddatetime>05072024 1600</enddatetime><personnelid>A04631</personnelid><radioid>6001539</radioid><vehicleid /></Table></CADRosterView>