<CADRosterView><LoadFor><service>F</service><districtid>M575</districtid><shiftid>1</shiftid><startdatetime>05072024 0730</startdatetime><enddatetime>05072024 1930</enddatetime><date>05072024</date></LoadFor><Table><apparatusid>M575</apparatusid><startdatetime>05072024 0730</startdatetime><enddatetime>05072024 1930</enddatetime><personnelid>GE1482</personnelid><radioid /><vehicleid /></Table><Table><apparatusid>M575</apparatusid><startdatetime>05072024 0730</startdatetime><enddatetime>05072024 1930</enddatetime><personnelid>MA5373</personnelid><radioid /><vehicleid /></Table></CADRosterView>