<CADRosterView><LoadFor><service>F</service><districtid>E13</districtid><shiftid>1</shiftid><startdatetime>05082024 0800</startdatetime><enddatetime>05092024 0800</enddatetime><date>05082024</date></LoadFor><Table><apparatusid>E13</apparatusid><startdatetime>05082024 0800</startdatetime><enddatetime>05092024 0800</enddatetime><personnelid>PA5818</personnelid><radioid /><vehicleid /></Table><Table><apparatusid>E13</apparatusid><startdatetime>05082024 0800</startdatetime><enddatetime>05092024 0800</enddatetime><personnelid>WH1049</personnelid><radioid /><vehicleid /></Table><Table><apparatusid>E13</apparatusid><startdatetime>05082024 0800</startdatetime><enddatetime>05092024 0800</enddatetime><personnelid>LA3325</personnelid><radioid /><vehicleid /></Table></CADRosterView>