<CADRosterView><LoadFor><service>F</service><districtid>E32</districtid><shiftid>1</shiftid><startdatetime>05082024 0800</startdatetime><enddatetime>05092024 0800</enddatetime><date>05082024</date></LoadFor><Table><apparatusid>E32</apparatusid><startdatetime>05082024 0800</startdatetime><enddatetime>05092024 0800</enddatetime><personnelid>CH1897</personnelid><radioid /><vehicleid /></Table><Table><apparatusid>E32</apparatusid><startdatetime>05082024 0800</startdatetime><enddatetime>05092024 0800</enddatetime><personnelid>BE3128</personnelid><radioid /><vehicleid /></Table><Table><apparatusid>E32</apparatusid><startdatetime>05082024 0800</startdatetime><enddatetime>05092024 0800</enddatetime><personnelid>KU2090</personnelid><radioid /><vehicleid /></Table></CADRosterView>