<CADRosterView><LoadFor><service>F</service><districtid>E19</districtid><shiftid>1</shiftid><startdatetime>05082024 0800</startdatetime><enddatetime>05092024 0800</enddatetime><date>05082024</date></LoadFor><Table><apparatusid>E19</apparatusid><startdatetime>05082024 0800</startdatetime><enddatetime>05092024 0800</enddatetime><personnelid>AL3426</personnelid><radioid /><vehicleid /></Table><Table><apparatusid>E19</apparatusid><startdatetime>05082024 0800</startdatetime><enddatetime>05092024 0800</enddatetime><personnelid>MA1320</personnelid><radioid /><vehicleid /></Table><Table><apparatusid>E19</apparatusid><startdatetime>05082024 0800</startdatetime><enddatetime>05092024 0800</enddatetime><personnelid>LU3464</personnelid><radioid /><vehicleid /></Table></CADRosterView>