<CADRosterView><LoadFor><service>P</service><districtid>TACT</districtid><shiftid>3</shiftid><startdatetime>05082024 0530</startdatetime><enddatetime>05092024 1530</enddatetime><date>05082024</date></LoadFor><Table><apparatusid>4T109</apparatusid><startdatetime>05092024 0530</startdatetime><enddatetime>05092024 1530</enddatetime><personnelid>A04895</personnelid><radioid>52011</radioid><vehicleid>B1026</vehicleid></Table><Table><apparatusid>4T9G</apparatusid><startdatetime>05092024 0530</startdatetime><enddatetime>05092024 1530</enddatetime><personnelid>A04685</personnelid><radioid>6002406</radioid><vehicleid>BW129</vehicleid></Table><Table><apparatusid>4T9H</apparatusid><startdatetime>05092024 0530</startdatetime><enddatetime>05092024 1530</enddatetime><personnelid>A06396</personnelid><radioid>6002433</radioid><vehicleid>B020</vehicleid></Table><Table><apparatusid>4T9A</apparatusid><startdatetime>05082024 1800</startdatetime><enddatetime>05092024 0400</enddatetime><personnelid>A06925</personnelid><radioid>6001413</radioid><vehicleid>B1290</vehicleid></Table><Table><apparatusid>4T9E</apparatusid><startdatetime>05082024 2000</startdatetime><enddatetime>05092024 0600</enddatetime><personnelid>A04989</personnelid><radioid>6002410</radioid><vehicleid>B1290</vehicleid></Table></CADRosterView>