<CADRosterView><LoadFor><service>P</service><districtid>NORT</districtid><shiftid>1</shiftid><startdatetime>05082024 1100</startdatetime><enddatetime>05082024 2100</enddatetime><date>05082024</date></LoadFor><Table><apparatusid>3E138</apparatusid><startdatetime>05082024 1100</startdatetime><enddatetime>05082024 2100</enddatetime><personnelid>A07835</personnelid><radioid>14057</radioid><vehicleid /></Table><Table><apparatusid>3E38B</apparatusid><startdatetime>05082024 1100</startdatetime><enddatetime>05082024 2100</enddatetime><personnelid>A10634</personnelid><radioid>6002517</radioid><vehicleid /></Table><Table><apparatusid>3E38C</apparatusid><startdatetime>05082024 1100</startdatetime><enddatetime>05082024 2100</enddatetime><personnelid>A10193</personnelid><radioid>6000919</radioid><vehicleid /></Table><Table><apparatusid>3E38J</apparatusid><startdatetime>05082024 1100</startdatetime><enddatetime>05082024 2100</enddatetime><personnelid>A10214</personnelid><radioid>6000974</radioid><vehicleid /></Table></CADRosterView>