<CADRosterView><LoadFor><service>F</service><districtid>E09</districtid><shiftid>1</shiftid><startdatetime>05082024 0800</startdatetime><enddatetime>05092024 0800</enddatetime><date>05082024</date></LoadFor><Table><apparatusid>E09</apparatusid><startdatetime>05082024 0800</startdatetime><enddatetime>05092024 0800</enddatetime><personnelid>HE2351</personnelid><radioid /><vehicleid /></Table><Table><apparatusid>E09</apparatusid><startdatetime>05082024 0800</startdatetime><enddatetime>05092024 0800</enddatetime><personnelid>LO5956</personnelid><radioid /><vehicleid /></Table><Table><apparatusid>E09</apparatusid><startdatetime>05082024 0800</startdatetime><enddatetime>05092024 0800</enddatetime><personnelid>VI0682</personnelid><radioid /><vehicleid /></Table><Table><apparatusid>E09</apparatusid><startdatetime>05082024 0800</startdatetime><enddatetime>05092024 0800</enddatetime><personnelid>NG2158</personnelid><radioid /><vehicleid /></Table><Table><apparatusid>E09</apparatusid><startdatetime>05082024 0800</startdatetime><enddatetime>05092024 0800</enddatetime><personnelid>NI1886</personnelid><radioid /><vehicleid /></Table></CADRosterView>