<CADRosterView><LoadFor><service>F</service><districtid>T03</districtid><shiftid>1</shiftid><startdatetime>05072024 0800</startdatetime><enddatetime>05082024 0800</enddatetime><date>05072024</date></LoadFor><Table><apparatusid>T03</apparatusid><startdatetime>05072024 0800</startdatetime><enddatetime>05082024 0800</enddatetime><personnelid>SC7631</personnelid><radioid /><vehicleid /></Table><Table><apparatusid>T03</apparatusid><startdatetime>05072024 0800</startdatetime><enddatetime>05082024 0800</enddatetime><personnelid>QU1434</personnelid><radioid /><vehicleid /></Table><Table><apparatusid>T03</apparatusid><startdatetime>05072024 0800</startdatetime><enddatetime>05082024 0800</enddatetime><personnelid>BL3353</personnelid><radioid /><vehicleid /></Table><Table><apparatusid>T03</apparatusid><startdatetime>05072024 0800</startdatetime><enddatetime>05082024 0800</enddatetime><personnelid>WH2141</personnelid><radioid /><vehicleid /></Table></CADRosterView>