<CADRosterView><LoadFor><service>F</service><districtid>E21</districtid><shiftid>1</shiftid><startdatetime>05072024 0800</startdatetime><enddatetime>05082024 0800</enddatetime><date>05072024</date></LoadFor><Table><apparatusid>E21</apparatusid><startdatetime>05072024 0800</startdatetime><enddatetime>05072024 2000</enddatetime><personnelid>LI5262</personnelid><radioid /><vehicleid /></Table><Table><apparatusid>E21</apparatusid><startdatetime>05072024 0800</startdatetime><enddatetime>05072024 2000</enddatetime><personnelid>MC6191</personnelid><radioid /><vehicleid /></Table><Table><apparatusid>E21</apparatusid><startdatetime>05072024 0800</startdatetime><enddatetime>05072024 2000</enddatetime><personnelid>MA6896</personnelid><radioid /><vehicleid /></Table><Table><apparatusid>E21</apparatusid><startdatetime>05072024 0800</startdatetime><enddatetime>05072024 2000</enddatetime><personnelid>PA9203</personnelid><radioid /><vehicleid /></Table><Table><apparatusid>E21</apparatusid><startdatetime>05072024 2000</startdatetime><enddatetime>05082024 0800</enddatetime><personnelid>LI5262</personnelid><radioid /><vehicleid /></Table><Table><apparatusid>E21</apparatusid><startdatetime>05072024 2000</startdatetime><enddatetime>05082024 0800</enddatetime><personnelid>MC6191</personnelid><radioid /><vehicleid /></Table><Table><apparatusid>E21</apparatusid><startdatetime>05072024 2000</startdatetime><enddatetime>05082024 0800</enddatetime><personnelid>DA3447</personnelid><radioid /><vehicleid /></Table><Table><apparatusid>E21</apparatusid><startdatetime>05072024 2000</startdatetime><enddatetime>05082024 0800</enddatetime><personnelid>PA9203</personnelid><radioid /><vehicleid /></Table></CADRosterView>