<CADRosterView><LoadFor><service>P</service><districtid>INGL</districtid><shiftid>3</shiftid><startdatetime>05072024 1400</startdatetime><enddatetime>05082024 0700</enddatetime><date>05072024</date></LoadFor><Table><apparatusid>3H111</apparatusid><startdatetime>05072024 2030</startdatetime><enddatetime>05082024 0630</enddatetime><personnelid>A10629</personnelid><radioid>6000590</radioid><vehicleid /></Table><Table><apparatusid>3H114</apparatusid><startdatetime>05072024 2030</startdatetime><enddatetime>05082024 0630</enddatetime><personnelid>A08097</personnelid><radioid>6001026</radioid><vehicleid /></Table><Table><apparatusid>3H115</apparatusid><startdatetime>05072024 1430</startdatetime><enddatetime>05082024 0030</enddatetime><personnelid>A05338</personnelid><radioid>6000760</radioid><vehicleid>B1252</vehicleid></Table><Table><apparatusid>3H117</apparatusid><startdatetime>05072024 1500</startdatetime><enddatetime>05082024 0100</enddatetime><personnelid>A10505</personnelid><radioid>6000876</radioid><vehicleid /></Table><Table><apparatusid>3H11D</apparatusid><startdatetime>05072024 1500</startdatetime><enddatetime>05082024 0100</enddatetime><personnelid>A20974</personnelid><radioid>6000830</radioid><vehicleid /></Table><Table><apparatusid>3H11D</apparatusid><startdatetime>05072024 1500</startdatetime><enddatetime>05082024 0100</enddatetime><personnelid>A20817</personnelid><radioid>6001884</radioid><vehicleid /></Table><Table><apparatusid>3H11E</apparatusid><startdatetime>05072024 2100</startdatetime><enddatetime>05082024 0700</enddatetime><personnelid>A20991</personnelid><radioid>6000887</radioid><vehicleid /></Table><Table><apparatusid>3H13E</apparatusid><startdatetime>05072024 2100</startdatetime><enddatetime>05082024 0700</enddatetime><personnelid>A23232</personnelid><radioid>6002110</radioid><vehicleid /></Table><Table><apparatusid>3H13E</apparatusid><startdatetime>05072024 2100</startdatetime><enddatetime>05082024 0700</enddatetime><personnelid>A08842</personnelid><radioid>6000832</radioid><vehicleid /></Table><Table><apparatusid>3H14D</apparatusid><startdatetime>05072024 1500</startdatetime><enddatetime>05082024 0100</enddatetime><personnelid>A22019</personnelid><radioid>6000753</radioid><vehicleid /></Table><Table><apparatusid>3H14D</apparatusid><startdatetime>05072024 1500</startdatetime><enddatetime>05082024 0100</enddatetime><personnelid>A22056</personnelid><radioid>6000554</radioid><vehicleid /></Table><Table><apparatusid>3H14E</apparatusid><startdatetime>05072024 2100</startdatetime><enddatetime>05082024 0700</enddatetime><personnelid>A21092</personnelid><radioid>14050</radioid><vehicleid /></Table><Table><apparatusid>3H15D</apparatusid><startdatetime>05072024 1500</startdatetime><enddatetime>05082024 0100</enddatetime><personnelid>A20967</personnelid><radioid>6002470</radioid><vehicleid /></Table><Table><apparatusid>3H15D</apparatusid><startdatetime>05072024 1500</startdatetime><enddatetime>05082024 0100</enddatetime><personnelid>A24901</personnelid><radioid>6001044</radioid><vehicleid /></Table><Table><apparatusid>3H15E</apparatusid><startdatetime>05072024 2100</startdatetime><enddatetime>05082024 0700</enddatetime><personnelid>A21674</personnelid><radioid>6000795</radioid><vehicleid /></Table><Table><apparatusid>3H15E</apparatusid><startdatetime>05072024 2100</startdatetime><enddatetime>05082024 0700</enddatetime><personnelid>A21617</personnelid><radioid>6000891</radioid><vehicleid /></Table><Table><apparatusid>3H16D</apparatusid><startdatetime>05072024 1500</startdatetime><enddatetime>05082024 0100</enddatetime><personnelid>A21154</personnelid><radioid>6000788</radioid><vehicleid /></Table><Table><apparatusid>3H16D</apparatusid><startdatetime>05072024 1500</startdatetime><enddatetime>05082024 0100</enddatetime><personnelid>A21167</personnelid><radioid>6000865</radioid><vehicleid /></Table><Table><apparatusid>3H16E</apparatusid><startdatetime>05072024 2100</startdatetime><enddatetime>05082024 0700</enddatetime><personnelid>A23038</personnelid><radioid>6002068</radioid><vehicleid /></Table><Table><apparatusid>3H16E</apparatusid><startdatetime>05072024 2100</startdatetime><enddatetime>05082024 0700</enddatetime><personnelid>A22489</personnelid><radioid>6001920</radioid><vehicleid /></Table><Table><apparatusid>3H2D</apparatusid><startdatetime>05072024 1500</startdatetime><enddatetime>05082024 0100</enddatetime><personnelid>A24142</personnelid><radioid>6001331</radioid><vehicleid /></Table><Table><apparatusid>3H2E</apparatusid><startdatetime>05072024 2100</startdatetime><enddatetime>05082024 0700</enddatetime><personnelid>A10732</personnelid><radioid>6000793</radioid><vehicleid /></Table><Table><apparatusid>3H3D</apparatusid><startdatetime>05072024 1400</startdatetime><enddatetime>05082024 0000</enddatetime><personnelid>A21382</personnelid><radioid>6002516</radioid><vehicleid /></Table><Table><apparatusid>3H90</apparatusid><startdatetime>05072024 1500</startdatetime><enddatetime>05082024 0100</enddatetime><personnelid>A23864</personnelid><radioid>6000524</radioid><vehicleid /></Table></CADRosterView>